{
"type": "FeatureCollection",
"name": "kec_semarang",
"crs": { "type": "name", "properties": { "name": "urn:ogc:def:crs:OGC:1.3:CRS84" } },
"features": [
{ "type": "Feature", "properties": { "KDCPUM": "33.74.05", "NAMOBJ": "Genuk", "kec_id": "kec_05" }, "geometry": { "type": "MultiPolygon", "coordinates": [ [ [ [ 110.474010709000027, -6.982804957999974, 0.0 ], [ 110.474008084, -6.982802654000011, 0.0 ], [ 110.473107883000011, -6.982012381, 0.0 ], [ 110.471648841999979, -6.980706076, 0.0 ], [ 110.470387890999973, -6.979578778000018, 0.0 ], [ 110.469341053, -6.978647152, 0.0 ], [ 110.469178939000017, -6.978502877999972, 0.0 ], [ 110.469170653, -6.978495504000023, 0.0 ], [ 110.469161344999975, -6.978487221000023, 0.0 ], [ 110.468044744, -6.97749349999998, 0.0 ], [ 110.465624320000018, -6.975340475999985, 0.0 ], [ 110.463339205000011, -6.973293898, 0.0 ], [ 110.461237655, -6.971440807000022, 0.0 ], [ 110.461191066000026, -6.971399698000027, 0.0 ], [ 110.459126464, -6.96957802999998, 0.0 ], [ 110.45710230200001, -6.967744338999978, 0.0 ], [ 110.454807578999976, -6.96570737899998, 0.0 ], [ 110.453512903999979, -6.964536512999985, 0.0 ], [ 110.451228975, -6.962527588, 0.0 ], [ 110.451268081000023, -6.962414740999975, 0.0 ], [ 110.451305692, -6.962280331999978, 0.0 ], [ 110.451327979999974, -6.962199962999989, 0.0 ], [ 110.451351618, -6.962122508, 0.0 ], [ 110.451383706, -6.961994883999978, 0.0 ], [ 110.451421639999978, -6.96178934400001, 0.0 ], [ 110.451454364000028, -6.961573706000024, 0.0 ], [ 110.451462209, -6.961450118000016, 0.0 ], [ 110.451482019000025, -6.961137983000015, 0.0 ], [ 110.451485494, -6.961083217, 0.0 ], [ 110.451486640999974, -6.961018814, 0.0 ], [ 110.451496029, -6.960491597999976, 0.0 ], [ 110.451501840999981, -6.960165173, 0.0 ], [ 110.451523488000021, -6.958784558, 0.0 ], [ 110.451534848999984, -6.958059965000018, 0.0 ], [ 110.451544865000017, -6.957657247999975, 0.0 ], [ 110.451552966, -6.957262166000021, 0.0 ], [ 110.451556962999973, -6.957109479, 0.0 ], [ 110.451557338999976, -6.957086386000014, 0.0 ], [ 110.45155734399998, -6.957086021, 0.0 ], [ 110.45155816, -6.957035672000018, 0.0 ], [ 110.451567248, -6.956475816000022, 0.0 ], [ 110.451571054999988, -6.95551423500001, 0.0 ], [ 110.45157265, -6.955111134, 0.0 ], [ 110.451570100000026, -6.954895615999988, 0.0 ], [ 110.451569172, -6.954817197000011, 0.0 ], [ 110.451525690999972, -6.954463358, 0.0 ], [ 110.451512405000017, -6.954355236000026, 0.0 ], [ 110.451400165999985, -6.953960015, 0.0 ], [ 110.451352655, -6.953751916999977, 0.0 ], [ 110.451228956000023, -6.953356682, 0.0 ], [ 110.451129856000023, -6.953161882000018, 0.0 ], [ 110.450780849000012, -6.952693857999975, 0.0 ], [ 110.450509258000011, -6.95239324, 0.0 ], [ 110.450134014000014, -6.952097606999985, 0.0 ], [ 110.449551771000017, -6.951806815, 0.0 ], [ 110.449051610000026, -6.95156001700002, 0.0 ], [ 110.448808793000012, -6.951441171999988, 0.0 ], [ 110.448734466000019, -6.951371516, 0.0 ], [ 110.449041065000017, -6.951352725999982, 0.0 ], [ 110.449132354000028, -6.951316361000011, 0.0 ], [ 110.449219323000023, -6.951333907, 0.0 ], [ 110.449317119, -6.951377451999974, 0.0 ], [ 110.449361377, -6.951399580999976, 0.0 ], [ 110.449391358000014, -6.951401722000014, 0.0 ], [ 110.449412773, -6.951376024000012, 0.0 ], [ 110.449472736000018, -6.951295360000017, 0.0 ], [ 110.449569103999977, -6.951184715000011, 0.0 ], [ 110.449811808999982, -6.950905604000013, 0.0 ], [ 110.449851783999975, -6.950817802000017, 0.0 ], [ 110.449878195999986, -6.950778540999977, 0.0 ], [ 110.449951006999981, -6.950739994, 0.0 ], [ 110.450053799999978, -6.950666469, 0.0 ], [ 110.450089492000018, -6.950631491000024, 0.0 ], [ 110.450129467000011, -6.950607934, 0.0 ], [ 110.450183719, -6.950566531, 0.0 ], [ 110.45025653, -6.950490151, 0.0 ], [ 110.450287225000011, -6.950454459000014, 0.0 ], [ 110.450328628000022, -6.950389498999982, 0.0 ], [ 110.450334339, -6.950368084, 0.0 ], [ 110.450324345000013, -6.950317402, 0.0 ], [ 110.450304357, -6.950256012000011, 0.0 ], [ 110.450286511, -6.95019462099998, 0.0 ], [ 110.450296504999983, -6.950157502000025, 0.0 ], [ 110.450344331999986, -6.950100395, 0.0 ], [ 110.450373006, -6.950074229999984, 0.0 ], [ 110.450389611999981, -6.950059077, 0.0 ], [ 110.450401439000018, -6.95004828499998, 0.0 ], [ 110.450410389000012, -6.950059077, 0.0 ], [ 110.450422955000022, -6.950074229999984, 0.0 ], [ 110.45042571, -6.950077551999982, 0.0 ], [ 110.450449979999973, -6.950120382000023, 0.0 ], [ 110.450511370000015, -6.950181772, 0.0 ], [ 110.450527075000025, -6.950211754, 0.0 ], [ 110.450534213000026, -6.95023388300001, 0.0 ], [ 110.450577757000019, -6.950264577999974, 0.0 ], [ 110.450606919, -6.950262634000012, 0.0 ], [ 110.450650569, -6.950281710000013, 0.0 ], [ 110.450729091000028, -6.950338816999988, 0.0 ], [ 110.450784770999974, -6.95038450200002, 0.0 ], [ 110.450849016, -6.950430187999984, 0.0 ], [ 110.45090041200001, -6.950481583999988, 0.0 ], [ 110.450952178000023, -6.950558742999988, 0.0 ], [ 110.450976078999986, -6.950612931000023, 0.0 ], [ 110.451002491, -6.950646480999978, 0.0 ], [ 110.451053794000018, -6.950646641999981, 0.0 ], [ 110.451141345, -6.950800152999989, 0.0 ], [ 110.451197369, -6.950877764999973, 0.0 ], [ 110.451283744000023, -6.951006256000028, 0.0 ], [ 110.451347989, -6.951108335000015, 0.0 ], [ 110.451416516999984, -6.951211840999974, 0.0 ], [ 110.451456491999977, -6.951269662000016, 0.0 ], [ 110.45151003, -6.951334621, 0.0 ], [ 110.451525021, -6.951368885000022, 0.0 ], [ 110.45154358100001, -6.951407432999986, 0.0 ], [ 110.45158998, -6.95149380700002, 0.0 ], [ 110.451611394999986, -6.951546630999985, 0.0 ], [ 110.451657795000017, -6.951630150000028, 0.0 ], [ 110.451713473999973, -6.951718665999977, 0.0 ], [ 110.451768440000023, -6.951805041, 0.0 ], [ 110.451814125, -6.951891414999977, 0.0 ], [ 110.451846247999981, -6.951955661, 0.0 ], [ 110.451883367999983, -6.952030614000023, 0.0 ], [ 110.451915489999976, -6.95212555400002, 0.0 ], [ 110.451941901999987, -6.952169812000022, 0.0 ], [ 110.451959747999979, -6.952196937999986, 0.0 ], [ 110.451976167, -6.952220495, 0.0 ], [ 110.45200971700001, -6.952210501000025, 0.0 ], [ 110.452036842999973, -6.952217639000025, 0.0 ], [ 110.452073249000023, -6.952261897000028, 0.0 ], [ 110.451990443, -6.952326143, 0.0 ], [ 110.451991157, -6.952361834999977, 0.0 ], [ 110.45201328600001, -6.952451778000011, 0.0 ], [ 110.452036129000021, -6.952494608, 0.0 ], [ 110.45205683, -6.952511741000023, 0.0 ], [ 110.452081814999985, -6.95254315, 0.0 ], [ 110.452096091999977, -6.95258383800001, 0.0 ], [ 110.452097519, -6.952616675, 0.0 ], [ 110.452124645000026, -6.952687345000015, 0.0 ], [ 110.452170331, -6.952770864, 0.0 ], [ 110.452246710999987, -6.952876511999989, 0.0 ], [ 110.452308814999981, -6.952938615999983, 0.0 ], [ 110.452373061, -6.952982873999986, 0.0 ], [ 110.45247585300001, -6.953018566000026, 0.0 ], [ 110.452590781000026, -6.953054258, 0.0 ], [ 110.452652688, -6.953071282, 0.0 ], [ 110.452750681, -6.953097802, 0.0 ], [ 110.452814213000011, -6.953105654000012, 0.0 ], [ 110.452897017999987, -6.953097802, 0.0 ], [ 110.453001238000013, -6.95307139, 0.0 ], [ 110.453100462, -6.953042836, 0.0 ], [ 110.45324180199998, -6.952998578, 0.0 ], [ 110.45342993600002, -6.952936519, 0.0 ], [ 110.453714607999984, -6.952870712999982, 0.0 ], [ 110.45386843, -6.952832476000026, 0.0 ], [ 110.453954212999975, -6.952821546, 0.0 ], [ 110.454049546000022, -6.952787452999985, 0.0 ], [ 110.45409794, -6.952775423, 0.0 ], [ 110.454161968999983, -6.952741952999986, 0.0 ], [ 110.454228594000028, -6.95270388199998, 0.0 ], [ 110.454259526999977, -6.952720538, 0.0 ], [ 110.454317823999986, -6.952818095999987, 0.0 ], [ 110.454365997000025, -6.952948049999975, 0.0 ], [ 110.45445464300002, -6.953052473000014, 0.0 ], [ 110.454559339000014, -6.953144082, 0.0 ], [ 110.454746302, -6.953283242, 0.0 ], [ 110.454844539000021, -6.953369824999982, 0.0 ], [ 110.455256521000024, -6.953629492, 0.0 ], [ 110.455459964999989, -6.953895992000014, 0.0 ], [ 110.455524211000011, -6.953985221999972, 0.0 ], [ 110.455561091999982, -6.954019723999977, 0.0 ], [ 110.455607492000013, -6.954042329, 0.0 ], [ 110.455695532, -6.954031621000013, 0.0 ], [ 110.455844248, -6.95397094499998, 0.0 ], [ 110.455993567, -6.953926395, 0.0 ], [ 110.456504646999974, -6.953781118, 0.0 ], [ 110.457469362999973, -6.95346328, 0.0 ], [ 110.457737912000027, -6.953334853, 0.0 ], [ 110.457868217999987, -6.95325980299998, 0.0 ], [ 110.457950071000027, -6.953155106999986, 0.0 ], [ 110.458006563000026, -6.952990522999983, 0.0 ], [ 110.458141173, -6.952569453000024, 0.0 ], [ 110.458314083, -6.952167573999986, 0.0 ], [ 110.458344109999985, -6.952096723000011, 0.0 ], [ 110.457751514, -6.951760601999979, 0.0 ], [ 110.457354254, -6.951540881000028, 0.0 ], [ 110.45662138, -6.950958389, 0.0 ], [ 110.456531912, -6.950956485, 0.0 ], [ 110.456415795, -6.950990749000027, 0.0 ], [ 110.456333941000025, -6.951045953, 0.0 ], [ 110.456280640999978, -6.951093542000024, 0.0 ], [ 110.456233052000016, -6.951080217000026, 0.0 ], [ 110.45613025900002, -6.951007882, 0.0 ], [ 110.456073624999988, -6.950958776, 0.0 ], [ 110.456013035000012, -6.950806909999983, 0.0 ], [ 110.456038888000023, -6.950663336, 0.0 ], [ 110.456050246000018, -6.950560961, 0.0 ], [ 110.456077328999982, -6.950482728, 0.0 ], [ 110.456150950999984, -6.950365321999982, 0.0 ], [ 110.456419337, -6.950250751, 0.0 ], [ 110.456547140999987, -6.950295946999972, 0.0 ], [ 110.456623283999988, -6.950335922000022, 0.0 ], [ 110.456714654999985, -6.950364475000015, 0.0 ], [ 110.456786991, -6.950366379, 0.0 ], [ 110.456853615999989, -6.950354958, 0.0 ], [ 110.456905012, -6.950358764999976, 0.0 ], [ 110.456954505, -6.950381607, 0.0 ], [ 110.456979251, -6.950450135999972, 0.0 ], [ 110.457000189999974, -6.950509147, 0.0 ], [ 110.457030647000011, -6.950522471999989, 0.0 ], [ 110.457055394, -6.950505339000017, 0.0 ], [ 110.45716009, -6.950406354, 0.0 ], [ 110.457339026, -6.950227418, 0.0 ], [ 110.457467822000012, -6.950074229999984, 0.0 ], [ 110.457480562, -6.950059077, 0.0 ], [ 110.458106579, -6.949314502999982, 0.0 ], [ 110.458204436000017, -6.949162054, 0.0 ], [ 110.458225851, -6.949079962999974, 0.0 ], [ 110.458190159000026, -6.948876519, 0.0 ], [ 110.458143759, -6.948708767000028, 0.0 ], [ 110.458030747, -6.94860599499998, 0.0 ], [ 110.457892726000011, -6.948395867999977, 0.0 ], [ 110.457554843000025, -6.948611208999978, 0.0 ], [ 110.457111989, -6.947762496, 0.0 ], [ 110.456943320999983, -6.947410771000023, 0.0 ], [ 110.456921906, -6.947341767000012, 0.0 ], [ 110.456934993, -6.947314403, 0.0 ], [ 110.45717769800001, -6.947201378999978, 0.0 ], [ 110.45757714299998, -6.94697921, 0.0 ], [ 110.457590535, -6.946971760999986, 0.0 ], [ 110.45769642099998, -6.946934879000025, 0.0 ], [ 110.45773211300002, -6.946947965999982, 0.0 ], [ 110.457890795000026, -6.947221867999986, 0.0 ], [ 110.458332761, -6.947917674, 0.0 ], [ 110.458430484000019, -6.948071072, 0.0 ], [ 110.458499489000019, -6.948126989, 0.0 ], [ 110.458548268000015, -6.948172199, 0.0 ], [ 110.458558975000017, -6.948245961999987, 0.0 ], [ 110.45853993999998, -6.948330433000024, 0.0 ], [ 110.458542384999987, -6.948431314, 0.0 ], [ 110.458548026000017, -6.948664026000017, 0.0 ], [ 110.458542319, -6.948768254000015, 0.0 ], [ 110.458556596, -6.948808703999987, 0.0 ], [ 110.45858039, -6.948846775999982, 0.0 ], [ 110.458598236, -6.948853913999983, 0.0 ], [ 110.458632739, -6.948843206999982, 0.0 ], [ 110.458934553, -6.948625274, 0.0 ], [ 110.459071458999972, -6.948526416999982, 0.0 ], [ 110.459229466000011, -6.948418286, 0.0 ], [ 110.45933111, -6.948372072999973, 0.0 ], [ 110.459486965, -6.94825548, 0.0 ], [ 110.459785587, -6.948011585000017, 0.0 ], [ 110.459826038000017, -6.947998498, 0.0 ], [ 110.460014016, -6.948086537999984, 0.0 ], [ 110.46008976600001, -6.948143277999975, 0.0 ], [ 110.460326915, -6.948320915000011, 0.0 ], [ 110.460448267, -6.948447026, 0.0 ], [ 110.460708875000023, -6.948586158000012, 0.0 ], [ 110.461009424999986, -6.948840865000022, 0.0 ], [ 110.461051461000011, -6.948925298, 0.0 ], [ 110.461103809, -6.948982404999981, 0.0 ], [ 110.461171622999984, -6.949022856, 0.0 ], [ 110.461225161000016, -6.949083531999975, 0.0 ], [ 110.46127513, -6.94913707, 0.0 ], [ 110.461326288, -6.94916086500001, 0.0 ], [ 110.461379825999984, -6.949206074000017, 0.0 ], [ 110.461462263999977, -6.949248538, 0.0 ], [ 110.461552337, -6.949310771, 0.0 ], [ 110.461600783999984, -6.949350676, 0.0 ], [ 110.461652163, -6.949376418999975, 0.0 ], [ 110.461809319, -6.949497558000019, 0.0 ], [ 110.461923496999987, -6.949328707, 0.0 ], [ 110.462210963000018, -6.948861979000014, 0.0 ], [ 110.46226165500002, -6.948779675000026, 0.0 ], [ 110.462370158, -6.948638811000023, 0.0 ], [ 110.462429169000018, -6.948604547, 0.0 ], [ 110.462747064999974, -6.948141979000013, 0.0 ], [ 110.462831199999982, -6.948035861, 0.0 ], [ 110.463124376, -6.947666082000012, 0.0 ], [ 110.463295292, -6.947582329999989, 0.0 ], [ 110.463625402, -6.947215025999981, 0.0 ], [ 110.464073852000013, -6.946676231000026, 0.0 ], [ 110.464416673000017, -6.946259129, 0.0 ], [ 110.464513101000023, -6.946158223, 0.0 ], [ 110.464653489, -6.945999988999972, 0.0 ], [ 110.464730820999989, -6.945933363999984, 0.0 ], [ 110.464783168999986, -6.945903620000024, 0.0 ], [ 110.464834328, -6.94590481, 0.0 ], [ 110.464865261, -6.945915518, 0.0 ], [ 110.464893814, -6.94590956899998, 0.0 ], [ 110.464929505999976, -6.94588339500001, 0.0 ], [ 110.464961629000015, -6.945816770000022, 0.0 ], [ 110.464962582, -6.945814686, 0.0 ], [ 110.464980664999985, -6.945775130000015, 0.0 ], [ 110.465017546000013, -6.945745386, 0.0 ], [ 110.465066325, -6.945738248, 0.0 ], [ 110.46513889900001, -6.94573348900002, 0.0 ], [ 110.465212662, -6.945756093999989, 0.0 ], [ 110.465407184000014, -6.94521576, 0.0 ], [ 110.464713919000019, -6.945004068, 0.0 ], [ 110.463708328999985, -6.944691800999976, 0.0 ], [ 110.463100343, -6.944365620999974, 0.0 ], [ 110.462760738999975, -6.943924865999975, 0.0 ], [ 110.461593667999978, -6.942396605, 0.0 ], [ 110.460388299999977, -6.940853939000021, 0.0 ], [ 110.460098125, -6.94045789, 0.0 ], [ 110.459940311000025, -6.940227951999987, 0.0 ], [ 110.459839906000013, -6.940062699, 0.0 ], [ 110.459689242000024, -6.939865079000015, 0.0 ], [ 110.459606759, -6.939735745, 0.0 ], [ 110.459495483000012, -6.939653049000015, 0.0 ], [ 110.459409395000023, -6.939534482, 0.0 ], [ 110.459280283, -6.939340475999984, 0.0 ], [ 110.459169079999981, -6.93919316, 0.0 ], [ 110.459133232, -6.939124909999975, 0.0 ], [ 110.459334569000021, -6.93899231, 0.0 ], [ 110.459715695999989, -6.938719906000017, 0.0 ], [ 110.459924238999974, -6.938569363999989, 0.0 ], [ 110.460240682, -6.938311246000012, 0.0 ], [ 110.460251501000016, -6.938275358, 0.0 ], [ 110.460172619, -6.938138848999984, 0.0 ], [ 110.460115214999973, -6.938070574, 0.0 ], [ 110.460079291999989, -6.938045172999978, 0.0 ], [ 110.460032572999978, -6.938081249999982, 0.0 ], [ 110.45993189, -6.938160115000017, 0.0 ], [ 110.459777265000014, -6.938285588999975, 0.0 ], [ 110.459588171, -6.938417797, 0.0 ], [ 110.459448259, -6.938247903, 0.0 ], [ 110.459425415999988, -6.938260752000019, 0.0 ], [ 110.459322623999981, -6.938135117, 0.0 ], [ 110.459356888, -6.938107990999981, 0.0 ], [ 110.459296925, -6.938010909000013, 0.0 ], [ 110.458683025000028, -6.938473476000013, 0.0 ], [ 110.458645400000023, -6.938456617999975, 0.0 ], [ 110.458473078999987, -6.938348722, 0.0 ], [ 110.45821117600002, -6.938036094999973, 0.0 ], [ 110.458132266, -6.937924716, 0.0 ], [ 110.458053455000027, -6.937727177, 0.0 ], [ 110.457999689000019, -6.937619416000018, 0.0 ], [ 110.457985367, -6.937567734000027, 0.0 ], [ 110.458057702000019, -6.937526806999983, 0.0 ], [ 110.458111095999982, -6.937587233999977, 0.0 ], [ 110.458193623, -6.937677076999989, 0.0 ], [ 110.458233043, -6.937763282, 0.0 ], [ 110.458246949, -6.937795806999986, 0.0 ], [ 110.458259005, -6.937890983999978, 0.0 ], [ 110.458357514, -6.938010909000013, 0.0 ], [ 110.458484576999979, -6.938183658000014, 0.0 ], [ 110.458570238, -6.938249331, 0.0 ], [ 110.458644477, -6.938269317999982, 0.0 ], [ 110.458678742000018, -6.938269317999982, 0.0 ], [ 110.458740132, -6.938240764999989, 0.0 ], [ 110.45894044, -6.938065646999974, 0.0 ], [ 110.458994373999985, -6.938026219, 0.0 ], [ 110.459120180000014, -6.937968921999982, 0.0 ], [ 110.459217298999988, -6.937864924, 0.0 ], [ 110.459274855, -6.93780037, 0.0 ], [ 110.45930008, -6.937732188999973, 0.0 ], [ 110.459303759000022, -6.937656802999982, 0.0 ], [ 110.459336125, -6.93762812, 0.0 ], [ 110.459307442000011, -6.937577827999974, 0.0 ], [ 110.459264372, -6.93754187899998, 0.0 ], [ 110.459311161000016, -6.937466543000028, 0.0 ], [ 110.45942263, -6.937380511000015, 0.0 ], [ 110.459480238000026, -6.937269287, 0.0 ], [ 110.459426525000026, -6.937114856999983, 0.0 ], [ 110.459379945000023, -6.937007103999974, 0.0 ], [ 110.459315393, -6.936906511000018, 0.0 ], [ 110.459275923, -6.936863387000017, 0.0 ], [ 110.459053215999973, -6.936834412999985, 0.0 ], [ 110.458966965, -6.936859444999982, 0.0 ], [ 110.458851974000027, -6.936884443, 0.0 ], [ 110.458801632000018, -6.93692387599998, 0.0 ], [ 110.458708249999972, -6.936902229, 0.0 ], [ 110.458632822000027, -6.936887784000021, 0.0 ], [ 110.458578916000022, -6.936902082000017, 0.0 ], [ 110.458499825999979, -6.936948660999974, 0.0 ], [ 110.458409983000024, -6.936973689000013, 0.0 ], [ 110.45840287599998, -6.936905470999989, 0.0 ], [ 110.458410147, -6.93683009, 0.0 ], [ 110.458464048, -6.936819381000021, 0.0 ], [ 110.458561096999972, -6.936776411999972, 0.0 ], [ 110.458615010000017, -6.936754934000021, 0.0 ], [ 110.45873717500001, -6.936740713, 0.0 ], [ 110.458880878, -6.936740876999977, 0.0 ], [ 110.459067679999976, -6.936751860000015, 0.0 ], [ 110.459143141000027, -6.936737586, 0.0 ], [ 110.459229461, -6.936651525, 0.0 ], [ 110.459222399, -6.936543818000018, 0.0 ], [ 110.459193723999988, -6.936486345, 0.0 ], [ 110.459161887999983, -6.936422537999988, 0.0 ], [ 110.458946282, -6.936094755999989, 0.0 ], [ 110.458888924, -6.935986991, 0.0 ], [ 110.458835066, -6.935926702000017, 0.0 ], [ 110.45881004, -6.935920313999986, 0.0 ], [ 110.458782199999973, -6.935921028, 0.0 ], [ 110.458734521, -6.935918605999973, 0.0 ], [ 110.458677100999978, -6.935864690000017, 0.0 ], [ 110.458700952000015, -6.9357867, 0.0 ], [ 110.458701388, -6.935778070000026, 0.0 ], [ 110.458694714999979, -6.935749586999975, 0.0 ], [ 110.458644991000028, -6.935669, 0.0 ], [ 110.45860194, -6.935616896, 0.0 ], [ 110.458512338, -6.935430114999974, 0.0 ], [ 110.458533547, -6.93537518, 0.0 ], [ 110.458551393, -6.935333539, 0.0 ], [ 110.458566395, -6.935282987999983, 0.0 ], [ 110.45852693400002, -6.935232682999981, 0.0 ], [ 110.458490988, -6.935250591999989, 0.0 ], [ 110.458419030000016, -6.935343849, 0.0 ], [ 110.458357841, -6.935444298999982, 0.0 ], [ 110.458246315999986, -6.935580591000019, 0.0 ], [ 110.458159982999973, -6.935677422000026, 0.0 ], [ 110.458102424, -6.93574556599998, 0.0 ], [ 110.458052124, -6.935749097999974, 0.0 ], [ 110.458077934000016, -6.935714615999984, 0.0 ], [ 110.458155620000014, -6.935638596999979, 0.0 ], [ 110.458266423999987, -6.935505176999982, 0.0 ], [ 110.458359988999973, -6.935367428, 0.0 ], [ 110.458426202, -6.935271291999982, 0.0 ], [ 110.458482324999977, -6.935202429000014, 0.0 ], [ 110.458499601000028, -6.935175164999976, 0.0 ], [ 110.458568758000013, -6.935017284000025, 0.0 ], [ 110.458668077000027, -6.934873799, 0.0 ], [ 110.458727077, -6.934802065999975, 0.0 ], [ 110.458872349999979, -6.934685917000024, 0.0 ], [ 110.458963021999978, -6.934563960999981, 0.0 ], [ 110.459058567, -6.934474169999987, 0.0 ], [ 110.459289297999987, -6.934291943, 0.0 ], [ 110.459440544000017, -6.934188125, 0.0 ], [ 110.459534018, -6.934129356000028, 0.0 ], [ 110.459598729, -6.934090658, 0.0 ], [ 110.459657674000027, -6.934066313000017, 0.0 ], [ 110.459677796, -6.934063464000019, 0.0 ], [ 110.459697217999974, -6.93408847500001, 0.0 ], [ 110.459711707, -6.93409505, 0.0 ], [ 110.459730148, -6.934089696, 0.0 ], [ 110.45976979, -6.934042029000011, 0.0 ], [ 110.459815816, -6.934006180999972, 0.0 ], [ 110.459913589, -6.933957469, 0.0 ], [ 110.459992655, -6.933931711000014, 0.0 ], [ 110.460057344, -6.93391168, 0.0 ], [ 110.460123486999976, -6.933877291999977, 0.0 ], [ 110.460183899000015, -6.93382710100002, 0.0 ], [ 110.460271589, -6.933799916999988, 0.0 ], [ 110.460370818, -6.933770252999977, 0.0 ], [ 110.460433278999972, -6.933756571, 0.0 ], [ 110.460516559999974, -6.933745864, 0.0 ], [ 110.460615307000012, -6.933741699999985, 0.0 ], [ 110.460665871, -6.93375062299998, 0.0 ], [ 110.460702753000021, -6.933765494, 0.0 ], [ 110.460725952000018, -6.93378334, 0.0 ], [ 110.460754652, -6.933820029, 0.0 ], [ 110.460775228999978, -6.933833516999982, 0.0 ], [ 110.46091308299998, -6.933921987000019, 0.0 ], [ 110.460935337000024, -6.933939243999987, 0.0 ], [ 110.460943172999976, -6.933953210000027, 0.0 ], [ 110.460947166999972, -6.933967922000022, 0.0 ], [ 110.460942234000015, -6.933982140000012, 0.0 ], [ 110.460935518999975, -6.933989790999988, 0.0 ], [ 110.460925912999983, -6.934012756000016, 0.0 ], [ 110.460920117, -6.934054872, 0.0 ], [ 110.460925831999987, -6.934083597999972, 0.0 ], [ 110.460941154000011, -6.934089358999984, 0.0 ], [ 110.460975296000015, -6.934080273, 0.0 ], [ 110.461004202000026, -6.934081459000026, 0.0 ], [ 110.461017903000027, -6.934091544000012, 0.0 ], [ 110.461029268, -6.93411052, 0.0 ], [ 110.461056036, -6.934160331999976, 0.0 ], [ 110.461067484000012, -6.934202466999977, 0.0 ], [ 110.461065527000017, -6.934238844, 0.0 ], [ 110.46106549000001, -6.934271393000017, 0.0 ], [ 110.461078875999988, -6.934294384, 0.0 ], [ 110.461107575000028, -6.934330795, 0.0 ], [ 110.461149692999982, -6.934361476999982, 0.0 ], [ 110.461182257000019, -6.934369173, 0.0 ], [ 110.461220857, -6.934365094999976, 0.0 ], [ 110.461262762999979, -6.934340544, 0.0 ], [ 110.461310710000021, -6.934300391000022, 0.0 ], [ 110.461309578, -6.934261613, 0.0 ], [ 110.46130473300002, -6.934243028000026, 0.0 ], [ 110.461290443, -6.934223057999986, 0.0 ], [ 110.461251434000019, -6.934193102999984, 0.0 ], [ 110.461238036999987, -6.934179685, 0.0 ], [ 110.461222745999976, -6.934147118, 0.0 ], [ 110.461215121, -6.934112646000017, 0.0 ], [ 110.461197914000024, -6.934080076999976, 0.0 ], [ 110.461163452999983, -6.934055148000027, 0.0 ], [ 110.461129014999983, -6.934011071999976, 0.0 ], [ 110.461111824999989, -6.933963186000028, 0.0 ], [ 110.46110803, -6.933930632, 0.0 ], [ 110.461121472, -6.933903842, 0.0 ], [ 110.461150233000012, -6.933886643, 0.0 ], [ 110.461203903000012, -6.933867556999985, 0.0 ], [ 110.461236461, -6.933880997000017, 0.0 ], [ 110.461253656999986, -6.933923139, 0.0 ], [ 110.461290023, -6.933957643999975, 0.0 ], [ 110.461342923000018, -6.933987117000015, 0.0 ], [ 110.461386388, -6.934025632999976, 0.0 ], [ 110.46140871, -6.934051597, 0.0 ], [ 110.461469955999974, -6.934111019999989, 0.0 ], [ 110.461531202, -6.934170444000017, 0.0 ], [ 110.461565646999986, -6.934208776, 0.0 ], [ 110.46161731, -6.934270104, 0.0 ], [ 110.461638354, -6.934298848000026, 0.0 ], [ 110.461674698000024, -6.934352499, 0.0 ], [ 110.46169383, -6.934377411000014, 0.0 ], [ 110.46175338, -6.934465389000025, 0.0 ], [ 110.461854744999982, -6.934579602999975, 0.0 ], [ 110.461990431, -6.934716642000012, 0.0 ], [ 110.462148093, -6.934868557000016, 0.0 ], [ 110.462135940999985, -6.935024108999983, 0.0 ], [ 110.462165777999985, -6.935113892, 0.0 ], [ 110.462291328, -6.935281566000015, 0.0 ], [ 110.462530534, -6.935545102, 0.0 ], [ 110.462883262, -6.936024165999982, 0.0 ], [ 110.463260057000014, -6.93640154000002, 0.0 ], [ 110.463493229999983, -6.936706951000019, 0.0 ], [ 110.464507723999986, -6.937990930000012, 0.0 ], [ 110.46589259000001, -6.939658241000018, 0.0 ], [ 110.466531154, -6.940477475000023, 0.0 ], [ 110.466666700000019, -6.940633285, 0.0 ], [ 110.466865964000021, -6.940925271000026, 0.0 ], [ 110.467285144000016, -6.941467746, 0.0 ], [ 110.467865647999986, -6.942241669999987, 0.0 ], [ 110.468426199000021, -6.942752768999981, 0.0 ], [ 110.469164912, -6.943133032, 0.0 ], [ 110.469594855000025, -6.943299401, 0.0 ], [ 110.470175286000028, -6.94349749700001, 0.0 ], [ 110.470498191, -6.943627201000027, 0.0 ], [ 110.471074260000023, -6.943800370000019, 0.0 ], [ 110.471664884, -6.94403889199998, 0.0 ], [ 110.472337805999985, -6.944276608999985, 0.0 ], [ 110.472853253999972, -6.944447981999986, 0.0 ], [ 110.473643295999977, -6.944717975, 0.0 ], [ 110.475007358000028, -6.945176517, 0.0 ], [ 110.475715536999985, -6.945442770999989, 0.0 ], [ 110.476849706999985, -6.94582912300001, 0.0 ], [ 110.477416473, -6.946020764000025, 0.0 ], [ 110.478986432999989, -6.946567019999975, 0.0 ], [ 110.479341424999973, -6.946614475, 0.0 ], [ 110.480185962, -6.946397809000018, 0.0 ], [ 110.480942261999985, -6.946686913, 0.0 ], [ 110.481624975999978, -6.946884918000023, 0.0 ], [ 110.482598091999989, -6.947199637999972, 0.0 ], [ 110.483377572999984, -6.947476930999983, 0.0 ], [ 110.484230487, -6.947780147, 0.0 ], [ 110.485098149, -6.94810852400002, 0.0 ], [ 110.485491651000018, -6.948381956999981, 0.0 ], [ 110.485646649999978, -6.948400671, 0.0 ], [ 110.485738181999977, -6.948411722, 0.0 ], [ 110.486404430999983, -6.947531320999985, 0.0 ], [ 110.486975501000018, -6.946579537, 0.0 ], [ 110.487078313999973, -6.946432023, 0.0 ], [ 110.487134851, -6.946442574, 0.0 ], [ 110.488399969999989, -6.946648718, 0.0 ], [ 110.488426678999986, -6.946671004, 0.0 ], [ 110.488453387999982, -6.946693290999974, 0.0 ], [ 110.488413762, -6.947000319999972, 0.0 ], [ 110.488204592999978, -6.948621017, 0.0 ], [ 110.488203946999988, -6.948626024000021, 0.0 ], [ 110.4882033, -6.948631034000016, 0.0 ], [ 110.488640703999977, -6.948472773, 0.0 ], [ 110.488885111, -6.948384341, 0.0 ], [ 110.489512478999984, -6.948157347, 0.0 ], [ 110.489656517000014, -6.948103391000018, 0.0 ], [ 110.490057622, -6.947953137000013, 0.0 ], [ 110.490525493, -6.947777872000017, 0.0 ], [ 110.491000480000025, -6.947599939999975, 0.0 ], [ 110.491043126000022, -6.947583964999978, 0.0 ], [ 110.491085772000019, -6.947567989999982, 0.0 ], [ 110.491476523000017, -6.947423889, 0.0 ], [ 110.491914474, -6.947262380999973, 0.0 ], [ 110.491998641, -6.947231342, 0.0 ], [ 110.492119011, -6.947186951, 0.0 ], [ 110.492130740999983, -6.947182624999982, 0.0 ], [ 110.492136596000023, -6.94718046600002, 0.0 ], [ 110.492136625, -6.947180456000012, 0.0 ], [ 110.492138739999973, -6.947179646, 0.0 ], [ 110.492138781999984, -6.947179660000018, 0.0 ], [ 110.492142038999987, -6.947187586999974, 0.0 ], [ 110.492181470999981, -6.947287745999972, 0.0 ], [ 110.492216106, -6.947375723999983, 0.0 ], [ 110.492208699, -6.947534800000028, 0.0 ], [ 110.492192253999974, -6.947887955, 0.0 ], [ 110.49196370300001, -6.948046044000023, 0.0 ], [ 110.491891681000027, -6.948139520999973, 0.0 ], [ 110.491766843, -6.948301547000028, 0.0 ], [ 110.491716333, -6.948367104, 0.0 ], [ 110.491695364, -6.948506415999987, 0.0 ], [ 110.491680261, -6.948591527000019, 0.0 ], [ 110.491594862999989, -6.949072743999977, 0.0 ], [ 110.491560698, -6.94926526, 0.0 ], [ 110.491380650999986, -6.950059077, 0.0 ], [ 110.491377214000011, -6.950074229999984, 0.0 ], [ 110.491345277999983, -6.950215033, 0.0 ], [ 110.491181343, -6.950765954000019, 0.0 ], [ 110.491194706999977, -6.951343421, 0.0 ], [ 110.491191979, -6.951347438000028, 0.0 ], [ 110.49118925099998, -6.951351456, 0.0 ], [ 110.491162444999986, -6.951390931999981, 0.0 ], [ 110.490896188000022, -6.95178304, 0.0 ], [ 110.490891848999979, -6.951789428999973, 0.0 ], [ 110.490654963, -6.952310926, 0.0 ], [ 110.490479101, -6.95269808, 0.0 ], [ 110.49019289, -6.953281716999982, 0.0 ], [ 110.49021015400001, -6.953357359999984, 0.0 ], [ 110.490265603000012, -6.953600310000013, 0.0 ], [ 110.490248695, -6.953665295, 0.0 ], [ 110.490226703000019, -6.953749817000016, 0.0 ], [ 110.490028946999985, -6.954509863999988, 0.0 ], [ 110.489979084000026, -6.954835592, 0.0 ], [ 110.489976581, -6.954851942, 0.0 ], [ 110.490010308000024, -6.954953407, 0.0 ], [ 110.490033746, -6.954989613, 0.0 ], [ 110.490057182999976, -6.955025816999978, 0.0 ], [ 110.490208005999989, -6.955131651999977, 0.0 ], [ 110.490225353000028, -6.955143824, 0.0 ], [ 110.490359883, -6.955116248000024, 0.0 ], [ 110.490489803, -6.955104831000028, 0.0 ], [ 110.490530707, -6.955094534000011, 0.0 ], [ 110.490571611, -6.955084237999984, 0.0 ], [ 110.491082931999983, -6.954990587, 0.0 ], [ 110.491815429999974, -6.95482353, 0.0 ], [ 110.492648915000018, -6.954594171, 0.0 ], [ 110.493382715, -6.954401463000011, 0.0 ], [ 110.493813004, -6.954273655, 0.0 ], [ 110.494950492999976, -6.953944907, 0.0 ], [ 110.495300061000023, -6.953847715, 0.0 ], [ 110.495564172, -6.953774282999973, 0.0 ], [ 110.49665159, -6.953471942000021, 0.0 ], [ 110.496847785, -6.953417393, 0.0 ], [ 110.497146296999972, -6.95333838800002, 0.0 ], [ 110.497176314, -6.953330444000017, 0.0 ], [ 110.497206330999973, -6.953322499000024, 0.0 ], [ 110.497792645, -6.953167324999981, 0.0 ], [ 110.497958552999989, -6.953121859000021, 0.0 ], [ 110.498142546, -6.953071437, 0.0 ], [ 110.498646125999983, -6.952933436000023, 0.0 ], [ 110.49865834000002, -6.952930628999979, 0.0 ], [ 110.498658377000027, -6.952930620000018, 0.0 ], [ 110.498670629, -6.952927805, 0.0 ], [ 110.498843712, -6.95288803, 0.0 ], [ 110.498852629999988, -6.952885981, 0.0 ], [ 110.498971897999979, -6.952858573000015, 0.0 ], [ 110.499252388, -6.952794116, 0.0 ], [ 110.499686042, -6.952670544, 0.0 ], [ 110.49984588, -6.952624996999987, 0.0 ], [ 110.500339552000014, -6.952484323000022, 0.0 ], [ 110.500359904999982, -6.952478523000025, 0.0 ], [ 110.500462068, -6.952449412000021, 0.0 ], [ 110.500488327000028, -6.95244193000002, 0.0 ], [ 110.500514586, -6.952434446999973, 0.0 ], [ 110.500781593999989, -6.952364002000024, 0.0 ], [ 110.50078320199998, -6.952368198999977, 0.0 ], [ 110.500784811000017, -6.952372396999976, 0.0 ], [ 110.500800362, -6.952412987, 0.0 ], [ 110.500938297, -6.952773005999973, 0.0 ], [ 110.501466718000017, -6.954091558000016, 0.0 ], [ 110.501802586, -6.955060160000016, 0.0 ], [ 110.501838551, -6.955372962000013, 0.0 ], [ 110.501884467000025, -6.955772307000018, 0.0 ], [ 110.501959328, -6.956035601, 0.0 ], [ 110.502006877999975, -6.956173318000026, 0.0 ], [ 110.502235825000014, -6.957366391999983, 0.0 ], [ 110.502529634999973, -6.957889363999982, 0.0 ], [ 110.502550025, -6.95875, 0.0 ], [ 110.501884798999981, -6.959678284, 0.0 ], [ 110.501707523, -6.959925661999989, 0.0 ], [ 110.501607976, -6.960052741000027, 0.0 ], [ 110.501583967999977, -6.960083388999976, 0.0 ], [ 110.501470541, -6.96026283499998, 0.0 ], [ 110.501288111, -6.960527878, 0.0 ], [ 110.501140406, -6.960958963, 0.0 ], [ 110.500923780999983, -6.961591191000025, 0.0 ], [ 110.500826760999985, -6.961874347, 0.0 ], [ 110.500829334, -6.961985706, 0.0 ], [ 110.50083427200002, -6.962199468999984, 0.0 ], [ 110.500867551999988, -6.96364007699998, 0.0 ], [ 110.501126885000019, -6.965085322999983, 0.0 ], [ 110.501308404999975, -6.966096924, 0.0 ], [ 110.502073110000026, -6.967477780000024, 0.0 ], [ 110.50240528, -6.968564378999986, 0.0 ], [ 110.503139486, -6.970966127999986, 0.0 ], [ 110.503155515, -6.971184128, 0.0 ], [ 110.503158819000021, -6.971229060999974, 0.0 ], [ 110.503162122, -6.971273988, 0.0 ], [ 110.503133413, -6.971669691999978, 0.0 ], [ 110.503223113999979, -6.972734522999986, 0.0 ], [ 110.503269314000022, -6.97316808, 0.0 ], [ 110.503274229999988, -6.973214214, 0.0 ], [ 110.503279145000022, -6.973260343, 0.0 ], [ 110.503175492000025, -6.974950176, 0.0 ], [ 110.503124926999988, -6.975258763, 0.0 ], [ 110.502999133, -6.97602645500001, 0.0 ], [ 110.502999317999979, -6.976293006999981, 0.0 ], [ 110.503017372999977, -6.976685034000013, 0.0 ], [ 110.502999585, -6.976968086999989, 0.0 ], [ 110.502987628000028, -6.977158342, 0.0 ], [ 110.503432652000015, -6.97752383400001, 0.0 ], [ 110.50448146399998, -6.978823907999981, 0.0 ], [ 110.504772291999984, -6.979431558999977, 0.0 ], [ 110.505225363000022, -6.979672309000023, 0.0 ], [ 110.505106074000025, -6.980104521999976, 0.0 ], [ 110.505048188999979, -6.980314253000017, 0.0 ], [ 110.504968615, -6.980514743000015, 0.0 ], [ 110.503711775, -6.980927813999983, 0.0 ], [ 110.503628257, -6.980967712, 0.0 ], [ 110.503578504000018, -6.980991479000011, 0.0 ], [ 110.503474123999979, -6.981472293000024, 0.0 ], [ 110.503379349999989, -6.981733932, 0.0 ], [ 110.503210965, -6.982198789, 0.0 ], [ 110.50299895, -6.982784093000021, 0.0 ], [ 110.502738799999975, -6.983839638, 0.0 ], [ 110.501868097999989, -6.985299989999987, 0.0 ], [ 110.501856095999983, -6.985320120999972, 0.0 ], [ 110.501844092999988, -6.985340252000015, 0.0 ], [ 110.502127931000018, -6.985475862999976, 0.0 ], [ 110.502635687, -6.985670622999976, 0.0 ], [ 110.502767286999983, -6.985758476, 0.0 ], [ 110.502898829, -6.985902717999977, 0.0 ], [ 110.50251748300002, -6.987268084999982, 0.0 ], [ 110.502511842, -6.987288283, 0.0 ], [ 110.502506202, -6.987308477, 0.0 ], [ 110.50245204700002, -6.987433408000015, 0.0 ], [ 110.502104509999981, -6.988235148, 0.0 ], [ 110.501862716, -6.988764587999981, 0.0 ], [ 110.501804838999988, -6.988895286, 0.0 ], [ 110.501548776999982, -6.989473525, 0.0 ], [ 110.501540675, -6.989491821, 0.0 ], [ 110.501532574, -6.989510114999973, 0.0 ], [ 110.501574283000025, -6.989952636, 0.0 ], [ 110.501679925000019, -6.990385713000023, 0.0 ], [ 110.501679514999978, -6.990772004, 0.0 ], [ 110.501587672000028, -6.99120033600002, 0.0 ], [ 110.501604826, -6.991520278, 0.0 ], [ 110.501614534, -6.991701351000017, 0.0 ], [ 110.501629161999972, -6.991974186, 0.0 ], [ 110.501642095000022, -6.992104789, 0.0 ], [ 110.501662722999981, -6.992313103000015, 0.0 ], [ 110.501677852, -6.992465879, 0.0 ], [ 110.501684489000013, -6.992838129, 0.0 ], [ 110.501507296999989, -6.993324868, 0.0 ], [ 110.501338249000014, -6.993789235, 0.0 ], [ 110.500794977999988, -6.994978313, 0.0 ], [ 110.500185021999982, -6.996465785999987, 0.0 ], [ 110.500176883, -6.99648563300002, 0.0 ], [ 110.500137231999986, -6.996470774999977, 0.0 ], [ 110.500054738000017, -6.996439861999988, 0.0 ], [ 110.499079040000026, -6.996204033000026, 0.0 ], [ 110.498548594999988, -6.995987061999983, 0.0 ], [ 110.498144086000025, -6.995898330999978, 0.0 ], [ 110.497937794, -6.995915503, 0.0 ], [ 110.497796481000023, -6.995732746999977, 0.0 ], [ 110.497596133, -6.995620611999982, 0.0 ], [ 110.49716014, -6.995319728000027, 0.0 ], [ 110.496788910000021, -6.995107272999974, 0.0 ], [ 110.496335304000013, -6.994735683999977, 0.0 ], [ 110.495571632, -6.994596304000027, 0.0 ], [ 110.495560989000012, -6.994591512999989, 0.0 ], [ 110.495550345000026, -6.994586722, 0.0 ], [ 110.495345945999986, -6.994494714999973, 0.0 ], [ 110.495164994999982, -6.994413262000023, 0.0 ], [ 110.495157550999977, -6.994397102999983, 0.0 ], [ 110.495150105999983, -6.994380942000021, 0.0 ], [ 110.494917991000023, -6.994583794999983, 0.0 ], [ 110.494860125, -6.994634367, 0.0 ], [ 110.494365604, -6.995376729999975, 0.0 ], [ 110.493174870000018, -6.997164232999978, 0.0 ], [ 110.492595343, -6.998034206, 0.0 ], [ 110.492065772999979, -6.998829183999987, 0.0 ], [ 110.492019599, -6.998898499, 0.0 ], [ 110.492018213999984, -6.998897269, 0.0 ], [ 110.491097034, -6.998079569000026, 0.0 ], [ 110.491001235999988, -6.997994533, 0.0 ], [ 110.489549246000024, -6.996705642, 0.0 ], [ 110.487399251999989, -6.994736628, 0.0 ], [ 110.486075379, -6.993585139, 0.0 ], [ 110.485630878999984, -6.993188420000024, 0.0 ], [ 110.484853054999974, -6.992448255, 0.0 ], [ 110.482538765000015, -6.990392064, 0.0 ], [ 110.480340392000016, -6.988490618000014, 0.0 ], [ 110.477977888, -6.986337713000012, 0.0 ], [ 110.475692676999984, -6.984281526000018, 0.0 ], [ 110.474847453999985, -6.98353952399998, 0.0 ], [ 110.474010709000027, -6.982804957999974, 0.0 ] ] ] ] } },
{ "type": "Feature", "properties": { "KDCPUM": "33.74.03", "NAMOBJ": "Semarang Timur", "kec_id": "kec_13" }, "geometry": { "type": "MultiPolygon", "coordinates": [ [ [ [ 110.440586397, -6.987520517, 0.0 ], [ 110.440582894999977, -6.987610969, 0.0 ], [ 110.440574138999978, -6.987837098, 0.0 ], [ 110.440514569000015, -6.988207894000027, 0.0 ], [ 110.440311783000027, -6.989347392000013, 0.0 ], [ 110.440216469, -6.98979955599998, 0.0 ], [ 110.439918651000028, -6.991626401000019, 0.0 ], [ 110.439684684999975, -6.992815093, 0.0 ], [ 110.439362001, -6.994788559000028, 0.0 ], [ 110.439211818999979, -6.996229744, 0.0 ], [ 110.438848998000026, -6.997128599, 0.0 ], [ 110.438799695, -6.99710667, 0.0 ], [ 110.438677668000025, -6.997051823, 0.0 ], [ 110.438577727, -6.997006904999978, 0.0 ], [ 110.438558917000023, -6.996998870000027, 0.0 ], [ 110.438181414999974, -6.996837621999987, 0.0 ], [ 110.438181385, -6.996837609000011, 0.0 ], [ 110.438153003000025, -6.996825485999977, 0.0 ], [ 110.437801907999983, -6.99668555400001, 0.0 ], [ 110.437788782999974, -6.996680323000021, 0.0 ], [ 110.437785032000022, -6.996678487, 0.0 ], [ 110.437069808999979, -6.996378967999988, 0.0 ], [ 110.435687402999974, -6.995800047999978, 0.0 ], [ 110.434336148, -6.99523417, 0.0 ], [ 110.433864668000012, -6.995036726000023, 0.0 ], [ 110.43342536199998, -6.994852751999986, 0.0 ], [ 110.432888045000027, -6.994627735, 0.0 ], [ 110.432714557999986, -6.994555081999977, 0.0 ], [ 110.432262402, -6.994365727, 0.0 ], [ 110.43220634, -6.994342249, 0.0 ], [ 110.431984033999981, -6.99424915100002, 0.0 ], [ 110.431981590000021, -6.993227005, 0.0 ], [ 110.431918042, -6.991499230999977, 0.0 ], [ 110.431861444999981, -6.990106149999974, 0.0 ], [ 110.431786838999983, -6.988866821999977, 0.0 ], [ 110.431685259, -6.987238503000015, 0.0 ], [ 110.431608959000016, -6.985528805, 0.0 ], [ 110.431607870999983, -6.985492623000027, 0.0 ], [ 110.431557664000024, -6.983493497999973, 0.0 ], [ 110.43151108, -6.981539606000013, 0.0 ], [ 110.431410341, -6.979685150000023, 0.0 ], [ 110.431376480999973, -6.979142377000016, 0.0 ], [ 110.431309883999972, -6.977830692999987, 0.0 ], [ 110.431243386, -6.976202415999978, 0.0 ], [ 110.431241472000011, -6.97614814100001, 0.0 ], [ 110.431179483, -6.97449895, 0.0 ], [ 110.431179249000024, -6.974492731, 0.0 ], [ 110.431170012999985, -6.974176127000021, 0.0 ], [ 110.431114865999973, -6.972285542, 0.0 ], [ 110.431054211, -6.970268315, 0.0 ], [ 110.431032712999979, -6.969797921, 0.0 ], [ 110.43101673000001, -6.969445126999972, 0.0 ], [ 110.430959628999972, -6.967149682000013, 0.0 ], [ 110.430959358, -6.967138735, 0.0 ], [ 110.430958449, -6.96710226, 0.0 ], [ 110.430922829999986, -6.965673023000022, 0.0 ], [ 110.430916374999981, -6.965493252999977, 0.0 ], [ 110.43087411, -6.964316133000011, 0.0 ], [ 110.43084051400001, -6.963085897999974, 0.0 ], [ 110.430782191, -6.960073662000013, 0.0 ], [ 110.430722514000024, -6.958418256000016, 0.0 ], [ 110.430592108999974, -6.953949600999977, 0.0 ], [ 110.431307274, -6.953932367999982, 0.0 ], [ 110.434008533999986, -6.953031049, 0.0 ], [ 110.43470112, -6.952733373, 0.0 ], [ 110.435558693000019, -6.952381619, 0.0 ], [ 110.436619996, -6.951749694, 0.0 ], [ 110.437413361999972, -6.951388813999984, 0.0 ], [ 110.437820663000025, -6.951199342, 0.0 ], [ 110.438410197999985, -6.950964855999985, 0.0 ], [ 110.43873259999998, -6.950802416999977, 0.0 ], [ 110.438944873000025, -6.950712212999974, 0.0 ], [ 110.439349051000022, -6.950531781, 0.0 ], [ 110.43972519, -6.950378451, 0.0 ], [ 110.440162129999976, -6.95024328400001, 0.0 ], [ 110.440446421, -6.950252665, 0.0 ], [ 110.440817927000012, -6.95018978500002, 0.0 ], [ 110.440882751, -6.950153678, 0.0 ], [ 110.44070947900002, -6.950515296999981, 0.0 ], [ 110.440430849, -6.951220523000018, 0.0 ], [ 110.440327513999989, -6.951527949000024, 0.0 ], [ 110.440213941000025, -6.951880593, 0.0 ], [ 110.440172254, -6.952206182999987, 0.0 ], [ 110.440171868, -6.952531822000026, 0.0 ], [ 110.440355044, -6.953364229999977, 0.0 ], [ 110.440600915, -6.954287168, 0.0 ], [ 110.440754750999986, -6.954811991999975, 0.0 ], [ 110.440867449, -6.955201085999988, 0.0 ], [ 110.440980240999977, -6.955508767000026, 0.0 ], [ 110.441144306000012, -6.955997421, 0.0 ], [ 110.44120553800002, -6.956368361999978, 0.0 ], [ 110.441369657, -6.956811787, 0.0 ], [ 110.441585143999987, -6.957354775999988, 0.0 ], [ 110.44171762000002, -6.957711243, 0.0 ], [ 110.442337871, -6.959897101000024, 0.0 ], [ 110.442344746, -6.959916233, 0.0 ], [ 110.442573341000013, -6.960552539, 0.0 ], [ 110.442944402000023, -6.961815467, 0.0 ], [ 110.444016895, -6.96532567700001, 0.0 ], [ 110.443945569, -6.965788017000023, 0.0 ], [ 110.443836576000024, -6.966574854999976, 0.0 ], [ 110.443758683999988, -6.967135585999984, 0.0 ], [ 110.443571915, -6.968383653999979, 0.0 ], [ 110.443318730999977, -6.970291968000026, 0.0 ], [ 110.44321756, -6.970680808, 0.0 ], [ 110.443152076, -6.971033508, 0.0 ], [ 110.443038831000024, -6.971585152999978, 0.0 ], [ 110.443014698000013, -6.972136904000024, 0.0 ], [ 110.44298464100001, -6.972435372, 0.0 ], [ 110.442959122, -6.97272479999998, 0.0 ], [ 110.442868369999985, -6.972914648000028, 0.0 ], [ 110.442868270000019, -6.972914842000023, 0.0 ], [ 110.44284058, -6.972968891, 0.0 ], [ 110.442745391000017, -6.973321554999984, 0.0 ], [ 110.442554928, -6.974099248000016, 0.0 ], [ 110.442533560000015, -6.974225860999979, 0.0 ], [ 110.442489116, -6.97448813, 0.0 ], [ 110.442471266999974, -6.974750428999982, 0.0 ], [ 110.442392869, -6.975736301999973, 0.0 ], [ 110.442309046999981, -6.976523168000028, 0.0 ], [ 110.44227417899998, -6.976731371000028, 0.0 ], [ 110.442165164000016, -6.977382324000018, 0.0 ], [ 110.441962655, -6.978295686000024, 0.0 ], [ 110.441867474, -6.978639304000012, 0.0 ], [ 110.441831550000018, -6.97887444600002, 0.0 ], [ 110.4417234, -6.979896466000014, 0.0 ], [ 110.44166964599998, -6.980375816999981, 0.0 ], [ 110.441453792, -6.98180475800001, 0.0 ], [ 110.441304726, -6.982736273, 0.0 ], [ 110.441244929, -6.983061841999984, 0.0 ], [ 110.440999724999983, -6.984427430999972, 0.0 ], [ 110.440963305000025, -6.985078666, 0.0 ], [ 110.440968892, -6.985377175999986, 0.0 ], [ 110.440962500000012, -6.985757082000021, 0.0 ], [ 110.440944536000018, -6.985874652, 0.0 ], [ 110.440938835, -6.985910827999987, 0.0 ], [ 110.440699833, -6.986815099000012, 0.0 ], [ 110.440586397, -6.987520517, 0.0 ] ] ] ] } },
{ "type": "Feature", "properties": { "KDCPUM": "33.74.16", "NAMOBJ": "Tugu", "kec_id": "kec_16" }, "geometry": { "type": "MultiPolygon", "coordinates": [ [ [ [ 110.364593690999982, -6.981486917999973, 0.0 ], [ 110.364464356999974, -6.981923516999984, 0.0 ], [ 110.364274737000017, -6.982659193000018, 0.0 ], [ 110.364205, -6.982833, 0.0 ], [ 110.364217520000011, -6.982904426, 0.0 ], [ 110.364169340999979, -6.983107791, 0.0 ], [ 110.364160281000011, -6.983164617, 0.0 ], [ 110.364103284, -6.983245313, 0.0 ], [ 110.364070313000013, -6.983272193, 0.0 ], [ 110.364052199000014, -6.983382858000027, 0.0 ], [ 110.364091025, -6.983454708000011, 0.0 ], [ 110.364144778000025, -6.983559488000026, 0.0 ], [ 110.364125874000024, -6.983687904000021, 0.0 ], [ 110.364098786999989, -6.98387188800001, 0.0 ], [ 110.364093406999984, -6.983908435999979, 0.0 ], [ 110.36407215700001, -6.984123802999989, 0.0 ], [ 110.364086857000018, -6.984324259, 0.0 ], [ 110.364129999, -6.9845, 0.0 ], [ 110.36406, -6.984700001000022, 0.0 ], [ 110.363972002000025, -6.98498285, 0.0 ], [ 110.363869138999974, -6.98531348, 0.0 ], [ 110.363813328, -6.985379794999972, 0.0 ], [ 110.36372342300001, -6.985442496000019, 0.0 ], [ 110.36364246, -6.985485692999987, 0.0 ], [ 110.363639525, -6.985487256999988, 0.0 ], [ 110.363537577999978, -6.985597809000012, 0.0 ], [ 110.36351609899998, -6.985647699000026, 0.0 ], [ 110.363501536, -6.985681523999972, 0.0 ], [ 110.36348941, -6.985792198000013, 0.0 ], [ 110.363456337, -6.985893866000026, 0.0 ], [ 110.36339926, -6.986034394, 0.0 ], [ 110.363372111, -6.986183937000021, 0.0 ], [ 110.363330067999982, -6.986276619000023, 0.0 ], [ 110.363283871000021, -6.986361561000024, 0.0 ], [ 110.363252029000023, -6.986420110999973, 0.0 ], [ 110.363197908000018, -6.986587566000026, 0.0 ], [ 110.363183054999979, -6.986678303000019, 0.0 ], [ 110.363179792999972, -6.986698231, 0.0 ], [ 110.363149707, -6.986805887, 0.0 ], [ 110.363124539000012, -6.986909094, 0.0 ], [ 110.363096494, -6.987024111999972, 0.0 ], [ 110.36264, -6.98692, 0.0 ], [ 110.362450001000013, -6.98687, 0.0 ], [ 110.36229, -6.98683, 0.0 ], [ 110.362060000999975, -6.98678, 0.0 ], [ 110.36146, -6.98671, 0.0 ], [ 110.36115, -6.98669, 0.0 ], [ 110.36102, -6.98668, 0.0 ], [ 110.360701474, -6.986640185, 0.0 ], [ 110.3607, -6.98664, 0.0 ], [ 110.36018, -6.986590001000025, 0.0 ], [ 110.35946, -6.98647, 0.0 ], [ 110.35851, -6.98631, 0.0 ], [ 110.35845, -6.9863, 0.0 ], [ 110.35816, -6.986209998999982, 0.0 ], [ 110.35809, -6.98619, 0.0 ], [ 110.35786, -6.98609, 0.0 ], [ 110.35767, -6.98589, 0.0 ], [ 110.357283347000021, -6.985197249, 0.0 ], [ 110.357274416, -6.985181244999978, 0.0 ], [ 110.35719, -6.985030000999984, 0.0 ], [ 110.357049999000026, -6.98487, 0.0 ], [ 110.35674, -6.984539998, 0.0 ], [ 110.356639998999981, -6.98446, 0.0 ], [ 110.35655, -6.98438, 0.0 ], [ 110.35618, -6.984170001, 0.0 ], [ 110.35556, -6.98385, 0.0 ], [ 110.354930001000014, -6.98358, 0.0 ], [ 110.35474, -6.983489999000028, 0.0 ], [ 110.35435, -6.98329, 0.0 ], [ 110.35414, -6.98319, 0.0 ], [ 110.35387, -6.98311, 0.0 ], [ 110.35376, -6.983079998, 0.0 ], [ 110.35334, -6.982889999, 0.0 ], [ 110.35325, -6.98284, 0.0 ], [ 110.352880001000017, -6.98274, 0.0 ], [ 110.351939999000024, -6.98249, 0.0 ], [ 110.3516, -6.98241, 0.0 ], [ 110.35132, -6.98239, 0.0 ], [ 110.35109, -6.98239, 0.0 ], [ 110.35094, -6.982399999, 0.0 ], [ 110.35071, -6.9825, 0.0 ], [ 110.35056, -6.98256999900002, 0.0 ], [ 110.350379998999983, -6.9827, 0.0 ], [ 110.349970000999974, -6.983259998999984, 0.0 ], [ 110.34983, -6.983450001, 0.0 ], [ 110.34975, -6.98359, 0.0 ], [ 110.34922, -6.984419999000011, 0.0 ], [ 110.34898, -6.984660001, 0.0 ], [ 110.34883, -6.984819999000024, 0.0 ], [ 110.34861, -6.985, 0.0 ], [ 110.34828, -6.98518, 0.0 ], [ 110.348040001000015, -6.98528, 0.0 ], [ 110.347960001, -6.985320001, 0.0 ], [ 110.34781, -6.98538, 0.0 ], [ 110.34759, -6.98547, 0.0 ], [ 110.34712, -6.985619999, 0.0 ], [ 110.34688, -6.98565, 0.0 ], [ 110.34668, -6.98569, 0.0 ], [ 110.34641, -6.985730000999979, 0.0 ], [ 110.34591, -6.985750000999985, 0.0 ], [ 110.34563, -6.985750000999985, 0.0 ], [ 110.34522, -6.98578, 0.0 ], [ 110.34498, -6.985829998999975, 0.0 ], [ 110.34476, -6.985870001000023, 0.0 ], [ 110.344529998999974, -6.9859, 0.0 ], [ 110.34444, -6.985899999000026, 0.0 ], [ 110.34409, -6.98594, 0.0 ], [ 110.34289, -6.986, 0.0 ], [ 110.3424, -6.98603, 0.0 ], [ 110.342140001000018, -6.985979999, 0.0 ], [ 110.34171, -6.985909999, 0.0 ], [ 110.34118, -6.985770001, 0.0 ], [ 110.34074, -6.98563, 0.0 ], [ 110.340527362999978, -6.985561206, 0.0 ], [ 110.3404, -6.985519999000019, 0.0 ], [ 110.33961, -6.985259999, 0.0 ], [ 110.33902, -6.98506, 0.0 ], [ 110.338679999000021, -6.984929997999984, 0.0 ], [ 110.3382, -6.984669999, 0.0 ], [ 110.33782, -6.98447, 0.0 ], [ 110.33758, -6.98428, 0.0 ], [ 110.3373, -6.98399, 0.0 ], [ 110.337050001000023, -6.98373, 0.0 ], [ 110.336709999, -6.98336, 0.0 ], [ 110.33664, -6.983249999, 0.0 ], [ 110.33646, -6.983080001000019, 0.0 ], [ 110.33641, -6.98302, 0.0 ], [ 110.33624, -6.982789998999976, 0.0 ], [ 110.33605, -6.98256, 0.0 ], [ 110.335519998999985, -6.981929998999988, 0.0 ], [ 110.33452, -6.980720001, 0.0 ], [ 110.33438, -6.98054, 0.0 ], [ 110.334330001000012, -6.980489998999985, 0.0 ], [ 110.33408, -6.9802, 0.0 ], [ 110.333950001, -6.980039998999985, 0.0 ], [ 110.33325000100001, -6.97919, 0.0 ], [ 110.3325, -6.978489998999976, 0.0 ], [ 110.33219, -6.9782, 0.0 ], [ 110.33208, -6.978119999, 0.0 ], [ 110.33191, -6.97794, 0.0 ], [ 110.3313, -6.97731, 0.0 ], [ 110.331273333000013, -6.977281851999976, 0.0 ], [ 110.331120000999988, -6.977119999000024, 0.0 ], [ 110.33062, -6.97667, 0.0 ], [ 110.33055, -6.97663, 0.0 ], [ 110.330390001000012, -6.97652, 0.0 ], [ 110.33011, -6.976410000999977, 0.0 ], [ 110.32942, -6.97629, 0.0 ], [ 110.32935, -6.97626999900001, 0.0 ], [ 110.32925, -6.97626, 0.0 ], [ 110.329083707999985, -6.976243775, 0.0 ], [ 110.32802, -6.976139999, 0.0 ], [ 110.32781, -6.97612, 0.0 ], [ 110.32754, -6.976099998999985, 0.0 ], [ 110.3273, -6.976080001000014, 0.0 ], [ 110.32687, -6.97605, 0.0 ], [ 110.32626, -6.976009998999984, 0.0 ], [ 110.32588, -6.975989998999978, 0.0 ], [ 110.32518, -6.97601, 0.0 ], [ 110.32498, -6.97601, 0.0 ], [ 110.3243, -6.976020001, 0.0 ], [ 110.32275, -6.976000000999989, 0.0 ], [ 110.32268, -6.97599, 0.0 ], [ 110.32208, -6.9759, 0.0 ], [ 110.32204, -6.9759, 0.0 ], [ 110.32172, -6.97587, 0.0 ], [ 110.32156, -6.97585, 0.0 ], [ 110.321, -6.97579, 0.0 ], [ 110.32087, -6.975789999000028, 0.0 ], [ 110.32021, -6.975739998999984, 0.0 ], [ 110.3201, -6.97572, 0.0 ], [ 110.3197, -6.97564, 0.0 ], [ 110.319340001, -6.97555, 0.0 ], [ 110.31861, -6.9755, 0.0 ], [ 110.31837, -6.97546, 0.0 ], [ 110.31767, -6.975329999, 0.0 ], [ 110.31708, -6.97516, 0.0 ], [ 110.31665, -6.97506, 0.0 ], [ 110.3159, -6.97476, 0.0 ], [ 110.31547, -6.97458, 0.0 ], [ 110.3149, -6.974249999, 0.0 ], [ 110.31453, -6.97394, 0.0 ], [ 110.313910001000011, -6.97319, 0.0 ], [ 110.31383, -6.97309, 0.0 ], [ 110.313622927999972, -6.972941166, 0.0 ], [ 110.31319, -6.97263, 0.0 ], [ 110.31301, -6.97252, 0.0 ], [ 110.31281, -6.97246, 0.0 ], [ 110.31171, -6.972459999000023, 0.0 ], [ 110.31061, -6.97256, 0.0 ], [ 110.31041, -6.97258, 0.0 ], [ 110.30903, -6.97259999900001, 0.0 ], [ 110.3084, -6.972639999000023, 0.0 ], [ 110.30828, -6.97265, 0.0 ], [ 110.30762, -6.972729999000023, 0.0 ], [ 110.30753, -6.97274, 0.0 ], [ 110.30743, -6.972749998999973, 0.0 ], [ 110.30723, -6.972769998999979, 0.0 ], [ 110.307, -6.972789998999986, 0.0 ], [ 110.30669, -6.97283, 0.0 ], [ 110.30638000099998, -6.97288, 0.0 ], [ 110.30599, -6.97293, 0.0 ], [ 110.305820000999972, -6.972939999, 0.0 ], [ 110.30528, -6.97298, 0.0 ], [ 110.30522, -6.97298, 0.0 ], [ 110.304650001000027, -6.973079999, 0.0 ], [ 110.304199999, -6.973159999000018, 0.0 ], [ 110.303870001, -6.973189998, 0.0 ], [ 110.30382, -6.973199998999974, 0.0 ], [ 110.30375, -6.973210000999984, 0.0 ], [ 110.30365, -6.973219998, 0.0 ], [ 110.303360000999987, -6.97326, 0.0 ], [ 110.30316, -6.973310001000016, 0.0 ], [ 110.303010001000018, -6.973330001000022, 0.0 ], [ 110.302, -6.97347, 0.0 ], [ 110.3015, -6.973539999000025, 0.0 ], [ 110.30116, -6.97359, 0.0 ], [ 110.30037, -6.973600001000023, 0.0 ], [ 110.29994, -6.97361, 0.0 ], [ 110.29959, -6.97361, 0.0 ], [ 110.29935, -6.973620000999972, 0.0 ], [ 110.2985, -6.97354, 0.0 ], [ 110.29832, -6.9735, 0.0 ], [ 110.298028258999977, -6.973446957000021, 0.0 ], [ 110.29799, -6.973439999, 0.0 ], [ 110.29782, -6.97341, 0.0 ], [ 110.29768, -6.973359999000024, 0.0 ], [ 110.29705, -6.973179999000024, 0.0 ], [ 110.29674, -6.97309, 0.0 ], [ 110.29633, -6.972969998999986, 0.0 ], [ 110.29621, -6.97293, 0.0 ], [ 110.29611, -6.97289, 0.0 ], [ 110.29605, -6.97286, 0.0 ], [ 110.295989999000028, -6.97285, 0.0 ], [ 110.2959, -6.972800001, 0.0 ], [ 110.29549, -6.97267, 0.0 ], [ 110.295210000999987, -6.972570001, 0.0 ], [ 110.29489, -6.97246, 0.0 ], [ 110.29473, -6.972410001000014, 0.0 ], [ 110.29452, -6.97235, 0.0 ], [ 110.294410001000017, -6.97231, 0.0 ], [ 110.29418, -6.972199999, 0.0 ], [ 110.2931, -6.971689997999988, 0.0 ], [ 110.29298, -6.97164, 0.0 ], [ 110.29268, -6.97148, 0.0 ], [ 110.292410001, -6.97131, 0.0 ], [ 110.29229, -6.97123, 0.0 ], [ 110.29197, -6.97102, 0.0 ], [ 110.2913, -6.97059, 0.0 ], [ 110.29116, -6.97051, 0.0 ], [ 110.290860001, -6.97034, 0.0 ], [ 110.29072, -6.97026, 0.0 ], [ 110.29015, -6.969929998999987, 0.0 ], [ 110.2897, -6.96967, 0.0 ], [ 110.28917, -6.969350001, 0.0 ], [ 110.28913, -6.969329997999978, 0.0 ], [ 110.28835, -6.968949999000017, 0.0 ], [ 110.28803, -6.96887, 0.0 ], [ 110.28794, -6.96881, 0.0 ], [ 110.287792266999986, -6.968771122000021, 0.0 ], [ 110.28775, -6.96876, 0.0 ], [ 110.28771214, -6.968753806, 0.0 ], [ 110.287750241000026, -6.968663750000019, 0.0 ], [ 110.288095853000016, -6.967846859000019, 0.0 ], [ 110.288138689999982, -6.96774561, 0.0 ], [ 110.287838785000019, -6.967603856999972, 0.0 ], [ 110.287388119000013, -6.967390844000022, 0.0 ], [ 110.287430041999983, -6.967269507000026, 0.0 ], [ 110.287504770999988, -6.967093923, 0.0 ], [ 110.28761505, -6.966834812, 0.0 ], [ 110.287633379999988, -6.966791743999977, 0.0 ], [ 110.287669755000024, -6.966706276000025, 0.0 ], [ 110.287682002, -6.966677501, 0.0 ], [ 110.287782407, -6.966441589, 0.0 ], [ 110.287789061000012, -6.966425953, 0.0 ], [ 110.287817771999983, -6.966358492999973, 0.0 ], [ 110.287821215, -6.966331513, 0.0 ], [ 110.287826134999989, -6.966292950000025, 0.0 ], [ 110.287933022, -6.965455277, 0.0 ], [ 110.288115252000011, -6.965486425, 0.0 ], [ 110.288171294999984, -6.965496003999988, 0.0 ], [ 110.288560072999985, -6.965562456999976, 0.0 ], [ 110.289290548999986, -6.96572525, 0.0 ], [ 110.290531127, -6.966297317, 0.0 ], [ 110.290566241000022, -6.966313508999974, 0.0 ], [ 110.290984745, -6.966664440999978, 0.0 ], [ 110.291334975999973, -6.966834812, 0.0 ], [ 110.291698284, -6.967011544, 0.0 ], [ 110.293249141999979, -6.967671188, 0.0 ], [ 110.29362978, -6.967818691, 0.0 ], [ 110.294536052000012, -6.968219933, 0.0 ], [ 110.294919666, -6.968367273000013, 0.0 ], [ 110.29571523300001, -6.968560958000012, 0.0 ], [ 110.296092064999982, -6.96773132200002, 0.0 ], [ 110.296135712000023, -6.967635229, 0.0 ], [ 110.296507874999975, -6.966834812, 0.0 ], [ 110.296661374, -6.966504677999978, 0.0 ], [ 110.297259263, -6.965218783000012, 0.0 ], [ 110.297624643, -6.964434692, 0.0 ], [ 110.298146304, -6.963343559, 0.0 ], [ 110.298468157, -6.962670350999986, 0.0 ], [ 110.299224439999989, -6.961088449999977, 0.0 ], [ 110.299536839999973, -6.960435010000026, 0.0 ], [ 110.299703228999988, -6.960035735000019, 0.0 ], [ 110.299689372999978, -6.960030292999988, 0.0 ], [ 110.299623752, -6.960004518, 0.0 ], [ 110.299621822, -6.96000376, 0.0 ], [ 110.29695308700002, -6.959063995, 0.0 ], [ 110.295506027999977, -6.958570303999977, 0.0 ], [ 110.29481511900002, -6.958334585999978, 0.0 ], [ 110.294681090999973, -6.958278111000027, 0.0 ], [ 110.29406511000002, -6.958018552, 0.0 ], [ 110.293056106999984, -6.957593384, 0.0 ], [ 110.293069891000016, -6.957558294000023, 0.0 ], [ 110.293169506000027, -6.957304697999973, 0.0 ], [ 110.293311963, -6.956945768000026, 0.0 ], [ 110.293481107, -6.956519598999989, 0.0 ], [ 110.293499159000021, -6.956481359, 0.0 ], [ 110.293595579, -6.95627711100002, 0.0 ], [ 110.293581702999973, -6.956269512, 0.0 ], [ 110.29357909700002, -6.956268084999977, 0.0 ], [ 110.29335009, -6.956142682, 0.0 ], [ 110.29309437400002, -6.956002323, 0.0 ], [ 110.292872166, -6.955880356000023, 0.0 ], [ 110.292698039000015, -6.955785859, 0.0 ], [ 110.292419419, -6.955646135, 0.0 ], [ 110.292205212, -6.955551206, 0.0 ], [ 110.292068125000014, -6.955489162999982, 0.0 ], [ 110.291955767, -6.955443130999981, 0.0 ], [ 110.291923310000016, -6.955420924, 0.0 ], [ 110.291892943999983, -6.955392890999974, 0.0 ], [ 110.291868141, -6.95536430300001, 0.0 ], [ 110.291816433, -6.955304705, 0.0 ], [ 110.291797420000023, -6.955206552999982, 0.0 ], [ 110.291840857000011, -6.954988834, 0.0 ], [ 110.291859973999976, -6.954933132, 0.0 ], [ 110.291926019000016, -6.954740695, 0.0 ], [ 110.291855326000018, -6.954687723, 0.0 ], [ 110.291788971000017, -6.954638003000014, 0.0 ], [ 110.291112538, -6.954223765, 0.0 ], [ 110.291016303999982, -6.954164833, 0.0 ], [ 110.291205409999975, -6.953892257, 0.0 ], [ 110.291778582, -6.953240916000027, 0.0 ], [ 110.291868776, -6.953138421, 0.0 ], [ 110.292744074999973, -6.952404046000026, 0.0 ], [ 110.293099041, -6.952071913999987, 0.0 ], [ 110.293103901999984, -6.952024058, 0.0 ], [ 110.293101579, -6.951976189, 0.0 ], [ 110.293056163000017, -6.951916289999986, 0.0 ], [ 110.292749862999983, -6.95157647100001, 0.0 ], [ 110.291537244999972, -6.950455579, 0.0 ], [ 110.291559612000015, -6.950433224, 0.0 ], [ 110.291918786999986, -6.950074229999984, 0.0 ], [ 110.291933948, -6.950059077, 0.0 ], [ 110.292349186000024, -6.949644047, 0.0 ], [ 110.293328458000019, -6.948564719, 0.0 ], [ 110.293802694000021, -6.947590921000028, 0.0 ], [ 110.293902633000016, -6.947385705999977, 0.0 ], [ 110.294012994000013, -6.947259028000019, 0.0 ], [ 110.294590475, -6.947073214999989, 0.0 ], [ 110.294786933000012, -6.946869123999988, 0.0 ], [ 110.294917700999974, -6.946738842, 0.0 ], [ 110.294903762, -6.946929841999975, 0.0 ], [ 110.29557351699998, -6.947505216000025, 0.0 ], [ 110.296171387000015, -6.948104414999989, 0.0 ], [ 110.296745521, -6.948559983999985, 0.0 ], [ 110.297031716999982, -6.949374111999987, 0.0 ], [ 110.296575768000025, -6.949971747, 0.0 ], [ 110.296537614999977, -6.950059077, 0.0 ], [ 110.296530995000012, -6.950074229999984, 0.0 ], [ 110.296335445000011, -6.950521836, 0.0 ], [ 110.296764989, -6.951575502000026, 0.0 ], [ 110.296740113, -6.952197709000018, 0.0 ], [ 110.296284196999977, -6.952771410000025, 0.0 ], [ 110.296450997000022, -6.953346037000017, 0.0 ], [ 110.296761288000027, -6.954064470999981, 0.0 ], [ 110.297143752000011, -6.954567619999978, 0.0 ], [ 110.298124488999974, -6.955406711000023, 0.0 ], [ 110.298938353999972, -6.955719037999984, 0.0 ], [ 110.300422489000027, -6.956271679999986, 0.0 ], [ 110.30193103900001, -6.95651323200002, 0.0 ], [ 110.303033977999974, -6.955701153, 0.0 ], [ 110.303561460000026, -6.955319009, 0.0 ], [ 110.304328591, -6.95484148700001, 0.0 ], [ 110.304760197, -6.954507066000019, 0.0 ], [ 110.305408521, -6.953383191, 0.0 ], [ 110.305577616, -6.952402206999977, 0.0 ], [ 110.305675211, -6.951181792999989, 0.0 ], [ 110.305950240000016, -6.950074229999984, 0.0 ], [ 110.305954003000011, -6.950059077, 0.0 ], [ 110.306108884000025, -6.949435355999981, 0.0 ], [ 110.306734963, -6.947138752, 0.0 ], [ 110.307143241, -6.946373508000022, 0.0 ], [ 110.307413999, -6.94465555, 0.0 ], [ 110.308026462999976, -6.943471784999986, 0.0 ], [ 110.309680651, -6.942361333, 0.0 ], [ 110.310292374000028, -6.94168014600001, 0.0 ], [ 110.311407308000014, -6.940820194000025, 0.0 ], [ 110.312018035999984, -6.940821079999978, 0.0 ], [ 110.312405214000023, -6.941047520999973, 0.0 ], [ 110.312448773000028, -6.941072996, 0.0 ], [ 110.311657637, -6.941610331, 0.0 ], [ 110.310506670999985, -6.942542028, 0.0 ], [ 110.308996133, -6.943688591000011, 0.0 ], [ 110.308097002000011, -6.944369357000028, 0.0 ], [ 110.308012005000023, -6.944899336, 0.0 ], [ 110.307798122, -6.946232953, 0.0 ], [ 110.307869505999975, -6.947268017999988, 0.0 ], [ 110.307334127, -6.94855292699998, 0.0 ], [ 110.30731689800001, -6.94861076799998, 0.0 ], [ 110.306942354, -6.949868165999987, 0.0 ], [ 110.306885486999988, -6.950059077, 0.0 ], [ 110.306880972999977, -6.950074229999984, 0.0 ], [ 110.306834439999989, -6.950230447000024, 0.0 ], [ 110.306834439999989, -6.950265603, 0.0 ], [ 110.306834439999989, -6.951122745000021, 0.0 ], [ 110.308012272999974, -6.951693815999988, 0.0 ], [ 110.307512587000019, -6.952693189, 0.0 ], [ 110.306655981, -6.952336269999989, 0.0 ], [ 110.306156294, -6.953656871000021, 0.0 ], [ 110.305478146999974, -6.954977472, 0.0 ], [ 110.304692924999983, -6.9566193, 0.0 ], [ 110.304209254999989, -6.957199802, 0.0 ], [ 110.304165517, -6.957252297000025, 0.0 ], [ 110.303245956000012, -6.958355958000027, 0.0 ], [ 110.303553438, -6.958428132, 0.0 ], [ 110.305078955, -6.958786208, 0.0 ], [ 110.306914955000025, -6.958827180000014, 0.0 ], [ 110.306932511000014, -6.958827272, 0.0 ], [ 110.308718485999975, -6.95883663799998, 0.0 ], [ 110.310542192000014, -6.958848606, 0.0 ], [ 110.311076282999977, -6.958847339999977, 0.0 ], [ 110.312107454999989, -6.958069647, 0.0 ], [ 110.313189578, -6.956571156, 0.0 ], [ 110.314089996, -6.955115744000011, 0.0 ], [ 110.315343391, -6.954631354000014, 0.0 ], [ 110.315738351, -6.954478716999972, 0.0 ], [ 110.315817106999987, -6.954448281, 0.0 ], [ 110.31722513699998, -6.953343705, 0.0 ], [ 110.318539111, -6.952426743, 0.0 ], [ 110.318909247000022, -6.952168442000016, 0.0 ], [ 110.319239073, -6.952434045000018, 0.0 ], [ 110.319506417000014, -6.954016524999986, 0.0 ], [ 110.319314815999974, -6.954658108999979, 0.0 ], [ 110.318117722000011, -6.954294473, 0.0 ], [ 110.317821872000025, -6.955068590999986, 0.0 ], [ 110.317374265000012, -6.956082916000014, 0.0 ], [ 110.317040169, -6.956930273000012, 0.0 ], [ 110.316877262999981, -6.958322011, 0.0 ], [ 110.316831681, -6.958711428000015, 0.0 ], [ 110.317854789000023, -6.960190787999977, 0.0 ], [ 110.318866491999984, -6.961673802, 0.0 ], [ 110.319336756999974, -6.962371674, 0.0 ], [ 110.32020381000001, -6.963658377, 0.0 ], [ 110.320251155999983, -6.963730473, 0.0 ], [ 110.32121573400002, -6.965199278, 0.0 ], [ 110.320911506000016, -6.965935595000019, 0.0 ], [ 110.322225758, -6.966837855999984, 0.0 ], [ 110.322853711, -6.967117116999987, 0.0 ], [ 110.324502344999985, -6.96787982, 0.0 ], [ 110.326164307999989, -6.968523247, 0.0 ], [ 110.326302871, -6.968163797999978, 0.0 ], [ 110.326844137000023, -6.966759691, 0.0 ], [ 110.326988498999981, -6.964942916999973, 0.0 ], [ 110.326305182, -6.964421709000021, 0.0 ], [ 110.326373925999974, -6.964079068999979, 0.0 ], [ 110.326619339, -6.964193516000023, 0.0 ], [ 110.326892569999984, -6.964016182000023, 0.0 ], [ 110.327093938000019, -6.964183971000011, 0.0 ], [ 110.327360890000023, -6.963482891000012, 0.0 ], [ 110.327817295999978, -6.963999397, 0.0 ], [ 110.328438471000027, -6.964144065000028, 0.0 ], [ 110.329484415000024, -6.964398249999988, 0.0 ], [ 110.329278064, -6.965238941999985, 0.0 ], [ 110.329469862, -6.96535172900002, 0.0 ], [ 110.331183367999984, -6.9658945, 0.0 ], [ 110.332006573, -6.964364640999975, 0.0 ], [ 110.33224835599998, -6.963915306999979, 0.0 ], [ 110.333330037, -6.962909812000021, 0.0 ], [ 110.333628056, -6.962802521000015, 0.0 ], [ 110.33390348, -6.962814875, 0.0 ], [ 110.334143415000028, -6.96251605499998, 0.0 ], [ 110.334107876000019, -6.96224078, 0.0 ], [ 110.334118542, -6.961856395999973, 0.0 ], [ 110.334134672, -6.961785097000018, 0.0 ], [ 110.334165263999978, -6.961722891000022, 0.0 ], [ 110.33419177899998, -6.961663031, 0.0 ], [ 110.334264486999984, -6.961582852999982, 0.0 ], [ 110.334355248, -6.961521690999973, 0.0 ], [ 110.334423776999984, -6.961488139999972, 0.0 ], [ 110.334481598000025, -6.961476719000018, 0.0 ], [ 110.335181159, -6.96162948, 0.0 ], [ 110.335325355, -6.961202604999983, 0.0 ], [ 110.335489427000027, -6.961247254, 0.0 ], [ 110.335760795999988, -6.961321102, 0.0 ], [ 110.336519185999975, -6.96149753100002, 0.0 ], [ 110.337146460999975, -6.961675512, 0.0 ], [ 110.338044364999973, -6.961962486, 0.0 ], [ 110.338064352, -6.962023875999989, 0.0 ], [ 110.338030087999982, -6.962196625, 0.0 ], [ 110.338022153, -6.962337279, 0.0 ], [ 110.338017255000011, -6.962413857, 0.0 ], [ 110.33805068700002, -6.962485701, 0.0 ], [ 110.338055349, -6.962576652, 0.0 ], [ 110.337963918000014, -6.962873289000015, 0.0 ], [ 110.33777171700001, -6.963294233999989, 0.0 ], [ 110.337480804999984, -6.964078099, 0.0 ], [ 110.337252619000026, -6.964538482000023, 0.0 ], [ 110.337323894, -6.964637584, 0.0 ], [ 110.337427244000025, -6.964781284000026, 0.0 ], [ 110.337721645999977, -6.964925293000022, 0.0 ], [ 110.338059482, -6.964839607999977, 0.0 ], [ 110.338411517999987, -6.964876, 0.0 ], [ 110.338727829, -6.964768745000015, 0.0 ], [ 110.338957944000015, -6.964639831, 0.0 ], [ 110.339202227999976, -6.964654532, 0.0 ], [ 110.339633244000026, -6.964734111999974, 0.0 ], [ 110.339863338999976, -6.964619556, 0.0 ], [ 110.340021418, -6.964619777, 0.0 ], [ 110.340251312000021, -6.964648817000011, 0.0 ], [ 110.340962470000022, -6.964793405000023, 0.0 ], [ 110.341745382999989, -6.965009888999987, 0.0 ], [ 110.341910677999977, -6.964988580000011, 0.0 ], [ 110.341975618, -6.964794815, 0.0 ], [ 110.342011674999981, -6.964701527999978, 0.0 ], [ 110.342155473999981, -6.964637110000012, 0.0 ], [ 110.342485733999979, -6.96483142400001, 0.0 ], [ 110.342995611, -6.965040347000013, 0.0 ], [ 110.343304465000017, -6.965126934000011, 0.0 ], [ 110.343599179000023, -6.965048364999973, 0.0 ], [ 110.343735692, -6.965055733999975, 0.0 ], [ 110.34384623, -6.965370602, 0.0 ], [ 110.343874759000016, -6.965523811000025, 0.0 ], [ 110.344161897999982, -6.965725244, 0.0 ], [ 110.344889599999988, -6.966032590999987, 0.0 ], [ 110.345138603, -6.966099946999975, 0.0 ], [ 110.345617541000024, -6.966167622, 0.0 ], [ 110.345885824999982, -6.966148847, 0.0 ], [ 110.346154453999986, -6.965881173000014, 0.0 ], [ 110.346461604000012, -6.965469955, 0.0 ], [ 110.346567494, -6.965106325000022, 0.0 ], [ 110.346615794, -6.964819198999976, 0.0 ], [ 110.346702338, -6.964589564999983, 0.0 ], [ 110.346779459, -6.964245041000027, 0.0 ], [ 110.346750863000011, -6.964139698, 0.0 ], [ 110.346425243, -6.96405309, 0.0 ], [ 110.346090161, -6.963880312000015, 0.0 ], [ 110.344940690999977, -6.963735125000028, 0.0 ], [ 110.344298965, -6.963609786, 0.0 ], [ 110.344183652000027, -6.963858526000024, 0.0 ], [ 110.343896222000012, -6.96386769999998, 0.0 ], [ 110.343704730000013, -6.96378127700001, 0.0 ], [ 110.343465628, -6.963484180000023, 0.0 ], [ 110.343350901, -6.963311706000013, 0.0 ], [ 110.343207592, -6.963024314999984, 0.0 ], [ 110.343246420000014, -6.96266059200002, 0.0 ], [ 110.34341903, -6.962545955, 0.0 ], [ 110.343649056, -6.962479262999977, 0.0 ], [ 110.343773377, -6.962642177000021, 0.0 ], [ 110.343792166000014, -6.962910249, 0.0 ], [ 110.343820640999979, -6.963101750000021, 0.0 ], [ 110.343983298000012, -6.963255145, 0.0 ], [ 110.344145995000019, -6.96337982, 0.0 ], [ 110.344806815000027, -6.963553051000019, 0.0 ], [ 110.345822195999972, -6.963669333999974, 0.0 ], [ 110.346377749999988, -6.963756260000025, 0.0 ], [ 110.346741693000013, -6.96384292, 0.0 ], [ 110.346904484, -6.963900583, 0.0 ], [ 110.347057866, -6.963833783999974, 0.0 ], [ 110.347201786000028, -6.963680813, 0.0 ], [ 110.347269155, -6.963460726, 0.0 ], [ 110.347326823, -6.963326782000024, 0.0 ], [ 110.347403784999983, -6.963097135, 0.0 ], [ 110.347404063, -6.962896100000023, 0.0 ], [ 110.347516876999975, -6.962744053999984, 0.0 ], [ 110.347542444, -6.962709596000025, 0.0 ], [ 110.347569037000028, -6.962673753999979, 0.0 ], [ 110.347597409, -6.962659627999983, 0.0 ], [ 110.347697724999989, -6.962609682, 0.0 ], [ 110.347832684000025, -6.962542488, 0.0 ], [ 110.348024477000024, -6.962411122999981, 0.0 ], [ 110.348288206, -6.962220023999976, 0.0 ], [ 110.34839630099998, -6.961992813, 0.0 ], [ 110.348444648999987, -6.961669788, 0.0 ], [ 110.348696534, -6.961382943, 0.0 ], [ 110.348876565000012, -6.961095998000019, 0.0 ], [ 110.348865052, -6.960760924999988, 0.0 ], [ 110.348925275999989, -6.960509714000011, 0.0 ], [ 110.348901737, -6.960210523, 0.0 ], [ 110.349129472000016, -6.96006724, 0.0 ], [ 110.349345017000019, -6.960079502999974, 0.0 ], [ 110.349524635000023, -6.960091717000012, 0.0 ], [ 110.349788247, -6.959984382000016, 0.0 ], [ 110.349788510999986, -6.959792919999984, 0.0 ], [ 110.349817519999988, -6.959598308000011, 0.0 ], [ 110.349870391000024, -6.959469144000025, 0.0 ], [ 110.349966458999972, -6.959277814000018, 0.0 ], [ 110.350052756000025, -6.959225280999988, 0.0 ], [ 110.350266549000025, -6.959350024, 0.0 ], [ 110.35034312800002, -6.959397995000018, 0.0 ], [ 110.350481958999978, -6.959460411, 0.0 ], [ 110.350630404000015, -6.959498907000011, 0.0 ], [ 110.350759859, -6.959412927000017, 0.0 ], [ 110.350903776999985, -6.959259955, 0.0 ], [ 110.351028475000021, -6.959150035, 0.0 ], [ 110.351095709, -6.959025677, 0.0 ], [ 110.351215544000013, -6.958968402999972, 0.0 ], [ 110.351421623000022, -6.958896888000027, 0.0 ], [ 110.351603837000027, -6.958763114000021, 0.0 ], [ 110.351901180000027, -6.958509834999973, 0.0 ], [ 110.352107547, -6.958227711, 0.0 ], [ 110.352184406999982, -6.958203689000015, 0.0 ], [ 110.352275277999979, -6.958175289, 0.0 ], [ 110.352284740000016, -6.958261460000017, 0.0 ], [ 110.352212775, -6.958342732, 0.0 ], [ 110.352136033000022, -6.958414425, 0.0 ], [ 110.352040037999984, -6.958553103999975, 0.0 ], [ 110.351972863000015, -6.958634383, 0.0 ], [ 110.351896101000023, -6.958720436000021, 0.0 ], [ 110.351771384000017, -6.958844715, 0.0 ], [ 110.351637093000022, -6.958964193999975, 0.0 ], [ 110.351498031, -6.959069307999982, 0.0 ], [ 110.351373366000018, -6.959155295000016, 0.0 ], [ 110.351234331, -6.959241261999978, 0.0 ], [ 110.351143236999974, -6.959298575, 0.0 ], [ 110.351052117, -6.959375035, 0.0 ], [ 110.350965781000014, -6.959456288000013, 0.0 ], [ 110.350879432, -6.959547113999974, 0.0 ], [ 110.350851381999973, -6.959565277000024, 0.0 ], [ 110.350783541, -6.959609207000028, 0.0 ], [ 110.350654170999974, -6.959632962, 0.0 ], [ 110.35053923800001, -6.959608872, 0.0 ], [ 110.350366834999988, -6.959575128999973, 0.0 ], [ 110.350294852, -6.959580357999982, 0.0 ], [ 110.35023748499998, -6.959584525000025, 0.0 ], [ 110.350136830999986, -6.959627465999972, 0.0 ], [ 110.350021753000021, -6.959708679000016, 0.0 ], [ 110.349954702, -6.959808878999979, 0.0 ], [ 110.349954551, -6.959809103999987, 0.0 ], [ 110.349935258000016, -6.959904807999976, 0.0 ], [ 110.349911142, -6.960024438, 0.0 ], [ 110.349915259, -6.960117767999975, 0.0 ], [ 110.349915787999976, -6.960129748999975, 0.0 ], [ 110.349930078999989, -6.960187207, 0.0 ], [ 110.349920407000013, -6.960254205000012, 0.0 ], [ 110.349862851000012, -6.960306778000017, 0.0 ], [ 110.349766993, -6.960344938, 0.0 ], [ 110.349618514999975, -6.960330375000012, 0.0 ], [ 110.349494027999981, -6.960287124999979, 0.0 ], [ 110.349331205, -6.960253395, 0.0 ], [ 110.349216160000026, -6.960310675000017, 0.0 ], [ 110.349158525, -6.96042068600002, 0.0 ], [ 110.349086328, -6.960669487000018, 0.0 ], [ 110.349057356, -6.960836976, 0.0 ], [ 110.349066567000023, -6.961105035, 0.0 ], [ 110.348981160999983, -6.961380142999985, 0.0 ], [ 110.348878996, -6.961649245999979, 0.0 ], [ 110.348836925, -6.961762868, 0.0 ], [ 110.348728946, -6.961906315000022, 0.0 ], [ 110.348656893, -6.962049811999975, 0.0 ], [ 110.348590821000016, -6.962199301, 0.0 ], [ 110.348488804999988, -6.962360706000027, 0.0 ], [ 110.348446707999983, -6.962492278000013, 0.0 ], [ 110.348320848000014, -6.962575868999977, 0.0 ], [ 110.348141129999988, -6.962635453000019, 0.0 ], [ 110.347997396999972, -6.962653204, 0.0 ], [ 110.347847592999983, -6.962730779000026, 0.0 ], [ 110.347685680999973, -6.962904068, 0.0 ], [ 110.347631518000014, -6.963101438000024, 0.0 ], [ 110.347577296999987, -6.96334069, 0.0 ], [ 110.347517203, -6.963496169, 0.0 ], [ 110.347403219, -6.963651573999982, 0.0 ], [ 110.347247137000011, -6.963938551000012, 0.0 ], [ 110.347073216000013, -6.964135756000019, 0.0 ], [ 110.347031086000015, -6.964291259999982, 0.0 ], [ 110.346947007999972, -6.964470639000012, 0.0 ], [ 110.346832617000018, -6.964919219000024, 0.0 ], [ 110.346808392000014, -6.965116630000011, 0.0 ], [ 110.346748274, -6.965290058, 0.0 ], [ 110.346694176000028, -6.965439563000018, 0.0 ], [ 110.346646099, -6.965565143, 0.0 ], [ 110.346562060999986, -6.965714606, 0.0 ], [ 110.346615762, -6.965852293000012, 0.0 ], [ 110.347112359, -6.966140171, 0.0 ], [ 110.347768657000017, -6.966666667000027, 0.0 ], [ 110.347794223999983, -6.966687177999972, 0.0 ], [ 110.348561801000017, -6.9673479, 0.0 ], [ 110.348824912999987, -6.967606735, 0.0 ], [ 110.349140771, -6.967827350999983, 0.0 ], [ 110.34930355, -6.967894586, 0.0 ], [ 110.349356149000016, -6.967923864999989, 0.0 ], [ 110.349334732999978, -6.968004886000017, 0.0 ], [ 110.349269417000016, -6.968129450999982, 0.0 ], [ 110.349032066, -6.96858487999998, 0.0 ], [ 110.34904786200002, -6.968713838999975, 0.0 ], [ 110.350172156999975, -6.968776299000012, 0.0 ], [ 110.350894918, -6.968823889000021, 0.0 ], [ 110.350975225000013, -6.968856605999974, 0.0 ], [ 110.351296451999985, -6.969014244999983, 0.0 ], [ 110.351611731, -6.969121320999989, 0.0 ], [ 110.351840754000023, -6.969157012999972, 0.0 ], [ 110.352144135, -6.96913916699998, 0.0 ], [ 110.352385056, -6.969106450000027, 0.0 ], [ 110.352470954000012, -6.969023048999986, 0.0 ], [ 110.352644178999981, -6.968851728, 0.0 ], [ 110.352796464, -6.968733707000013, 0.0 ], [ 110.352994436000017, -6.968634721, 0.0 ], [ 110.353135300000019, -6.968585228999984, 0.0 ], [ 110.353298054999982, -6.968534783999985, 0.0 ], [ 110.353403703000026, -6.968471014999977, 0.0 ], [ 110.353441773999975, -6.968424377000019, 0.0 ], [ 110.353449389, -6.968349186000012, 0.0 ], [ 110.353589301, -6.9683035, 0.0 ], [ 110.353702563000013, -6.968319681000025, 0.0 ], [ 110.353929087999973, -6.96834062, 0.0 ], [ 110.354193684, -6.968338716, 0.0 ], [ 110.354381185000022, -6.968286368, 0.0 ], [ 110.354492543999982, -6.968240682999976, 0.0 ], [ 110.354582963999974, -6.968212129, 0.0 ], [ 110.354804710999986, -6.968232457, 0.0 ], [ 110.354861818000018, -6.968242450999981, 0.0 ], [ 110.354931774000022, -6.968269577, 0.0 ], [ 110.354976032000025, -6.968275286999983, 0.0 ], [ 110.355093101000023, -6.968258155, 0.0 ], [ 110.355231586, -6.968241023000019, 0.0 ], [ 110.355374354, -6.968216752999979, 0.0 ], [ 110.355478574000017, -6.968196765000016, 0.0 ], [ 110.355578510999976, -6.968196765000016, 0.0 ], [ 110.35568987, -6.968219608000027, 0.0 ], [ 110.355799800999989, -6.968261010999981, 0.0 ], [ 110.35592972, -6.968273860000011, 0.0 ], [ 110.356095330000016, -6.968275286999983, 0.0 ], [ 110.356202406000023, -6.968289563999974, 0.0 ], [ 110.356255229999988, -6.968299558000012, 0.0 ], [ 110.356316619999973, -6.968285281000021, 0.0 ], [ 110.356373727, -6.968273860000011, 0.0 ], [ 110.356432262, -6.968280998000012, 0.0 ], [ 110.356533626999976, -6.968330966999986, 0.0 ], [ 110.356653552000012, -6.968372369, 0.0 ], [ 110.356840577000014, -6.968438043, 0.0 ], [ 110.357076144000018, -6.968486584, 0.0 ], [ 110.357270308000011, -6.968476590000023, 0.0 ], [ 110.357445912, -6.968450892000021, 0.0 ], [ 110.357565836999981, -6.968449464, 0.0 ], [ 110.357682907000026, -6.968475162, 0.0 ], [ 110.357821391000016, -6.968483728000024, 0.0 ], [ 110.357934178, -6.968463741, 0.0 ], [ 110.358042680999972, -6.968435187000011, 0.0 ], [ 110.358164034000026, -6.968405206, 0.0 ], [ 110.358279675, -6.968363802999988, 0.0 ], [ 110.35834106599998, -6.968329539000024, 0.0 ], [ 110.358412449000014, -6.968319544999986, 0.0 ], [ 110.358473839, -6.968320973, 0.0 ], [ 110.358502392999981, -6.96833525, 0.0 ], [ 110.358536657, -6.968382362999989, 0.0 ], [ 110.358605185999977, -6.96842091000002, 0.0 ], [ 110.358725111000012, -6.968429475999983, 0.0 ], [ 110.358879300000012, -6.968468024, 0.0 ], [ 110.359044910000023, -6.968535125000017, 0.0 ], [ 110.359097733999988, -6.968543690999979, 0.0 ], [ 110.359191961000022, -6.96853798, 0.0 ], [ 110.359317595999983, -6.968567961000019, 0.0 ], [ 110.359500339000022, -6.968613646999984, 0.0 ], [ 110.359606582000026, -6.968651836999982, 0.0 ], [ 110.35967558599998, -6.968749394999975, 0.0 ], [ 110.359739832, -6.968865989, 0.0 ], [ 110.359832631000017, -6.968956408, 0.0 ], [ 110.359961122000016, -6.969068242999981, 0.0 ], [ 110.36013482200002, -6.969184836000011, 0.0 ], [ 110.360299005, -6.969296671, 0.0 ], [ 110.360408459999974, -6.969368055000018, 0.0 ], [ 110.360529813000028, -6.969448957, 0.0 ], [ 110.360620231999974, -6.969556032000014, 0.0 ], [ 110.360648309999988, -6.969587440999987, 0.0 ], [ 110.360674959999983, -6.969615995000026, 0.0 ], [ 110.360694947000013, -6.969628367999974, 0.0 ], [ 110.360712079, -6.969630271000028, 0.0 ], [ 110.360731115000021, -6.969617898000024, 0.0 ], [ 110.360778703999983, -6.969556032000014, 0.0 ], [ 110.360874835, -6.969435155999975, 0.0 ], [ 110.360989049000011, -6.969298099000014, 0.0 ], [ 110.361074708999979, -6.969174367, 0.0 ], [ 110.36112896100002, -6.969078046, 0.0 ], [ 110.361127652, -6.969007256999987, 0.0 ], [ 110.361104808999983, -6.968887332, 0.0 ], [ 110.361089580999987, -6.9687103, 0.0 ], [ 110.361081967000018, -6.968617026, 0.0 ], [ 110.361104808999983, -6.968558014999985, 0.0 ], [ 110.361165723999989, -6.968497101000025, 0.0 ], [ 110.361209506000023, -6.968504715, 0.0 ], [ 110.361310394999975, -6.968578954, 0.0 ], [ 110.361451258999978, -6.968700782999974, 0.0 ], [ 110.361506462000023, -6.968717915000013, 0.0 ], [ 110.361550244999989, -6.968700782999974, 0.0 ], [ 110.361594027000024, -6.968685554, 0.0 ], [ 110.361711096000022, -6.96870221, 0.0 ], [ 110.361780101000022, -6.968752178999978, 0.0 ], [ 110.361880037999981, -6.96883545999998, 0.0 ], [ 110.361977595999974, -6.968918740999982, 0.0 ], [ 110.362065636000011, -6.969023438000022, 0.0 ], [ 110.362156055000014, -6.969123374999981, 0.0 ], [ 110.362255993000019, -6.969230450999987, 0.0 ], [ 110.362332134999974, -6.969318491000024, 0.0 ], [ 110.362352182, -6.969320036999989, 0.0 ], [ 110.362378594, -6.969310044, 0.0 ], [ 110.362409289000027, -6.969280776, 0.0 ], [ 110.362434274, -6.969249366999975, 0.0 ], [ 110.36246068600002, -6.969225097, 0.0 ], [ 110.362501375000022, -6.969180838999989, 0.0 ], [ 110.362575971000012, -6.969019867999975, 0.0 ], [ 110.362625939, -6.968901371000015, 0.0 ], [ 110.362687330000028, -6.968780019, 0.0 ], [ 110.362728732, -6.96866294900002, 0.0 ], [ 110.362764423999977, -6.96857015, 0.0 ], [ 110.36281011, -6.968491627999981, 0.0 ], [ 110.362842946, -6.968467357, 0.0 ], [ 110.362872927000012, -6.968463074, 0.0 ], [ 110.362928607000015, -6.968490200000019, 0.0 ], [ 110.362998563000019, -6.96852018200002, 0.0 ], [ 110.363058524999985, -6.968524464999973, 0.0 ], [ 110.363122771, -6.968515898000021, 0.0 ], [ 110.363151324, -6.968489249000015, 0.0 ], [ 110.363188444, -6.96835790199998, 0.0 ], [ 110.363231273999986, -6.968212279, 0.0 ], [ 110.363268393999988, -6.96808521600002, 0.0 ], [ 110.363333551999972, -6.968085793, 0.0 ], [ 110.363373148, -6.968086143, 0.0 ], [ 110.363446333000013, -6.967810536, 0.0 ], [ 110.363459891, -6.967703336, 0.0 ], [ 110.363502348, -6.967479383000011, 0.0 ], [ 110.363510049000013, -6.967452588000015, 0.0 ], [ 110.363523498, -6.96742580199998, 0.0 ], [ 110.363533151000013, -6.967372205, 0.0 ], [ 110.363546626000016, -6.967326273000026, 0.0 ], [ 110.363546682999981, -6.967284151, 0.0 ], [ 110.363558247000014, -6.967234385999973, 0.0 ], [ 110.363637512000025, -6.967068041, 0.0 ], [ 110.363747562000015, -6.966763125999989, 0.0 ], [ 110.363805291, -6.966666667000027, 0.0 ], [ 110.363827517, -6.966629528999988, 0.0 ], [ 110.363865982, -6.966524277000019, 0.0 ], [ 110.363914104, -6.966361598999981, 0.0 ], [ 110.363987141, -6.966190738000023, 0.0 ], [ 110.36691464, -6.968469045, 0.0 ], [ 110.366074871000023, -6.971359283000027, 0.0 ], [ 110.366007509999974, -6.971579374999976, 0.0 ], [ 110.366149098, -6.97315912900001, 0.0 ], [ 110.366109784, -6.973896204000027, 0.0 ], [ 110.366013409, -6.974317289999988, 0.0 ], [ 110.36631, -6.97441, 0.0 ], [ 110.366422850999982, -6.974457487999985, 0.0 ], [ 110.366464216, -6.974474894000025, 0.0 ], [ 110.365891133, -6.976009651000027, 0.0 ], [ 110.365876871000012, -6.976009321999982, 0.0 ], [ 110.365802992, -6.976007617999983, 0.0 ], [ 110.365743963999989, -6.97621940800002, 0.0 ], [ 110.36575874, -6.976227852000022, 0.0 ], [ 110.36578, -6.97624, 0.0 ], [ 110.36572, -6.97635, 0.0 ], [ 110.365702356999975, -6.976397335, 0.0 ], [ 110.36531, -6.977449998999987, 0.0 ], [ 110.36518, -6.97781, 0.0 ], [ 110.36494, -6.9785, 0.0 ], [ 110.364831840000022, -6.978828645000021, 0.0 ], [ 110.36468, -6.97929, 0.0 ], [ 110.364627139999982, -6.979425086999981, 0.0 ], [ 110.364499998999975, -6.97975, 0.0 ], [ 110.36442, -6.979940000999989, 0.0 ], [ 110.36422117799998, -6.980650078, 0.0 ], [ 110.36421, -6.98069, 0.0 ], [ 110.364159796000024, -6.980865715, 0.0 ], [ 110.36415, -6.9809, 0.0 ], [ 110.364156321, -6.980902212, 0.0 ], [ 110.36435, -6.98097, 0.0 ], [ 110.364715932000024, -6.981056100999979, 0.0 ], [ 110.364711148000026, -6.981072962999974, 0.0 ], [ 110.364704473000018, -6.981096483999977, 0.0 ], [ 110.364593690999982, -6.981486917999973, 0.0 ] ] ] ] } },
{ "type": "Feature", "properties": { "KDCPUM": "33.74.09", "NAMOBJ": "Gajahmungkur", "kec_id": "kec_03" }, "geometry": { "type": "MultiPolygon", "coordinates": [ [ [ [ 110.420407147999981, -7.023742211000013, 0.0 ], [ 110.42041113099998, -7.023757268, 0.0 ], [ 110.420421149999981, -7.023795142999973, 0.0 ], [ 110.420430212999975, -7.023829404000026, 0.0 ], [ 110.42042832300001, -7.023831377000022, 0.0 ], [ 110.420425318000014, -7.023834512, 0.0 ], [ 110.420398348, -7.023862650000012, 0.0 ], [ 110.420162098, -7.024109136999982, 0.0 ], [ 110.420119596, -7.02415348, 0.0 ], [ 110.420115968, -7.024157264999985, 0.0 ], [ 110.42001486800001, -7.024262745999977, 0.0 ], [ 110.419851067000025, -7.024433644, 0.0 ], [ 110.41975699, -7.024531797, 0.0 ], [ 110.419756452, -7.024532357999988, 0.0 ], [ 110.419683437, -7.024638540000012, 0.0 ], [ 110.419680772, -7.024642416, 0.0 ], [ 110.419366734, -7.025099107000017, 0.0 ], [ 110.41916876, -7.025483581, 0.0 ], [ 110.419006089999982, -7.025799493000022, 0.0 ], [ 110.418981566000014, -7.025864805000026, 0.0 ], [ 110.418844692999983, -7.026229313999977, 0.0 ], [ 110.418841429, -7.026238007000018, 0.0 ], [ 110.418821578, -7.026318883999977, 0.0 ], [ 110.418710496000017, -7.026771463999978, 0.0 ], [ 110.418692037000028, -7.026846669, 0.0 ], [ 110.418663104000018, -7.026964551, 0.0 ], [ 110.418504555000027, -7.027696481000021, 0.0 ], [ 110.418498039999974, -7.027726562999987, 0.0 ], [ 110.418464745999984, -7.027946075999978, 0.0 ], [ 110.418397090999974, -7.028392141999973, 0.0 ], [ 110.418396589999986, -7.028395446, 0.0 ], [ 110.418375012000013, -7.028537716000017, 0.0 ], [ 110.418368343999987, -7.028581681, 0.0 ], [ 110.418366972, -7.028600505999975, 0.0 ], [ 110.418343409999977, -7.028923747000022, 0.0 ], [ 110.418337721, -7.029001806, 0.0 ], [ 110.418321634999984, -7.029222496999978, 0.0 ], [ 110.418318871, -7.029260416, 0.0 ], [ 110.418315698000015, -7.029303948, 0.0 ], [ 110.418312443, -7.029332359000023, 0.0 ], [ 110.418275994999988, -7.029650466000021, 0.0 ], [ 110.418263777999982, -7.029757108000013, 0.0 ], [ 110.418256956, -7.029816647000018, 0.0 ], [ 110.418172200000015, -7.030556405000027, 0.0 ], [ 110.41816918, -7.030593343000021, 0.0 ], [ 110.418145961999983, -7.030877335000014, 0.0 ], [ 110.418138666, -7.030966579999983, 0.0 ], [ 110.418138371999987, -7.030970180999986, 0.0 ], [ 110.41813515299998, -7.031009553, 0.0 ], [ 110.418135091000011, -7.0310103, 0.0 ], [ 110.418130333000022, -7.031068516, 0.0 ], [ 110.41812960599998, -7.031077397999979, 0.0 ], [ 110.418129338000028, -7.031080686999985, 0.0 ], [ 110.418125929999974, -7.031122375999985, 0.0 ], [ 110.418125112999974, -7.031132368999977, 0.0 ], [ 110.41812424699998, -7.031142949000014, 0.0 ], [ 110.418121445999986, -7.031177223999975, 0.0 ], [ 110.418120467999984, -7.031189190000021, 0.0 ], [ 110.418119794, -7.031197436000014, 0.0 ], [ 110.418119753999974, -7.031197906999978, 0.0 ], [ 110.418111037000017, -7.031304537999972, 0.0 ], [ 110.418106301000023, -7.031303998999988, 0.0 ], [ 110.41801691400002, -7.031293799000025, 0.0 ], [ 110.418011332, -7.031293162, 0.0 ], [ 110.417916149, -7.031282303000012, 0.0 ], [ 110.417888480999977, -7.031279144999985, 0.0 ], [ 110.417746887000021, -7.031271522999987, 0.0 ], [ 110.417717907, -7.031269076, 0.0 ], [ 110.417289601999983, -7.031232913999986, 0.0 ], [ 110.417258327000013, -7.031230273, 0.0 ], [ 110.416676417000019, -7.031186795999986, 0.0 ], [ 110.415903985, -7.031129084999975, 0.0 ], [ 110.415400023000018, -7.031091431999982, 0.0 ], [ 110.415277149000019, -7.031078851000018, 0.0 ], [ 110.415256193, -7.031076704999975, 0.0 ], [ 110.415176178000024, -7.031068512, 0.0 ], [ 110.414385994999975, -7.030987599000014, 0.0 ], [ 110.414354006, -7.030985919999978, 0.0 ], [ 110.414265, -7.031019, 0.0 ], [ 110.413966706999986, -7.030963041, 0.0 ], [ 110.413636, -7.030901, 0.0 ], [ 110.412622947999978, -7.030642063000016, 0.0 ], [ 110.412431, -7.030593, 0.0 ], [ 110.412344, -7.030571, 0.0 ], [ 110.411231, -7.030128, 0.0 ], [ 110.411101, -7.030077001, 0.0 ], [ 110.410224, -7.029622, 0.0 ], [ 110.409762999, -7.029353, 0.0 ], [ 110.409733, -7.029337000999988, 0.0 ], [ 110.409707, -7.029323, 0.0 ], [ 110.409377, -7.029109, 0.0 ], [ 110.408961, -7.028804, 0.0 ], [ 110.40852, -7.028437, 0.0 ], [ 110.408212, -7.028144, 0.0 ], [ 110.408128, -7.028062, 0.0 ], [ 110.407888, -7.02783, 0.0 ], [ 110.407656998999983, -7.027582000999985, 0.0 ], [ 110.407403999, -7.027290000999983, 0.0 ], [ 110.407163, -7.027021, 0.0 ], [ 110.406887, -7.026725000999988, 0.0 ], [ 110.406003, -7.025748001000011, 0.0 ], [ 110.405833, -7.025744, 0.0 ], [ 110.405588, -7.025744, 0.0 ], [ 110.405468, -7.025852, 0.0 ], [ 110.40515, -7.026222, 0.0 ], [ 110.405137, -7.02621, 0.0 ], [ 110.404839, -7.025844001, 0.0 ], [ 110.404544, -7.025507, 0.0 ], [ 110.404339, -7.025242000999981, 0.0 ], [ 110.40413, -7.02507, 0.0 ], [ 110.403935, -7.024968001, 0.0 ], [ 110.403641, -7.02481, 0.0 ], [ 110.403392, -7.02467, 0.0 ], [ 110.403204, -7.024564, 0.0 ], [ 110.403019, -7.024417, 0.0 ], [ 110.402948, -7.024388, 0.0 ], [ 110.402939, -7.024391, 0.0 ], [ 110.402889, -7.024497, 0.0 ], [ 110.402878999, -7.024579001, 0.0 ], [ 110.402844, -7.024858, 0.0 ], [ 110.402835, -7.025162001000012, 0.0 ], [ 110.402835, -7.025168, 0.0 ], [ 110.402883, -7.025504, 0.0 ], [ 110.402936, -7.025885001, 0.0 ], [ 110.403002, -7.026071, 0.0 ], [ 110.403037, -7.026187, 0.0 ], [ 110.402989, -7.026327, 0.0 ], [ 110.402943, -7.026401, 0.0 ], [ 110.402833, -7.02652, 0.0 ], [ 110.40277, -7.026612, 0.0 ], [ 110.402642, -7.026839000999985, 0.0 ], [ 110.402569, -7.027018000999988, 0.0 ], [ 110.402458, -7.027290000999983, 0.0 ], [ 110.402311, -7.027565, 0.0 ], [ 110.402284, -7.027617, 0.0 ], [ 110.402194, -7.027697000999979, 0.0 ], [ 110.402115, -7.027767, 0.0 ], [ 110.402001999, -7.027868, 0.0 ], [ 110.401672, -7.027499, 0.0 ], [ 110.401438, -7.027147, 0.0 ], [ 110.401248, -7.026898001, 0.0 ], [ 110.400999, -7.026634, 0.0 ], [ 110.400794, -7.026458, 0.0 ], [ 110.400603, -7.02637, 0.0 ], [ 110.400164, -7.026106, 0.0 ], [ 110.399827, -7.025945001000025, 0.0 ], [ 110.399548, -7.025842, 0.0 ], [ 110.399358, -7.025710001, 0.0 ], [ 110.399255, -7.025593001, 0.0 ], [ 110.399226, -7.025505, 0.0 ], [ 110.399241, -7.025402, 0.0 ], [ 110.399344, -7.025139, 0.0 ], [ 110.399387999, -7.025022, 0.0 ], [ 110.399373, -7.024875, 0.0 ], [ 110.399329998999974, -7.024597001000018, 0.0 ], [ 110.399315, -7.024436, 0.0 ], [ 110.399329998999974, -7.02429, 0.0 ], [ 110.399331, -7.023997, 0.0 ], [ 110.399331, -7.023660001, 0.0 ], [ 110.399287, -7.023543001, 0.0 ], [ 110.399199, -7.02347, 0.0 ], [ 110.398965, -7.023353, 0.0 ], [ 110.398642, -7.023235000999989, 0.0 ], [ 110.398437, -7.023191, 0.0 ], [ 110.398246, -7.023176001000024, 0.0 ], [ 110.397645, -7.023175001000027, 0.0 ], [ 110.397381, -7.023146, 0.0 ], [ 110.397191, -7.023087, 0.0 ], [ 110.396971, -7.022926, 0.0 ], [ 110.396883, -7.022852, 0.0 ], [ 110.396737, -7.022559, 0.0 ], [ 110.396591, -7.022339, 0.0 ], [ 110.396386, -7.022105, 0.0 ], [ 110.396078, -7.021695, 0.0 ], [ 110.395667, -7.021227, 0.0 ], [ 110.395114, -7.020653, 0.0 ], [ 110.394183, -7.019677, 0.0 ], [ 110.393966998999986, -7.019493, 0.0 ], [ 110.393848, -7.01946, 0.0 ], [ 110.393707, -7.019482, 0.0 ], [ 110.393587, -7.019525, 0.0 ], [ 110.393392, -7.019655, 0.0 ], [ 110.393262, -7.019784, 0.0 ], [ 110.393142, -7.019979, 0.0 ], [ 110.393055, -7.02013, 0.0 ], [ 110.392903, -7.02026, 0.0 ], [ 110.392578, -7.020509, 0.0 ], [ 110.392252, -7.02067, 0.0 ], [ 110.391916, -7.020822, 0.0 ], [ 110.391461, -7.020929, 0.0 ], [ 110.391309, -7.020961, 0.0 ], [ 110.391157, -7.02094, 0.0 ], [ 110.391059999, -7.020885, 0.0 ], [ 110.390951, -7.020712, 0.0 ], [ 110.390885998999977, -7.020560000999978, 0.0 ], [ 110.390898, -7.020398, 0.0 ], [ 110.390898, -7.020236, 0.0 ], [ 110.390864998999973, -7.020128, 0.0 ], [ 110.390822, -7.020063, 0.0 ], [ 110.390627, -7.019954, 0.0 ], [ 110.390367, -7.019846, 0.0 ], [ 110.389999, -7.019661, 0.0 ], [ 110.389749, -7.019585001, 0.0 ], [ 110.389587, -7.019563, 0.0 ], [ 110.389186, -7.019519, 0.0 ], [ 110.38898, -7.019497, 0.0 ], [ 110.38885, -7.019432000999984, 0.0 ], [ 110.388644, -7.019313001, 0.0 ], [ 110.3882, -7.019033, 0.0 ], [ 110.388035, -7.018913, 0.0 ], [ 110.387833, -7.018747001, 0.0 ], [ 110.387736, -7.01862, 0.0 ], [ 110.387631, -7.018365, 0.0 ], [ 110.387466, -7.0179, 0.0 ], [ 110.387389841000015, -7.017594014999986, 0.0 ], [ 110.387353, -7.017446, 0.0 ], [ 110.387384, -7.017436, 0.0 ], [ 110.38742, -7.017341, 0.0 ], [ 110.387539, -7.017058, 0.0 ], [ 110.387634, -7.016845, 0.0 ], [ 110.387681, -7.016680001, 0.0 ], [ 110.387705, -7.016503001, 0.0 ], [ 110.387705897999979, -7.016290127, 0.0 ], [ 110.387705999, -7.016266, 0.0 ], [ 110.387659, -7.015995, 0.0 ], [ 110.387599777, -7.015810067000018, 0.0 ], [ 110.387553, -7.015664, 0.0 ], [ 110.387529, -7.015486, 0.0 ], [ 110.387506, -7.01525, 0.0 ], [ 110.387529907999976, -7.015183644999979, 0.0 ], [ 110.387555, -7.015114, 0.0 ], [ 110.387580636999985, -7.015016291999984, 0.0 ], [ 110.387643421, -7.014963216000012, 0.0 ], [ 110.387638306999975, -7.013974314999984, 0.0 ], [ 110.387603709000018, -7.013623172999985, 0.0 ], [ 110.387458831, -7.012989802999982, 0.0 ], [ 110.387369770000021, -7.012727369, 0.0 ], [ 110.387191730999973, -7.012356271999977, 0.0 ], [ 110.386886804000028, -7.011876465, 0.0 ], [ 110.386685269999987, -7.011514385, 0.0 ], [ 110.386661893, -7.011432943999978, 0.0 ], [ 110.386661901000025, -7.011426673000017, 0.0 ], [ 110.386662011999988, -7.01134249, 0.0 ], [ 110.386704404, -7.011161636, 0.0 ], [ 110.386742186, -7.011044094999988, 0.0 ], [ 110.386922102000028, -7.010628240000017, 0.0 ], [ 110.387091714, -7.010302824, 0.0 ], [ 110.387380796, -7.009778211000025, 0.0 ], [ 110.387591, -7.009355, 0.0 ], [ 110.387854, -7.008831, 0.0 ], [ 110.38803, -7.008598, 0.0 ], [ 110.388176, -7.008438, 0.0 ], [ 110.388366, -7.008117, 0.0 ], [ 110.388563998999985, -7.007779, 0.0 ], [ 110.388711, -7.007378001, 0.0 ], [ 110.38879, -7.007114, 0.0 ], [ 110.38883, -7.006889001, 0.0 ], [ 110.38883, -7.006635001, 0.0 ], [ 110.388879, -7.006498, 0.0 ], [ 110.388987, -7.006293, 0.0 ], [ 110.389124, -7.006107, 0.0 ], [ 110.389252, -7.00598, 0.0 ], [ 110.38936, -7.005912, 0.0 ], [ 110.389408219000018, -7.005905784999982, 0.0 ], [ 110.389439488999983, -7.005882650999979, 0.0 ], [ 110.389637035000021, -7.005828634000011, 0.0 ], [ 110.389792098999976, -7.005810745000019, 0.0 ], [ 110.390053774000023, -7.00582917600002, 0.0 ], [ 110.390256072999989, -7.005820391999976, 0.0 ], [ 110.391449890999979, -7.005677210999977, 0.0 ], [ 110.39164255999998, -7.005677461, 0.0 ], [ 110.391835168999989, -7.005722936999973, 0.0 ], [ 110.391949125999986, -7.005768311999987, 0.0 ], [ 110.39202433600002, -7.005804592, 0.0 ], [ 110.392077960999984, -7.005826345, 0.0 ], [ 110.392427, -7.00596793, 0.0 ], [ 110.392665024, -7.006043552999984, 0.0 ], [ 110.393113081000024, -7.006185906999974, 0.0 ], [ 110.393703875000028, -7.006358535, 0.0 ], [ 110.39370999099998, -7.006359354999972, 0.0 ], [ 110.394112622000023, -7.006413333000012, 0.0 ], [ 110.394328807000022, -7.006386475999989, 0.0 ], [ 110.394512207999981, -7.006332439, 0.0 ], [ 110.394751946999975, -7.006251338000027, 0.0 ], [ 110.394883666999988, -7.006124871, 0.0 ], [ 110.39495909599998, -7.005989285, 0.0 ], [ 110.39502528700001, -7.005781324999987, 0.0 ], [ 110.395086992000017, -7.005320085999983, 0.0 ], [ 110.395115256999986, -7.005121121, 0.0 ], [ 110.395253352, -7.00487707100001, 0.0 ], [ 110.395417994000013, -7.004669236999973, 0.0 ], [ 110.395954307000011, -7.004308106999986, 0.0 ], [ 110.396049389999973, -7.004210296, 0.0 ], [ 110.396089, -7.004079, 0.0 ], [ 110.396298, -7.003382000999977, 0.0 ], [ 110.396410998000022, -7.002930929, 0.0 ], [ 110.39644546, -7.002761962000022, 0.0 ], [ 110.396501909999984, -7.002644444, 0.0 ], [ 110.396624377000023, -7.002454648000025, 0.0 ], [ 110.396687774999975, -7.002404581, 0.0 ], [ 110.396691, -7.0024, 0.0 ], [ 110.396903, -7.002233, 0.0 ], [ 110.396910529000024, -7.002228667999987, 0.0 ], [ 110.396956009, -7.002192751999985, 0.0 ], [ 110.397213389, -7.00203026600002, 0.0 ], [ 110.39749113900001, -7.001867801, 0.0 ], [ 110.397498494, -7.001867810000022, 0.0 ], [ 110.397528495000017, -7.001858804, 0.0 ], [ 110.397976254000014, -7.00171465, 0.0 ], [ 110.39843098, -7.001651912, 0.0 ], [ 110.398604725999974, -7.001625, 0.0 ], [ 110.39891886800001, -7.001543991, 0.0 ], [ 110.399365456999988, -7.001426706000018, 0.0 ], [ 110.399579, -7.001365, 0.0 ], [ 110.399652586, -7.001353692, 0.0 ], [ 110.400015, -7.001298, 0.0 ], [ 110.400395, -7.001254001, 0.0 ], [ 110.40082, -7.001277, 0.0 ], [ 110.401011, -7.00121, 0.0 ], [ 110.401158004000024, -7.001019682, 0.0 ], [ 110.401202986999976, -7.000995129999978, 0.0 ], [ 110.401451426, -7.000742171000013, 0.0 ], [ 110.401575633, -7.000516192000021, 0.0 ], [ 110.40165005, -7.000272651999978, 0.0 ], [ 110.401727999, -7.000134, 0.0 ], [ 110.401698161000013, -7.00006076, 0.0 ], [ 110.401673406999976, -7.0, 0.0 ], [ 110.401673, -6.999999, 0.0 ], [ 110.401496, -6.999575, 0.0 ], [ 110.401465888000018, -6.999518453, 0.0 ], [ 110.401219202999982, -6.999149870999986, 0.0 ], [ 110.401115826000023, -6.998861079999983, 0.0 ], [ 110.401062, -6.998760001, 0.0 ], [ 110.401045063000026, -6.998663395, 0.0 ], [ 110.401041035, -6.998652143000015, 0.0 ], [ 110.401037379, -6.998619569000027, 0.0 ], [ 110.401015546999986, -6.998425047000012, 0.0 ], [ 110.401013620000015, -6.998407881, 0.0 ], [ 110.40103445699998, -6.998263179, 0.0 ], [ 110.401083113000027, -6.998046149, 0.0 ], [ 110.401317797, -6.997485628999982, 0.0 ], [ 110.401836951, -6.996147555999983, 0.0 ], [ 110.401869423, -6.996140207, 0.0 ], [ 110.402274176, -6.99604861, 0.0 ], [ 110.402464324, -6.996023418999982, 0.0 ], [ 110.402477061000013, -6.996021730999985, 0.0 ], [ 110.402764784, -6.99602209699998, 0.0 ], [ 110.402940191000027, -6.996034103, 0.0 ], [ 110.403034092999974, -6.996040530000016, 0.0 ], [ 110.403255331000025, -6.996040811, 0.0 ], [ 110.403363419000016, -6.996031268000024, 0.0 ], [ 110.404063420999989, -6.995969469999977, 0.0 ], [ 110.404277291000028, -6.995978784999977, 0.0 ], [ 110.404369501000019, -6.995996994999985, 0.0 ], [ 110.404447945000015, -6.996021141000028, 0.0 ], [ 110.404458017000024, -6.996024240999986, 0.0 ], [ 110.404535523999982, -6.996033387000011, 0.0 ], [ 110.40460936300002, -6.996033478000015, 0.0 ], [ 110.404629022999984, -6.99603109200001, 0.0 ], [ 110.404671, -6.996033, 0.0 ], [ 110.404925, -6.996004, 0.0 ], [ 110.405107, -6.99595100099998, 0.0 ], [ 110.405136148, -6.995932229, 0.0 ], [ 110.40524187, -6.995880505, 0.0 ], [ 110.405371299000024, -6.995772123999984, 0.0 ], [ 110.405559072000017, -6.995520162, 0.0 ], [ 110.405600280999977, -6.995464864999974, 0.0 ], [ 110.405820549, -6.99511236799998, 0.0 ], [ 110.40585405500002, -6.995073434, 0.0 ], [ 110.405874, -6.995039, 0.0 ], [ 110.405999558000019, -6.994904356, 0.0 ], [ 110.406026, -6.994876001000023, 0.0 ], [ 110.406232999, -6.994733, 0.0 ], [ 110.406551, -6.994586001000016, 0.0 ], [ 110.406815, -6.994491, 0.0 ], [ 110.406851526000025, -6.994474186, 0.0 ], [ 110.406928248999975, -6.994589127999973, 0.0 ], [ 110.406994053, -6.994679666000025, 0.0 ], [ 110.407050756999979, -6.994722987999978, 0.0 ], [ 110.407062, -6.994737, 0.0 ], [ 110.407401, -6.995011, 0.0 ], [ 110.407664770999986, -6.995202377, 0.0 ], [ 110.407804070999987, -6.995322916000021, 0.0 ], [ 110.407884441000022, -6.995395630000019, 0.0 ], [ 110.407954072, -6.995466581000017, 0.0 ], [ 110.40798, -6.995493, 0.0 ], [ 110.408119, -6.995741, 0.0 ], [ 110.40817051, -6.995949902, 0.0 ], [ 110.408173, -6.99596, 0.0 ], [ 110.408174, -6.996112, 0.0 ], [ 110.40827993, -6.996105877, 0.0 ], [ 110.408282901, -6.996110477, 0.0 ], [ 110.408440767, -6.996110672999976, 0.0 ], [ 110.408687123, -6.99608686900001, 0.0 ], [ 110.408864, -6.996079, 0.0 ], [ 110.409000155, -6.996046358, 0.0 ], [ 110.409347675, -6.995976128999985, 0.0 ], [ 110.409443703000022, -6.995940018, 0.0 ], [ 110.409553947, -6.99589856, 0.0 ], [ 110.409587413999986, -6.995885975000022, 0.0 ], [ 110.409607113999982, -6.995871534, 0.0 ], [ 110.409738, -6.995805, 0.0 ], [ 110.409739, -6.995804, 0.0 ], [ 110.409809, -6.995784, 0.0 ], [ 110.410385, -6.996083, 0.0 ], [ 110.410556, -6.996155, 0.0 ], [ 110.410592254, -6.996156029000019, 0.0 ], [ 110.410659837000026, -6.996194866, 0.0 ], [ 110.410891532, -6.996204201000012, 0.0 ], [ 110.411337980999974, -6.99619571400001, 0.0 ], [ 110.411695279000014, -6.996166454, 0.0 ], [ 110.41178, -6.996164001000011, 0.0 ], [ 110.412115799999981, -6.996111504999988, 0.0 ], [ 110.412468954000019, -6.996061445, 0.0 ], [ 110.412958694, -6.995979659999989, 0.0 ], [ 110.413506, -6.995894001000011, 0.0 ], [ 110.413559, -6.995886, 0.0 ], [ 110.41360855, -6.995872978000023, 0.0 ], [ 110.413852, -6.995809, 0.0 ], [ 110.414029, -6.995736001000012, 0.0 ], [ 110.41409, -6.99573, 0.0 ], [ 110.414095749000012, -6.995731916000011, 0.0 ], [ 110.414153, -6.995751, 0.0 ], [ 110.414447, -6.995918, 0.0 ], [ 110.414511, -6.995959, 0.0 ], [ 110.414534386000014, -6.995974059, 0.0 ], [ 110.414746658000013, -6.996091418999981, 0.0 ], [ 110.415009022, -6.996236472000021, 0.0 ], [ 110.415180679, -6.996353973999987, 0.0 ], [ 110.415326747, -6.99645396, 0.0 ], [ 110.415460997000025, -6.996521079, 0.0 ], [ 110.415585, -6.996595001, 0.0 ], [ 110.415638, -6.996627, 0.0 ], [ 110.415639, -6.996625, 0.0 ], [ 110.415655985, -6.996618565, 0.0 ], [ 110.415689500999974, -6.99663532, 0.0 ], [ 110.415957557000013, -6.996753244, 0.0 ], [ 110.416264077999983, -6.996880262, 0.0 ], [ 110.416640772999983, -6.996998320999978, 0.0 ], [ 110.416999409000027, -6.997080172999972, 0.0 ], [ 110.417162604999987, -6.997116558000016, 0.0 ], [ 110.41746638799998, -6.997171208, 0.0 ], [ 110.417865784000014, -6.997235019000016, 0.0 ], [ 110.418054465000012, -6.997253344, 0.0 ], [ 110.418268034, -6.997280745000012, 0.0 ], [ 110.418344135999973, -6.997280838999984, 0.0 ], [ 110.418448237, -6.997290013, 0.0 ], [ 110.418708148, -6.997362698000018, 0.0 ], [ 110.418981364, -6.99742635299998, 0.0 ], [ 110.419128673999978, -6.997498899, 0.0 ], [ 110.419311368000024, -6.997574265000026, 0.0 ], [ 110.419307224000022, -6.997761879, 0.0 ], [ 110.419316225999978, -6.997927468, 0.0 ], [ 110.419318698999973, -6.997972957, 0.0 ], [ 110.419400626000026, -6.998154807999981, 0.0 ], [ 110.419419463999986, -6.998181594000016, 0.0 ], [ 110.419498780000026, -6.998294369, 0.0 ], [ 110.419582213000012, -6.998413, 0.0 ], [ 110.41982834800001, -6.998671273000014, 0.0 ], [ 110.419935932999977, -6.998804693000011, 0.0 ], [ 110.419941092999977, -6.998811092999972, 0.0 ], [ 110.419957474, -6.998831409, 0.0 ], [ 110.419966718000012, -6.998842872000012, 0.0 ], [ 110.420074425, -6.998976445999972, 0.0 ], [ 110.4201974, -6.999181798999984, 0.0 ], [ 110.420302602999982, -6.999521978000018, 0.0 ], [ 110.420360906999974, -6.999826919999975, 0.0 ], [ 110.420360609999989, -7.000067299000023, 0.0 ], [ 110.420349109000028, -7.000100205000024, 0.0 ], [ 110.420347563, -7.000104627999974, 0.0 ], [ 110.420335243000011, -7.000139876, 0.0 ], [ 110.420309198999973, -7.000214391999975, 0.0 ], [ 110.420304005999981, -7.000229251, 0.0 ], [ 110.420303538999974, -7.000230583000018, 0.0 ], [ 110.42028653, -7.000279252999974, 0.0 ], [ 110.42026639, -7.000336877, 0.0 ], [ 110.420260219, -7.000349416, 0.0 ], [ 110.420259706000024, -7.000350458000014, 0.0 ], [ 110.420243546999984, -7.000383291, 0.0 ], [ 110.42023410500002, -7.000402477000023, 0.0 ], [ 110.420134667000013, -7.000604521000014, 0.0 ], [ 110.420119321000016, -7.000635704, 0.0 ], [ 110.420056620000025, -7.000723644, 0.0 ], [ 110.419960611000022, -7.000858299000015, 0.0 ], [ 110.419864465999979, -7.000934518, 0.0 ], [ 110.419862210000019, -7.000936307000018, 0.0 ], [ 110.419702165999979, -7.001063182, 0.0 ], [ 110.419520149999983, -7.001150901000017, 0.0 ], [ 110.419320616, -7.001168243, 0.0 ], [ 110.419173968, -7.001127022999981, 0.0 ], [ 110.419057079000027, -7.001031227999988, 0.0 ], [ 110.419056271999978, -7.001030566999987, 0.0 ], [ 110.41898052099998, -7.000968484999987, 0.0 ], [ 110.41878111, -7.000886157000025, 0.0 ], [ 110.41858748300001, -7.000874193000016, 0.0 ], [ 110.418229382999982, -7.000996870999984, 0.0 ], [ 110.417959355, -7.001078617000019, 0.0 ], [ 110.417478042000027, -7.001189418000024, 0.0 ], [ 110.416949779, -7.001306020000015, 0.0 ], [ 110.416611264999972, -7.001405295999973, 0.0 ], [ 110.416491909, -7.001440301, 0.0 ], [ 110.416227667999976, -7.001586545, 0.0 ], [ 110.416086595000024, -7.001779844999987, 0.0 ], [ 110.416027607999979, -7.002026015000013, 0.0 ], [ 110.416062555, -7.002237121, 0.0 ], [ 110.416232993999984, -7.002566318, 0.0 ], [ 110.416384521999987, -7.002858989, 0.0 ], [ 110.416705442000023, -7.003543192, 0.0 ], [ 110.416706044000023, -7.003544474000023, 0.0 ], [ 110.416753229999983, -7.003645075, 0.0 ], [ 110.416774346000011, -7.003801624, 0.0 ], [ 110.416775778999977, -7.003812245, 0.0 ], [ 110.416785194999989, -7.003882053999973, 0.0 ], [ 110.416838136000024, -7.00427455099998, 0.0 ], [ 110.416968365, -7.005240050999987, 0.0 ], [ 110.416970597999978, -7.005250274, 0.0 ], [ 110.416983234999975, -7.005308136999986, 0.0 ], [ 110.41707339300001, -7.005720939000014, 0.0 ], [ 110.417082844999982, -7.005745031, 0.0 ], [ 110.417213781999976, -7.006078749999972, 0.0 ], [ 110.417244047, -7.006158130000017, 0.0 ], [ 110.41725276, -7.006180982999979, 0.0 ], [ 110.417289819000018, -7.006278184, 0.0 ], [ 110.417298883, -7.006312314000013, 0.0 ], [ 110.417383271, -7.006630073, 0.0 ], [ 110.417377126000019, -7.006852854999977, 0.0 ], [ 110.41736653800001, -7.006899707, 0.0 ], [ 110.417366146, -7.006901444, 0.0 ], [ 110.417312220999975, -7.007140057000015, 0.0 ], [ 110.417307977, -7.007282293, 0.0 ], [ 110.417307591999986, -7.007295183999986, 0.0 ], [ 110.417306097999983, -7.007345251, 0.0 ], [ 110.417333787000018, -7.00741466300002, 0.0 ], [ 110.417339020999975, -7.007427786999983, 0.0 ], [ 110.417364594999981, -7.007491895999976, 0.0 ], [ 110.41613, -7.008282595000026, 0.0 ], [ 110.416128469, -7.008283576999986, 0.0 ], [ 110.41612580200001, -7.00828528400001, 0.0 ], [ 110.416146239, -7.008661390999976, 0.0 ], [ 110.416145730999972, -7.00906950000001, 0.0 ], [ 110.416145729999982, -7.009070625, 0.0 ], [ 110.416145723, -7.009075700999972, 0.0 ], [ 110.416143497, -7.009083082000018, 0.0 ], [ 110.416142993999983, -7.00908475, 0.0 ], [ 110.416140234000011, -7.009093902000018, 0.0 ], [ 110.416040216999988, -7.009425497, 0.0 ], [ 110.416027875, -7.009466413999974, 0.0 ], [ 110.415879352, -7.009860635, 0.0 ], [ 110.415863023999975, -7.009903973, 0.0 ], [ 110.415845785999977, -7.009967171000028, 0.0 ], [ 110.415737262999983, -7.010365031, 0.0 ], [ 110.415722499000026, -7.01047358400001, 0.0 ], [ 110.415716303000011, -7.010519142000021, 0.0 ], [ 110.415702694, -7.010619210000016, 0.0 ], [ 110.415688597999974, -7.010722858, 0.0 ], [ 110.415681988000017, -7.010771456999976, 0.0 ], [ 110.415688536, -7.010855656, 0.0 ], [ 110.415690869, -7.010885662000021, 0.0 ], [ 110.415694353999982, -7.010930476999988, 0.0 ], [ 110.415695535999987, -7.010945682, 0.0 ], [ 110.415705090000017, -7.011068539, 0.0 ], [ 110.415767390999974, -7.011303132000023, 0.0 ], [ 110.415812253000013, -7.011381047999976, 0.0 ], [ 110.4158845, -7.011506526, 0.0 ], [ 110.415924605999976, -7.011570010000014, 0.0 ], [ 110.415954565, -7.011617434000016, 0.0 ], [ 110.416274938000015, -7.01212456899998, 0.0 ], [ 110.416362203, -7.012249452, 0.0 ], [ 110.416380323, -7.012275386, 0.0 ], [ 110.416438954, -7.01235929, 0.0 ], [ 110.416510212, -7.012410842, 0.0 ], [ 110.416565247, -7.012450659000024, 0.0 ], [ 110.416579662, -7.012461088, 0.0 ], [ 110.416833758999985, -7.012554324, 0.0 ], [ 110.416839578, -7.012556459999985, 0.0 ], [ 110.416900307, -7.012578743, 0.0 ], [ 110.417150524000022, -7.012704128999985, 0.0 ], [ 110.417369357999974, -7.012899832000016, 0.0 ], [ 110.417421767, -7.012970431999975, 0.0 ], [ 110.417425612999978, -7.012975612999981, 0.0 ], [ 110.417578798000022, -7.013181971, 0.0 ], [ 110.417581649999988, -7.013185813, 0.0 ], [ 110.417586227000015, -7.013191978, 0.0 ], [ 110.417595880000022, -7.013204982, 0.0 ], [ 110.417720678000023, -7.013517825, 0.0 ], [ 110.417828617, -7.01391664099998, 0.0 ], [ 110.417829450999989, -7.013919720999979, 0.0 ], [ 110.41787409, -7.014084653999987, 0.0 ], [ 110.417915390000019, -7.014237249000018, 0.0 ], [ 110.417943912999988, -7.014349983999978, 0.0 ], [ 110.418000947, -7.01457541000002, 0.0 ], [ 110.418023676000018, -7.014665243000024, 0.0 ], [ 110.41813781899998, -7.015116388000024, 0.0 ], [ 110.418275312999981, -7.015659829000015, 0.0 ], [ 110.418989526000018, -7.018407411, 0.0 ], [ 110.419458572, -7.020175547, 0.0 ], [ 110.419458733, -7.020176156, 0.0 ], [ 110.419533700999978, -7.020458754, 0.0 ], [ 110.420074407000016, -7.022484416999987, 0.0 ], [ 110.420407147999981, -7.023742211000013, 0.0 ] ] ] ] } },
{ "type": "Feature", "properties": { "KDCPUM": "33.74.04", "NAMOBJ": "Gayamsari", "kec_id": "kec_04" }, "geometry": { "type": "MultiPolygon", "coordinates": [ [ [ [ 110.452489663999984, -6.990129936000017, 0.0 ], [ 110.452523117, -6.990355712999985, 0.0 ], [ 110.452546805999987, -6.990561359000026, 0.0 ], [ 110.452569238000024, -6.990756084999987, 0.0 ], [ 110.452637099000015, -6.991310854, 0.0 ], [ 110.452721515, -6.991881013000011, 0.0 ], [ 110.452761247000012, -6.992146084000012, 0.0 ], [ 110.452850619, -6.992758751999986, 0.0 ], [ 110.452932490000023, -6.993366407999986, 0.0 ], [ 110.453175804000011, -6.995016860000021, 0.0 ], [ 110.453242320000015, -6.99548254299998, 0.0 ], [ 110.453404875, -6.996620606000022, 0.0 ], [ 110.453491183999972, -6.997224872, 0.0 ], [ 110.453494389000014, -6.997246442, 0.0 ], [ 110.453511962, -6.997364758, 0.0 ], [ 110.453636285000016, -6.998201769, 0.0 ], [ 110.453684712999973, -6.998527808, 0.0 ], [ 110.453708480999978, -6.998707857999989, 0.0 ], [ 110.453771532000019, -6.999185477000026, 0.0 ], [ 110.453784192, -6.99935072, 0.0 ], [ 110.453800479999984, -6.999563331, 0.0 ], [ 110.453788025999984, -7.000065585000016, 0.0 ], [ 110.453762602999973, -7.000408091999986, 0.0 ], [ 110.453741017000027, -7.000526695000019, 0.0 ], [ 110.453735693, -7.000555948, 0.0 ], [ 110.453692085, -7.000795550000021, 0.0 ], [ 110.453643570999986, -7.000996680000014, 0.0 ], [ 110.453606778, -7.001149214, 0.0 ], [ 110.453588987999979, -7.001222972999983, 0.0 ], [ 110.453571219000025, -7.001281186000028, 0.0 ], [ 110.453495769000028, -7.001528370000017, 0.0 ], [ 110.453485995999984, -7.001560386999984, 0.0 ], [ 110.453471203999982, -7.00159677900001, 0.0 ], [ 110.453358005999974, -7.001875271000017, 0.0 ], [ 110.453236767000021, -7.00211957800002, 0.0 ], [ 110.453137275000017, -7.002320059999988, 0.0 ], [ 110.452969291999977, -7.002594892, 0.0 ], [ 110.452773896, -7.00287877400001, 0.0 ], [ 110.452643422, -7.003069561000018, 0.0 ], [ 110.452318217000027, -7.003441119, 0.0 ], [ 110.451769015000025, -7.003976135000016, 0.0 ], [ 110.451600069, -7.004146580999986, 0.0 ], [ 110.451364265999985, -7.00438447800002, 0.0 ], [ 110.450895833, -7.004846160999989, 0.0 ], [ 110.450648144000013, -7.005090284, 0.0 ], [ 110.449998610000023, -7.005726816999982, 0.0 ], [ 110.449936042, -7.005792078000013, 0.0 ], [ 110.449902950000023, -7.005828727, 0.0 ], [ 110.449901007999983, -7.005830644000014, 0.0 ], [ 110.449851179, -7.005879683999979, 0.0 ], [ 110.449758964000011, -7.005970440999988, 0.0 ], [ 110.449746198000014, -7.005983005000019, 0.0 ], [ 110.449707838, -7.006020756, 0.0 ], [ 110.449700211999982, -7.006028260999983, 0.0 ], [ 110.449690972999974, -7.006037354, 0.0 ], [ 110.449646100999985, -7.006081515, 0.0 ], [ 110.449542982000025, -7.006183001000011, 0.0 ], [ 110.449404897000022, -7.005956702, 0.0 ], [ 110.449147718, -7.005476987, 0.0 ], [ 110.449101857000016, -7.005259839000018, 0.0 ], [ 110.44909285, -7.004979416000026, 0.0 ], [ 110.449093402000017, -7.004509047999989, 0.0 ], [ 110.449066212999981, -7.004291922999982, 0.0 ], [ 110.448990331, -7.004101877999972, 0.0 ], [ 110.448910141, -7.003966100000014, 0.0 ], [ 110.448740874, -7.003794035, 0.0 ], [ 110.448624699999982, -7.003703444999985, 0.0 ], [ 110.448295385, -7.003458828000021, 0.0 ], [ 110.448035845999982, -7.003304749999984, 0.0 ], [ 110.447529728, -7.003041833999987, 0.0 ], [ 110.446806547999984, -7.002832937999983, 0.0 ], [ 110.44616111900001, -7.002669357, 0.0 ], [ 110.445796052999981, -7.002515153, 0.0 ], [ 110.444682984999986, -7.002088699000012, 0.0 ], [ 110.444633212999975, -7.002070549, 0.0 ], [ 110.444378778999976, -7.001907427999981, 0.0 ], [ 110.443675978999977, -7.001454320999983, 0.0 ], [ 110.442985697999973, -7.001182138, 0.0 ], [ 110.442142967, -7.000873591000015, 0.0 ], [ 110.441949841999985, -7.000782905999984, 0.0 ], [ 110.441498782, -7.000619551, 0.0 ], [ 110.440771483999981, -7.00031114, 0.0 ], [ 110.440630961000011, -7.000238608000018, 0.0 ], [ 110.440385069, -7.000030267999989, 0.0 ], [ 110.439907338000012, -6.999695014, 0.0 ], [ 110.439606911, -6.999432336999973, 0.0 ], [ 110.439312707, -6.999169665000011, 0.0 ], [ 110.439097004000018, -6.999033723000025, 0.0 ], [ 110.438683159999982, -6.998743774, 0.0 ], [ 110.43856755500002, -6.998653180000019, 0.0 ], [ 110.438492135999979, -6.998553588, 0.0 ], [ 110.438477582000019, -6.998448376999988, 0.0 ], [ 110.438472032, -6.998408251, 0.0 ], [ 110.438459598, -6.998318365999978, 0.0 ], [ 110.438458356000012, -6.998301055000013, 0.0 ], [ 110.438457957000026, -6.998295503, 0.0 ], [ 110.438455216000023, -6.998257325999987, 0.0 ], [ 110.438455315999988, -6.998257018, 0.0 ], [ 110.438453069, -6.998158987000011, 0.0 ], [ 110.438452837999989, -6.99814892500001, 0.0 ], [ 110.438450505, -6.998047131000021, 0.0 ], [ 110.438449962, -6.998023432000025, 0.0 ], [ 110.438449225, -6.997991271999979, 0.0 ], [ 110.438448895000022, -6.997976875, 0.0 ], [ 110.438446640999985, -6.997878531000026, 0.0 ], [ 110.438446180000028, -6.997858415999985, 0.0 ], [ 110.438445033, -6.997850142, 0.0 ], [ 110.438532738, -6.997721448, 0.0 ], [ 110.438676903999976, -6.997585937999986, 0.0 ], [ 110.438737888, -6.997529282000016, 0.0 ], [ 110.438822768000023, -6.997450429000025, 0.0 ], [ 110.438826279000011, -6.997441177999974, 0.0 ], [ 110.438860514, -6.997350972999982, 0.0 ], [ 110.43884286399998, -6.997206221999988, 0.0 ], [ 110.438799695, -6.99710667, 0.0 ], [ 110.438848998000026, -6.997128599, 0.0 ], [ 110.439211818999979, -6.996229744, 0.0 ], [ 110.439362001, -6.994788559000028, 0.0 ], [ 110.439684684999975, -6.992815093, 0.0 ], [ 110.439918651000028, -6.991626401000019, 0.0 ], [ 110.440216469, -6.98979955599998, 0.0 ], [ 110.440311783000027, -6.989347392000013, 0.0 ], [ 110.440514569000015, -6.988207894000027, 0.0 ], [ 110.440574138999978, -6.987837098, 0.0 ], [ 110.440582894999977, -6.987610969, 0.0 ], [ 110.440586397, -6.987520517, 0.0 ], [ 110.440699833, -6.986815099000012, 0.0 ], [ 110.440938835, -6.985910827999987, 0.0 ], [ 110.440944536000018, -6.985874652, 0.0 ], [ 110.440962500000012, -6.985757082000021, 0.0 ], [ 110.440968892, -6.985377175999986, 0.0 ], [ 110.440963305000025, -6.985078666, 0.0 ], [ 110.440999724999983, -6.984427430999972, 0.0 ], [ 110.441244929, -6.983061841999984, 0.0 ], [ 110.441304726, -6.982736273, 0.0 ], [ 110.441453792, -6.98180475800001, 0.0 ], [ 110.44166964599998, -6.980375816999981, 0.0 ], [ 110.4417234, -6.979896466000014, 0.0 ], [ 110.441831550000018, -6.97887444600002, 0.0 ], [ 110.441867474, -6.978639304000012, 0.0 ], [ 110.441962655, -6.978295686000024, 0.0 ], [ 110.442165164000016, -6.977382324000018, 0.0 ], [ 110.44227417899998, -6.976731371000028, 0.0 ], [ 110.442309046999981, -6.976523168000028, 0.0 ], [ 110.442392869, -6.975736301999973, 0.0 ], [ 110.442471266999974, -6.974750428999982, 0.0 ], [ 110.442489116, -6.97448813, 0.0 ], [ 110.442533560000015, -6.974225860999979, 0.0 ], [ 110.442554928, -6.974099248000016, 0.0 ], [ 110.442745391000017, -6.973321554999984, 0.0 ], [ 110.44284058, -6.972968891, 0.0 ], [ 110.442868270000019, -6.972914842000023, 0.0 ], [ 110.442868369999985, -6.972914648000028, 0.0 ], [ 110.442959122, -6.97272479999998, 0.0 ], [ 110.44298464100001, -6.972435372, 0.0 ], [ 110.443014698000013, -6.972136904000024, 0.0 ], [ 110.443038831000024, -6.971585152999978, 0.0 ], [ 110.443152076, -6.971033508, 0.0 ], [ 110.44321756, -6.970680808, 0.0 ], [ 110.443318730999977, -6.970291968000026, 0.0 ], [ 110.443571915, -6.968383653999979, 0.0 ], [ 110.443758683999988, -6.967135585999984, 0.0 ], [ 110.443836576000024, -6.966574854999976, 0.0 ], [ 110.443945569, -6.965788017000023, 0.0 ], [ 110.444016895, -6.96532567700001, 0.0 ], [ 110.442944402000023, -6.961815467, 0.0 ], [ 110.442573341000013, -6.960552539, 0.0 ], [ 110.442344746, -6.959916233, 0.0 ], [ 110.442337871, -6.959897101000024, 0.0 ], [ 110.44171762000002, -6.957711243, 0.0 ], [ 110.441585143999987, -6.957354775999988, 0.0 ], [ 110.441369657, -6.956811787, 0.0 ], [ 110.44120553800002, -6.956368361999978, 0.0 ], [ 110.441144306000012, -6.955997421, 0.0 ], [ 110.440980240999977, -6.955508767000026, 0.0 ], [ 110.440867449, -6.955201085999988, 0.0 ], [ 110.440754750999986, -6.954811991999975, 0.0 ], [ 110.440600915, -6.954287168, 0.0 ], [ 110.440355044, -6.953364229999977, 0.0 ], [ 110.440171868, -6.952531822000026, 0.0 ], [ 110.440172254, -6.952206182999987, 0.0 ], [ 110.440213941000025, -6.951880593, 0.0 ], [ 110.440327513999989, -6.951527949000024, 0.0 ], [ 110.440430849, -6.951220523000018, 0.0 ], [ 110.44070947900002, -6.950515296999981, 0.0 ], [ 110.440882751, -6.950153678, 0.0 ], [ 110.440920112000015, -6.950135632000013, 0.0 ], [ 110.440961397000024, -6.950074229999984, 0.0 ], [ 110.440971585, -6.950059077, 0.0 ], [ 110.441029500000013, -6.949972941999988, 0.0 ], [ 110.441032791999987, -6.949949022, 0.0 ], [ 110.441125559, -6.949915870999973, 0.0 ], [ 110.441308502000027, -6.949856382, 0.0 ], [ 110.441473041, -6.949801948000015, 0.0 ], [ 110.441574420999984, -6.949767935000011, 0.0 ], [ 110.441809068, -6.949670395, 0.0 ], [ 110.441889272000026, -6.949484383000026, 0.0 ], [ 110.442174025999975, -6.949363882, 0.0 ], [ 110.442476693, -6.949256331000015, 0.0 ], [ 110.442699410999978, -6.949180188000014, 0.0 ], [ 110.442747, -6.949154490000012, 0.0 ], [ 110.442835516, -6.949118322, 0.0 ], [ 110.443047764000028, -6.949086912999974, 0.0 ], [ 110.443299986999989, -6.949057407999987, 0.0 ], [ 110.443589329000019, -6.949041227, 0.0 ], [ 110.44380824000001, -6.949039324000012, 0.0 ], [ 110.444201325999984, -6.949068829, 0.0 ], [ 110.444514254000012, -6.949130622999974, 0.0 ], [ 110.444846853, -6.949234031, 0.0 ], [ 110.444896129000028, -6.949235391, 0.0 ], [ 110.444958827999983, -6.949237711000023, 0.0 ], [ 110.44498411, -6.949239198999976, 0.0 ], [ 110.445020098999976, -6.949243065000019, 0.0 ], [ 110.445048058, -6.949252880000017, 0.0 ], [ 110.445107079000024, -6.949267701999986, 0.0 ], [ 110.44509661, -6.949300777000019, 0.0 ], [ 110.445098988999973, -6.949305773999981, 0.0 ], [ 110.44511092099998, -6.949316133000025, 0.0 ], [ 110.445139685000015, -6.94932507599998, 0.0 ], [ 110.445168231000025, -6.949328617, 0.0 ], [ 110.44519155, -6.949334089, 0.0 ], [ 110.445216058000028, -6.949345035000022, 0.0 ], [ 110.445241641999985, -6.949356775000012, 0.0 ], [ 110.445389714999976, -6.949402812000017, 0.0 ], [ 110.445418313, -6.949418560000026, 0.0 ], [ 110.44544139300001, -6.949432361, 0.0 ], [ 110.445481844000028, -6.949453538, 0.0 ], [ 110.445530861, -6.949475190999976, 0.0 ], [ 110.445566077000024, -6.949492324, 0.0 ], [ 110.445598914000016, -6.94951017, 0.0 ], [ 110.445634368000015, -6.949526588000026, 0.0 ], [ 110.445661256, -6.949540865000017, 0.0 ], [ 110.445734304999974, -6.949588453999979, 0.0 ], [ 110.44576904500002, -6.949599875, 0.0 ], [ 110.445821631, -6.949620577000019, 0.0 ], [ 110.44584376, -6.949631759999988, 0.0 ], [ 110.445855658000028, -6.949648653999986, 0.0 ], [ 110.445873265999978, -6.949671973000022, 0.0 ], [ 110.445932990000017, -6.949708140999974, 0.0 ], [ 110.445975343999976, -6.949734791000026, 0.0 ], [ 110.446126677999985, -6.949821165, 0.0 ], [ 110.446223046, -6.949870539000017, 0.0 ], [ 110.446369978, -6.949939543000028, 0.0 ], [ 110.446473782, -6.949979993999989, 0.0 ], [ 110.446509473999981, -6.949985943, 0.0 ], [ 110.446544274000019, -6.949999624999975, 0.0 ], [ 110.446563012000013, -6.950014794000026, 0.0 ], [ 110.446580262999987, -6.950040968, 0.0 ], [ 110.446593053000015, -6.950052864999975, 0.0 ], [ 110.446608723999987, -6.950059077, 0.0 ], [ 110.446646951, -6.950074229999984, 0.0 ], [ 110.446692098000028, -6.950092126000015, 0.0 ], [ 110.446862228999976, -6.950183141000025, 0.0 ], [ 110.446934774, -6.950213024999982, 0.0 ], [ 110.447202748999985, -6.950374114, 0.0 ], [ 110.447480532999975, -6.950569928, 0.0 ], [ 110.447719670000026, -6.9507385, 0.0 ], [ 110.448255687000028, -6.951160346999984, 0.0 ], [ 110.448734466000019, -6.951371516, 0.0 ], [ 110.448808793000012, -6.951441171999988, 0.0 ], [ 110.449051610000026, -6.95156001700002, 0.0 ], [ 110.449551771000017, -6.951806815, 0.0 ], [ 110.450134014000014, -6.952097606999985, 0.0 ], [ 110.450509258000011, -6.95239324, 0.0 ], [ 110.450780849000012, -6.952693857999975, 0.0 ], [ 110.451129856000023, -6.953161882000018, 0.0 ], [ 110.451228956000023, -6.953356682, 0.0 ], [ 110.451352655, -6.953751916999977, 0.0 ], [ 110.451400165999985, -6.953960015, 0.0 ], [ 110.451512405000017, -6.954355236000026, 0.0 ], [ 110.451525690999972, -6.954463358, 0.0 ], [ 110.451569172, -6.954817197000011, 0.0 ], [ 110.451570100000026, -6.954895615999988, 0.0 ], [ 110.45157265, -6.955111134, 0.0 ], [ 110.451571054999988, -6.95551423500001, 0.0 ], [ 110.451567248, -6.956475816000022, 0.0 ], [ 110.45155816, -6.957035672000018, 0.0 ], [ 110.45155734399998, -6.957086021, 0.0 ], [ 110.451557338999976, -6.957086386000014, 0.0 ], [ 110.451556962999973, -6.957109479, 0.0 ], [ 110.451552966, -6.957262166000021, 0.0 ], [ 110.451544865000017, -6.957657247999975, 0.0 ], [ 110.451534848999984, -6.958059965000018, 0.0 ], [ 110.451523488000021, -6.958784558, 0.0 ], [ 110.451501840999981, -6.960165173, 0.0 ], [ 110.451496029, -6.960491597999976, 0.0 ], [ 110.451486640999974, -6.961018814, 0.0 ], [ 110.451485494, -6.961083217, 0.0 ], [ 110.451482019000025, -6.961137983000015, 0.0 ], [ 110.451462209, -6.961450118000016, 0.0 ], [ 110.451454364000028, -6.961573706000024, 0.0 ], [ 110.451421639999978, -6.96178934400001, 0.0 ], [ 110.451383706, -6.961994883999978, 0.0 ], [ 110.451351618, -6.962122508, 0.0 ], [ 110.451327979999974, -6.962199962999989, 0.0 ], [ 110.451305692, -6.962280331999978, 0.0 ], [ 110.451268081000023, -6.962414740999975, 0.0 ], [ 110.451228975, -6.962527588, 0.0 ], [ 110.451158125, -6.962732033, 0.0 ], [ 110.450998117999973, -6.963143520000017, 0.0 ], [ 110.450849917000028, -6.963492116, 0.0 ], [ 110.450789967, -6.963633128000026, 0.0 ], [ 110.450444732, -6.964445187000024, 0.0 ], [ 110.45035965, -6.96464531700002, 0.0 ], [ 110.450124549, -6.965214732999982, 0.0 ], [ 110.449910978, -6.965721654, 0.0 ], [ 110.449826863999988, -6.96592130099998, 0.0 ], [ 110.449593180000022, -6.966465769000024, 0.0 ], [ 110.449442143, -6.96689763, 0.0 ], [ 110.449400984000022, -6.967015318, 0.0 ], [ 110.449349577000021, -6.967187646000014, 0.0 ], [ 110.44929657900002, -6.967431538000028, 0.0 ], [ 110.449264664999987, -6.967653860999974, 0.0 ], [ 110.449253371, -6.967732623000018, 0.0 ], [ 110.449253224000017, -6.967733658999975, 0.0 ], [ 110.449253015000011, -6.967738490999977, 0.0 ], [ 110.449243243000012, -6.967963741, 0.0 ], [ 110.449244261999979, -6.968279774, 0.0 ], [ 110.449254611000015, -6.96838496700002, 0.0 ], [ 110.449270309999974, -6.968544550999979, 0.0 ], [ 110.449355235999974, -6.969084916999975, 0.0 ], [ 110.449940420000019, -6.972636048000027, 0.0 ], [ 110.449953315000016, -6.972727024999983, 0.0 ], [ 110.450114467999981, -6.973864019000018, 0.0 ], [ 110.450137644999984, -6.974018973999989, 0.0 ], [ 110.450194305000025, -6.974397763000013, 0.0 ], [ 110.450294805999988, -6.975053507999974, 0.0 ], [ 110.450302384, -6.975100908, 0.0 ], [ 110.450375235000024, -6.975556677999975, 0.0 ], [ 110.450476509999987, -6.976263788999972, 0.0 ], [ 110.450510338000015, -6.976459659, 0.0 ], [ 110.450523834000023, -6.976537802999985, 0.0 ], [ 110.450675461, -6.977560754000024, 0.0 ], [ 110.450740167999982, -6.977997292999987, 0.0 ], [ 110.450763349, -6.978154250999978, 0.0 ], [ 110.450850383999978, -6.978743572999974, 0.0 ], [ 110.450864044000014, -6.978836068000021, 0.0 ], [ 110.450902341000017, -6.979094864999979, 0.0 ], [ 110.450948784, -6.979408717000013, 0.0 ], [ 110.450956227, -6.979458611999974, 0.0 ], [ 110.451059903999976, -6.980153783999981, 0.0 ], [ 110.451061268999979, -6.980162937999978, 0.0 ], [ 110.451149079, -6.98076817499998, 0.0 ], [ 110.45125847700001, -6.981503772, 0.0 ], [ 110.451286418999985, -6.98169898499998, 0.0 ], [ 110.45135244, -6.982160218, 0.0 ], [ 110.451506471000016, -6.983241881000026, 0.0 ], [ 110.451589617000025, -6.983853319, 0.0 ], [ 110.451672776, -6.984450789999983, 0.0 ], [ 110.451721191, -6.984784042, 0.0 ], [ 110.451761334000025, -6.985060377000025, 0.0 ], [ 110.451783697999986, -6.985214317999976, 0.0 ], [ 110.451794951000011, -6.985282729, 0.0 ], [ 110.451871016999974, -6.985745157999986, 0.0 ], [ 110.451959374000012, -6.986379793000026, 0.0 ], [ 110.452034844000025, -6.986913641, 0.0 ], [ 110.452061075000017, -6.987117093, 0.0 ], [ 110.452094867000028, -6.987379197, 0.0 ], [ 110.452170342999977, -6.987908391000019, 0.0 ], [ 110.45223566300001, -6.988344507000022, 0.0 ], [ 110.452253555000027, -6.988463968000019, 0.0 ], [ 110.452319794, -6.988926429, 0.0 ], [ 110.452334344, -6.989028722, 0.0 ], [ 110.452389106999988, -6.989413722, 0.0 ], [ 110.452453739000021, -6.989886169999977, 0.0 ], [ 110.452456059999975, -6.989903137999988, 0.0 ], [ 110.452489663999984, -6.990129936000017, 0.0 ] ] ] ] } },
{ "type": "Feature", "properties": { "KDCPUM": "33.74.08", "NAMOBJ": "Candisari", "kec_id": "kec_02" }, "geometry": { "type": "MultiPolygon", "coordinates": [ [ [ [ 110.427419698, -7.031082611999977, 0.0 ], [ 110.427412566999976, -7.031082633999972, 0.0 ], [ 110.426815068999986, -7.031084545, 0.0 ], [ 110.426792401, -7.031084616999976, 0.0 ], [ 110.426582462, -7.031085287999986, 0.0 ], [ 110.425577697999984, -7.031121371999973, 0.0 ], [ 110.424643838, -7.031206053, 0.0 ], [ 110.424049086000025, -7.031269512999984, 0.0 ], [ 110.424001261, -7.031274616000019, 0.0 ], [ 110.423596654, -7.031317788000024, 0.0 ], [ 110.423018891000027, -7.031379437, 0.0 ], [ 110.421431343, -7.031511813, 0.0 ], [ 110.420635775999983, -7.031518294000023, 0.0 ], [ 110.419717022999976, -7.031468647, 0.0 ], [ 110.419247741999982, -7.031420691999983, 0.0 ], [ 110.418176, -7.031311175999974, 0.0 ], [ 110.418111037000017, -7.031304537999972, 0.0 ], [ 110.418119753999974, -7.031197906999978, 0.0 ], [ 110.418119794, -7.031197436000014, 0.0 ], [ 110.418120467999984, -7.031189190000021, 0.0 ], [ 110.418121445999986, -7.031177223999975, 0.0 ], [ 110.41812424699998, -7.031142949000014, 0.0 ], [ 110.418125112999974, -7.031132368999977, 0.0 ], [ 110.418125929999974, -7.031122375999985, 0.0 ], [ 110.418129338000028, -7.031080686999985, 0.0 ], [ 110.41812960599998, -7.031077397999979, 0.0 ], [ 110.418130333000022, -7.031068516, 0.0 ], [ 110.418135091000011, -7.0310103, 0.0 ], [ 110.41813515299998, -7.031009553, 0.0 ], [ 110.418138371999987, -7.030970180999986, 0.0 ], [ 110.418138666, -7.030966579999983, 0.0 ], [ 110.418145961999983, -7.030877335000014, 0.0 ], [ 110.41816918, -7.030593343000021, 0.0 ], [ 110.418172200000015, -7.030556405000027, 0.0 ], [ 110.418256956, -7.029816647000018, 0.0 ], [ 110.418263777999982, -7.029757108000013, 0.0 ], [ 110.418275994999988, -7.029650466000021, 0.0 ], [ 110.418312443, -7.029332359000023, 0.0 ], [ 110.418315698000015, -7.029303948, 0.0 ], [ 110.418318871, -7.029260416, 0.0 ], [ 110.418321634999984, -7.029222496999978, 0.0 ], [ 110.418337721, -7.029001806, 0.0 ], [ 110.418343409999977, -7.028923747000022, 0.0 ], [ 110.418366972, -7.028600505999975, 0.0 ], [ 110.418368343999987, -7.028581681, 0.0 ], [ 110.418375012000013, -7.028537716000017, 0.0 ], [ 110.418396589999986, -7.028395446, 0.0 ], [ 110.418397090999974, -7.028392141999973, 0.0 ], [ 110.418464745999984, -7.027946075999978, 0.0 ], [ 110.418498039999974, -7.027726562999987, 0.0 ], [ 110.418504555000027, -7.027696481000021, 0.0 ], [ 110.418663104000018, -7.026964551, 0.0 ], [ 110.418692037000028, -7.026846669, 0.0 ], [ 110.418710496000017, -7.026771463999978, 0.0 ], [ 110.418821578, -7.026318883999977, 0.0 ], [ 110.418841429, -7.026238007000018, 0.0 ], [ 110.418844692999983, -7.026229313999977, 0.0 ], [ 110.418981566000014, -7.025864805000026, 0.0 ], [ 110.419006089999982, -7.025799493000022, 0.0 ], [ 110.41916876, -7.025483581, 0.0 ], [ 110.419366734, -7.025099107000017, 0.0 ], [ 110.419680772, -7.024642416, 0.0 ], [ 110.419683437, -7.024638540000012, 0.0 ], [ 110.419756452, -7.024532357999988, 0.0 ], [ 110.41975699, -7.024531797, 0.0 ], [ 110.419851067000025, -7.024433644, 0.0 ], [ 110.42001486800001, -7.024262745999977, 0.0 ], [ 110.420115968, -7.024157264999985, 0.0 ], [ 110.420119596, -7.02415348, 0.0 ], [ 110.420162098, -7.024109136999982, 0.0 ], [ 110.420398348, -7.023862650000012, 0.0 ], [ 110.420425318000014, -7.023834512, 0.0 ], [ 110.42042832300001, -7.023831377000022, 0.0 ], [ 110.420430212999975, -7.023829404000026, 0.0 ], [ 110.420421149999981, -7.023795142999973, 0.0 ], [ 110.42041113099998, -7.023757268, 0.0 ], [ 110.420407147999981, -7.023742211000013, 0.0 ], [ 110.420074407000016, -7.022484416999987, 0.0 ], [ 110.419533700999978, -7.020458754, 0.0 ], [ 110.419458733, -7.020176156, 0.0 ], [ 110.419458572, -7.020175547, 0.0 ], [ 110.418989526000018, -7.018407411, 0.0 ], [ 110.418275312999981, -7.015659829000015, 0.0 ], [ 110.41813781899998, -7.015116388000024, 0.0 ], [ 110.418023676000018, -7.014665243000024, 0.0 ], [ 110.418000947, -7.01457541000002, 0.0 ], [ 110.417943912999988, -7.014349983999978, 0.0 ], [ 110.417915390000019, -7.014237249000018, 0.0 ], [ 110.41787409, -7.014084653999987, 0.0 ], [ 110.417829450999989, -7.013919720999979, 0.0 ], [ 110.417828617, -7.01391664099998, 0.0 ], [ 110.417720678000023, -7.013517825, 0.0 ], [ 110.417595880000022, -7.013204982, 0.0 ], [ 110.417586227000015, -7.013191978, 0.0 ], [ 110.417581649999988, -7.013185813, 0.0 ], [ 110.417578798000022, -7.013181971, 0.0 ], [ 110.417425612999978, -7.012975612999981, 0.0 ], [ 110.417421767, -7.012970431999975, 0.0 ], [ 110.417369357999974, -7.012899832000016, 0.0 ], [ 110.417150524000022, -7.012704128999985, 0.0 ], [ 110.416900307, -7.012578743, 0.0 ], [ 110.416839578, -7.012556459999985, 0.0 ], [ 110.416833758999985, -7.012554324, 0.0 ], [ 110.416579662, -7.012461088, 0.0 ], [ 110.416565247, -7.012450659000024, 0.0 ], [ 110.416510212, -7.012410842, 0.0 ], [ 110.416438954, -7.01235929, 0.0 ], [ 110.416380323, -7.012275386, 0.0 ], [ 110.416362203, -7.012249452, 0.0 ], [ 110.416274938000015, -7.01212456899998, 0.0 ], [ 110.415954565, -7.011617434000016, 0.0 ], [ 110.415924605999976, -7.011570010000014, 0.0 ], [ 110.4158845, -7.011506526, 0.0 ], [ 110.415812253000013, -7.011381047999976, 0.0 ], [ 110.415767390999974, -7.011303132000023, 0.0 ], [ 110.415705090000017, -7.011068539, 0.0 ], [ 110.415695535999987, -7.010945682, 0.0 ], [ 110.415694353999982, -7.010930476999988, 0.0 ], [ 110.415690869, -7.010885662000021, 0.0 ], [ 110.415688536, -7.010855656, 0.0 ], [ 110.415681988000017, -7.010771456999976, 0.0 ], [ 110.415688597999974, -7.010722858, 0.0 ], [ 110.415702694, -7.010619210000016, 0.0 ], [ 110.415716303000011, -7.010519142000021, 0.0 ], [ 110.415722499000026, -7.01047358400001, 0.0 ], [ 110.415737262999983, -7.010365031, 0.0 ], [ 110.415845785999977, -7.009967171000028, 0.0 ], [ 110.415863023999975, -7.009903973, 0.0 ], [ 110.415879352, -7.009860635, 0.0 ], [ 110.416027875, -7.009466413999974, 0.0 ], [ 110.416040216999988, -7.009425497, 0.0 ], [ 110.416140234000011, -7.009093902000018, 0.0 ], [ 110.416142993999983, -7.00908475, 0.0 ], [ 110.416143497, -7.009083082000018, 0.0 ], [ 110.416145723, -7.009075700999972, 0.0 ], [ 110.416145729999982, -7.009070625, 0.0 ], [ 110.416145730999972, -7.00906950000001, 0.0 ], [ 110.416146239, -7.008661390999976, 0.0 ], [ 110.41612580200001, -7.00828528400001, 0.0 ], [ 110.416128469, -7.008283576999986, 0.0 ], [ 110.41613, -7.008282595000026, 0.0 ], [ 110.417364594999981, -7.007491895999976, 0.0 ], [ 110.417339020999975, -7.007427786999983, 0.0 ], [ 110.417333787000018, -7.00741466300002, 0.0 ], [ 110.417306097999983, -7.007345251, 0.0 ], [ 110.417307591999986, -7.007295183999986, 0.0 ], [ 110.417307977, -7.007282293, 0.0 ], [ 110.417312220999975, -7.007140057000015, 0.0 ], [ 110.417366146, -7.006901444, 0.0 ], [ 110.41736653800001, -7.006899707, 0.0 ], [ 110.417377126000019, -7.006852854999977, 0.0 ], [ 110.417383271, -7.006630073, 0.0 ], [ 110.417298883, -7.006312314000013, 0.0 ], [ 110.417289819000018, -7.006278184, 0.0 ], [ 110.41725276, -7.006180982999979, 0.0 ], [ 110.417244047, -7.006158130000017, 0.0 ], [ 110.417213781999976, -7.006078749999972, 0.0 ], [ 110.417082844999982, -7.005745031, 0.0 ], [ 110.41707339300001, -7.005720939000014, 0.0 ], [ 110.416983234999975, -7.005308136999986, 0.0 ], [ 110.416970597999978, -7.005250274, 0.0 ], [ 110.416968365, -7.005240050999987, 0.0 ], [ 110.416838136000024, -7.00427455099998, 0.0 ], [ 110.416785194999989, -7.003882053999973, 0.0 ], [ 110.416775778999977, -7.003812245, 0.0 ], [ 110.416774346000011, -7.003801624, 0.0 ], [ 110.416753229999983, -7.003645075, 0.0 ], [ 110.416706044000023, -7.003544474000023, 0.0 ], [ 110.416705442000023, -7.003543192, 0.0 ], [ 110.416384521999987, -7.002858989, 0.0 ], [ 110.416232993999984, -7.002566318, 0.0 ], [ 110.416062555, -7.002237121, 0.0 ], [ 110.416027607999979, -7.002026015000013, 0.0 ], [ 110.416086595000024, -7.001779844999987, 0.0 ], [ 110.416227667999976, -7.001586545, 0.0 ], [ 110.416491909, -7.001440301, 0.0 ], [ 110.416611264999972, -7.001405295999973, 0.0 ], [ 110.416949779, -7.001306020000015, 0.0 ], [ 110.417478042000027, -7.001189418000024, 0.0 ], [ 110.417959355, -7.001078617000019, 0.0 ], [ 110.418229382999982, -7.000996870999984, 0.0 ], [ 110.41858748300001, -7.000874193000016, 0.0 ], [ 110.41878111, -7.000886157000025, 0.0 ], [ 110.41898052099998, -7.000968484999987, 0.0 ], [ 110.419056271999978, -7.001030566999987, 0.0 ], [ 110.419057079000027, -7.001031227999988, 0.0 ], [ 110.419173968, -7.001127022999981, 0.0 ], [ 110.419320616, -7.001168243, 0.0 ], [ 110.419520149999983, -7.001150901000017, 0.0 ], [ 110.419702165999979, -7.001063182, 0.0 ], [ 110.419862210000019, -7.000936307000018, 0.0 ], [ 110.419864465999979, -7.000934518, 0.0 ], [ 110.419960611000022, -7.000858299000015, 0.0 ], [ 110.420056620000025, -7.000723644, 0.0 ], [ 110.420119321000016, -7.000635704, 0.0 ], [ 110.420134667000013, -7.000604521000014, 0.0 ], [ 110.42023410500002, -7.000402477000023, 0.0 ], [ 110.420243546999984, -7.000383291, 0.0 ], [ 110.420259706000024, -7.000350458000014, 0.0 ], [ 110.420260219, -7.000349416, 0.0 ], [ 110.42026639, -7.000336877, 0.0 ], [ 110.42028653, -7.000279252999974, 0.0 ], [ 110.420303538999974, -7.000230583000018, 0.0 ], [ 110.420304005999981, -7.000229251, 0.0 ], [ 110.420309198999973, -7.000214391999975, 0.0 ], [ 110.420335243000011, -7.000139876, 0.0 ], [ 110.420347563, -7.000104627999974, 0.0 ], [ 110.420349109000028, -7.000100205000024, 0.0 ], [ 110.420360609999989, -7.000067299000023, 0.0 ], [ 110.420360906999974, -6.999826919999975, 0.0 ], [ 110.420302602999982, -6.999521978000018, 0.0 ], [ 110.4201974, -6.999181798999984, 0.0 ], [ 110.420074425, -6.998976445999972, 0.0 ], [ 110.419966718000012, -6.998842872000012, 0.0 ], [ 110.419957474, -6.998831409, 0.0 ], [ 110.419941092999977, -6.998811092999972, 0.0 ], [ 110.419935932999977, -6.998804693000011, 0.0 ], [ 110.41982834800001, -6.998671273000014, 0.0 ], [ 110.419582213000012, -6.998413, 0.0 ], [ 110.419498780000026, -6.998294369, 0.0 ], [ 110.419419463999986, -6.998181594000016, 0.0 ], [ 110.419400626000026, -6.998154807999981, 0.0 ], [ 110.419318698999973, -6.997972957, 0.0 ], [ 110.419316225999978, -6.997927468, 0.0 ], [ 110.419307224000022, -6.997761879, 0.0 ], [ 110.419311368000024, -6.997574265000026, 0.0 ], [ 110.41932661200002, -6.997580552999977, 0.0 ], [ 110.419664594999972, -6.99766238, 0.0 ], [ 110.420075559999987, -6.99775334200001, 0.0 ], [ 110.420565366, -6.997916765000014, 0.0 ], [ 110.420880065, -6.998013598, 0.0 ], [ 110.420895971, -6.998019011, 0.0 ], [ 110.421007754000016, -6.998063173999981, 0.0 ], [ 110.421096740999985, -6.998098329000015, 0.0 ], [ 110.421373809999977, -6.998252442000023, 0.0 ], [ 110.421586338999987, -6.998433614000021, 0.0 ], [ 110.421804426, -6.998696204, 0.0 ], [ 110.422039324000025, -6.99902326199998, 0.0 ], [ 110.422090529, -6.999094556999978, 0.0 ], [ 110.422364502999983, -6.999465758999975, 0.0 ], [ 110.422436028, -6.999554135999972, 0.0 ], [ 110.422584959, -6.999753438000027, 0.0 ], [ 110.42322972300002, -7.000334656, 0.0 ], [ 110.423666, -7.000789105000024, 0.0 ], [ 110.42367, -7.00079327200001, 0.0 ], [ 110.423815772000012, -7.000945116000025, 0.0 ], [ 110.424143905, -7.001320728, 0.0 ], [ 110.424312408999981, -7.00152148, 0.0 ], [ 110.424433898000018, -7.001657309999985, 0.0 ], [ 110.424678556, -7.001932738999983, 0.0 ], [ 110.424707384999977, -7.001965193, 0.0 ], [ 110.424740257999986, -7.002003370000011, 0.0 ], [ 110.425175232000015, -7.002508494999972, 0.0 ], [ 110.425627609, -7.002979415000027, 0.0 ], [ 110.425920835999989, -7.003341593000016, 0.0 ], [ 110.426242898, -7.003721899000027, 0.0 ], [ 110.426309913000011, -7.003785794, 0.0 ], [ 110.426329641999985, -7.003809289, 0.0 ], [ 110.426357274999987, -7.003830951, 0.0 ], [ 110.426366389, -7.003839640000024, 0.0 ], [ 110.426375310000026, -7.003845088999981, 0.0 ], [ 110.426601952, -7.004022752000026, 0.0 ], [ 110.426664863999974, -7.004075188, 0.0 ], [ 110.426701415000025, -7.004100720999986, 0.0 ], [ 110.426868984, -7.004232077999973, 0.0 ], [ 110.427385085000026, -7.004467222000017, 0.0 ], [ 110.427713622999988, -7.004526251000016, 0.0 ], [ 110.428089055999976, -7.004626377000022, 0.0 ], [ 110.428284422, -7.004640365, 0.0 ], [ 110.428637465, -7.004701731000011, 0.0 ], [ 110.428816951999977, -7.004730844, 0.0 ], [ 110.428925736, -7.004753773, 0.0 ], [ 110.429379445999984, -7.004824677999977, 0.0 ], [ 110.429453540999987, -7.004831498999977, 0.0 ], [ 110.429683786999988, -7.00486582000002, 0.0 ], [ 110.430250682, -7.004929826000023, 0.0 ], [ 110.430727923, -7.004966584999977, 0.0 ], [ 110.430963878, -7.004966871000022, 0.0 ], [ 110.431178585999987, -7.004884671000013, 0.0 ], [ 110.43152913199998, -7.004750462, 0.0 ], [ 110.431934393, -7.004651450999972, 0.0 ], [ 110.432017277, -7.004660597999987, 0.0 ], [ 110.432056004, -7.004687779999983, 0.0 ], [ 110.432047209000018, -7.004756583000017, 0.0 ], [ 110.43203172699998, -7.004877707, 0.0 ], [ 110.431933287, -7.005565048, 0.0 ], [ 110.431936676000021, -7.005847938999977, 0.0 ], [ 110.431941441999982, -7.006245805999981, 0.0 ], [ 110.431942280999976, -7.006315839000024, 0.0 ], [ 110.431973219999975, -7.006455647, 0.0 ], [ 110.432129622, -7.007162393999977, 0.0 ], [ 110.43221859800002, -7.007564453999976, 0.0 ], [ 110.432431491999978, -7.008387857, 0.0 ], [ 110.432467563999978, -7.008505491, 0.0 ], [ 110.432518956000024, -7.008586963000027, 0.0 ], [ 110.432526966000012, -7.008589534, 0.0 ], [ 110.432567049999989, -7.008602403, 0.0 ], [ 110.432575519000011, -7.008605122, 0.0 ], [ 110.432621918999985, -7.008605179000028, 0.0 ], [ 110.432688969000026, -7.008605260000024, 0.0 ], [ 110.433391605999986, -7.008958882, 0.0 ], [ 110.433915548000016, -7.009186480999972, 0.0 ], [ 110.434059803000025, -7.009249144000023, 0.0 ], [ 110.434161341999982, -7.009245519, 0.0 ], [ 110.434381454, -7.009237660999986, 0.0 ], [ 110.434795150000014, -7.009222892000025, 0.0 ], [ 110.435709057, -7.00916971700002, 0.0 ], [ 110.435916916, -7.009205082999983, 0.0 ], [ 110.436458648999974, -7.009297254999979, 0.0 ], [ 110.438603716999978, -7.009815418000017, 0.0 ], [ 110.43866226, -7.00983358000002, 0.0 ], [ 110.439884328, -7.010205903999974, 0.0 ], [ 110.440392003999989, -7.010351238, 0.0 ], [ 110.440739335999979, -7.010433061000015, 0.0 ], [ 110.441282460000025, -7.010591896, 0.0 ], [ 110.441391532000011, -7.010623794000026, 0.0 ], [ 110.442021921999981, -7.010832589000017, 0.0 ], [ 110.442489432, -7.010968827, 0.0 ], [ 110.442783325999983, -7.011023449, 0.0 ], [ 110.443117373, -7.011096211999984, 0.0 ], [ 110.443411299, -7.011123697000016, 0.0 ], [ 110.443708805000028, -7.01114921300001, 0.0 ], [ 110.443732104, -7.011151211000026, 0.0 ], [ 110.443992466999987, -7.011166851999974, 0.0 ], [ 110.444142691000025, -7.011194650999983, 0.0 ], [ 110.444371605000015, -7.011279221, 0.0 ], [ 110.444596224, -7.011385362999988, 0.0 ], [ 110.444805649999978, -7.011491736999972, 0.0 ], [ 110.444226345, -7.013118411, 0.0 ], [ 110.444218560000024, -7.01314080100002, 0.0 ], [ 110.443835730999979, -7.014241932, 0.0 ], [ 110.443636175999984, -7.014817349, 0.0 ], [ 110.44346952799998, -7.015297878000013, 0.0 ], [ 110.443452278, -7.015347619000011, 0.0 ], [ 110.443401823999977, -7.015496024000015, 0.0 ], [ 110.443129725, -7.016296378, 0.0 ], [ 110.442835902000013, -7.017109577999975, 0.0 ], [ 110.442710520999981, -7.017430568, 0.0 ], [ 110.442527945999984, -7.017794305999985, 0.0 ], [ 110.442298979999975, -7.018125877999978, 0.0 ], [ 110.442084401999978, -7.018371828, 0.0 ], [ 110.441480198000022, -7.018902770000011, 0.0 ], [ 110.440661481, -7.019622572, 0.0 ], [ 110.439917885999989, -7.020238982000023, 0.0 ], [ 110.439478232, -7.020545323000022, 0.0 ], [ 110.439101107999988, -7.020679574999974, 0.0 ], [ 110.438988736, -7.020719578000012, 0.0 ], [ 110.437872168000013, -7.020956023, 0.0 ], [ 110.437361758, -7.02111097, 0.0 ], [ 110.436973876000025, -7.021281504, 0.0 ], [ 110.436736587999974, -7.021402772999977, 0.0 ], [ 110.436534371999983, -7.021509662000028, 0.0 ], [ 110.43629015099998, -7.021681054, 0.0 ], [ 110.435990146999984, -7.021938909000028, 0.0 ], [ 110.435442286000011, -7.022531596000022, 0.0 ], [ 110.43466867, -7.023368491999975, 0.0 ], [ 110.434184124000012, -7.023895325000012, 0.0 ], [ 110.433958363999977, -7.024145026999975, 0.0 ], [ 110.433721596, -7.024402957, 0.0 ], [ 110.433484824, -7.024663632999989, 0.0 ], [ 110.433292054, -7.024916121999979, 0.0 ], [ 110.433190136, -7.025069829000017, 0.0 ], [ 110.433041344, -7.025333358000012, 0.0 ], [ 110.43288220300002, -7.025705397000024, 0.0 ], [ 110.432637774, -7.026625371000023, 0.0 ], [ 110.432036992, -7.02864274, 0.0 ], [ 110.431700127999989, -7.029311371, 0.0 ], [ 110.431541986000013, -7.029725056000018, 0.0 ], [ 110.431328902000018, -7.03009838600002, 0.0 ], [ 110.431112295, -7.030354507000027, 0.0 ], [ 110.430873744, -7.030566648999979, 0.0 ], [ 110.430627926999989, -7.030723844000022, 0.0 ], [ 110.430406596000012, -7.030845662, 0.0 ], [ 110.429988525, -7.030962358000011, 0.0 ], [ 110.429464210999981, -7.031020321000028, 0.0 ], [ 110.428184769999973, -7.031098441999973, 0.0 ], [ 110.428161762, -7.031097960000011, 0.0 ], [ 110.427426579999974, -7.031082589, 0.0 ], [ 110.427419698, -7.031082611999977, 0.0 ] ] ] ] } },
{ "type": "Feature", "properties": { "KDCPUM": "33.74.15", "NAMOBJ": "Ngaliyan", "kec_id": "kec_08" }, "geometry": { "type": "MultiPolygon", "coordinates": [ [ [ [ 110.375311711, -7.003566928, 0.0 ], [ 110.375876252000012, -7.004142065, 0.0 ], [ 110.376832911, -7.005263387000014, 0.0 ], [ 110.377827989000025, -7.006317748000015, 0.0 ], [ 110.37844349400001, -7.006913557000018, 0.0 ], [ 110.378679652000017, -7.007142161, 0.0 ], [ 110.379837194, -7.008522218, 0.0 ], [ 110.380736585000022, -7.009490289999974, 0.0 ], [ 110.381291444, -7.010151565, 0.0 ], [ 110.381788955, -7.01070746, 0.0 ], [ 110.382181308999975, -7.011081327, 0.0 ], [ 110.382698186000027, -7.011484078000024, 0.0 ], [ 110.383205584, -7.01181022999998, 0.0 ], [ 110.383779941, -7.01222263, 0.0 ], [ 110.384287251999979, -7.01261579200002, 0.0 ], [ 110.386215616000015, -7.014038009999979, 0.0 ], [ 110.387086709000016, -7.014680546000022, 0.0 ], [ 110.387576184000011, -7.015020054999979, 0.0 ], [ 110.387580636999985, -7.015016291999984, 0.0 ], [ 110.387555, -7.015114, 0.0 ], [ 110.387529907999976, -7.015183644999979, 0.0 ], [ 110.387506, -7.01525, 0.0 ], [ 110.387529, -7.015486, 0.0 ], [ 110.387553, -7.015664, 0.0 ], [ 110.387599777, -7.015810067000018, 0.0 ], [ 110.387659, -7.015995, 0.0 ], [ 110.387705999, -7.016266, 0.0 ], [ 110.387705897999979, -7.016290127, 0.0 ], [ 110.387705, -7.016503001, 0.0 ], [ 110.387681, -7.016680001, 0.0 ], [ 110.387634, -7.016845, 0.0 ], [ 110.387539, -7.017058, 0.0 ], [ 110.38742, -7.017341, 0.0 ], [ 110.387384, -7.017436, 0.0 ], [ 110.387353, -7.017446, 0.0 ], [ 110.387389841000015, -7.017594014999986, 0.0 ], [ 110.387071655, -7.017638659999989, 0.0 ], [ 110.386614778000023, -7.017601881000019, 0.0 ], [ 110.385896549, -7.017510489000017, 0.0 ], [ 110.3854351, -7.017509883, 0.0 ], [ 110.385123232000012, -7.017572793999989, 0.0 ], [ 110.384556885999984, -7.017734868, 0.0 ], [ 110.384496916999979, -7.017725744000018, 0.0 ], [ 110.384427942, -7.017680428, 0.0 ], [ 110.384050473, -7.017716114, 0.0 ], [ 110.383897338999986, -7.017770187, 0.0 ], [ 110.383789461, -7.017833360999987, 0.0 ], [ 110.383681191999983, -7.017977945999974, 0.0 ], [ 110.383587166999973, -7.018050188000018, 0.0 ], [ 110.383505389999982, -7.018059124999979, 0.0 ], [ 110.383473324000022, -7.018131446999973, 0.0 ], [ 110.383451572000013, -7.018321373, 0.0 ], [ 110.383462181000027, -7.018429932, 0.0 ], [ 110.383497601999977, -7.01860184200001, 0.0 ], [ 110.383457895, -7.018891242999985, 0.0 ], [ 110.383386713999982, -7.019017786, 0.0 ], [ 110.383305643000028, -7.01913527, 0.0 ], [ 110.383269321, -7.019216632, 0.0 ], [ 110.3831791, -7.019406468, 0.0 ], [ 110.383095067999989, -7.019623447000015, 0.0 ], [ 110.383094675999985, -7.019921948999979, 0.0 ], [ 110.383069103000025, -7.020220414, 0.0 ], [ 110.38303541800002, -7.020446504, 0.0 ], [ 110.382817314000022, -7.020636172000025, 0.0 ], [ 110.382582661000015, -7.020717272000013, 0.0 ], [ 110.382298059999982, -7.02069880800002, 0.0 ], [ 110.381988411, -7.020580807999977, 0.0 ], [ 110.381728923000026, -7.020399558, 0.0 ], [ 110.381385964, -7.020010151, 0.0 ], [ 110.381168871, -7.019648048000022, 0.0 ], [ 110.38068402, -7.018941863, 0.0 ], [ 110.380375078999975, -7.018290185000012, 0.0 ], [ 110.380350019, -7.018199697, 0.0 ], [ 110.38022472199998, -7.017955304999987, 0.0 ], [ 110.380132656, -7.017828545999976, 0.0 ], [ 110.379990487999976, -7.017719813999975, 0.0 ], [ 110.379898587000014, -7.017683510999973, 0.0 ], [ 110.379664053, -7.017674155, 0.0 ], [ 110.379513241999973, -7.017683002000012, 0.0 ], [ 110.379487989999973, -7.01773724100002, 0.0 ], [ 110.379479713000023, -7.017791503000012, 0.0 ], [ 110.379496285000016, -7.017881980000027, 0.0 ], [ 110.379504396000016, -7.017954353, 0.0 ], [ 110.379445194000027, -7.018433682000023, 0.0 ], [ 110.379344218000028, -7.018840594999972, 0.0 ], [ 110.379192925999973, -7.019211257, 0.0 ], [ 110.37912557300001, -7.019437304, 0.0 ], [ 110.379058611, -7.019581943, 0.0 ], [ 110.37903325100001, -7.019717591000017, 0.0 ], [ 110.379024582, -7.01985326, 0.0 ], [ 110.379041143, -7.019952782000018, 0.0 ], [ 110.379082598000025, -7.020269429, 0.0 ], [ 110.379115953999985, -7.020504652999989, 0.0 ], [ 110.379073817, -7.020703595999976, 0.0 ], [ 110.378979141, -7.020810289999986, 0.0 ], [ 110.378937525000026, -7.020857190000015, 0.0 ], [ 110.378848704, -7.021056069999986, 0.0 ], [ 110.378778851999982, -7.021245932, 0.0 ], [ 110.378701019, -7.021481011, 0.0 ], [ 110.37863078700002, -7.02174323600002, 0.0 ], [ 110.378584099000022, -7.021960262999983, 0.0 ], [ 110.378564596999979, -7.022208982, 0.0 ], [ 110.378563, -7.022216, 0.0 ], [ 110.378563, -7.022365, 0.0 ], [ 110.378565356000024, -7.022447731, 0.0 ], [ 110.378572, -7.022681, 0.0 ], [ 110.378562, -7.022941001, 0.0 ], [ 110.378534, -7.023099, 0.0 ], [ 110.378487, -7.023136001000012, 0.0 ], [ 110.378384999, -7.023192000999984, 0.0 ], [ 110.378188998999974, -7.023183, 0.0 ], [ 110.377864, -7.022959001, 0.0 ], [ 110.377501, -7.022624, 0.0 ], [ 110.377306, -7.022447, 0.0 ], [ 110.377082, -7.022289, 0.0 ], [ 110.376863421, -7.022076492999986, 0.0 ], [ 110.376582756, -7.021894291000024, 0.0 ], [ 110.376217576999977, -7.021622442000023, 0.0 ], [ 110.375917386000026, -7.021413998000014, 0.0 ], [ 110.375657333, -7.02123274500002, 0.0 ], [ 110.375397319, -7.021024351999984, 0.0 ], [ 110.375272951, -7.020933733999982, 0.0 ], [ 110.375148016000026, -7.020841298999983, 0.0 ], [ 110.375125974000014, -7.020824990999984, 0.0 ], [ 110.374993169, -7.020698180000011, 0.0 ], [ 110.374838317000012, -7.020553247, 0.0 ], [ 110.374572681000018, -7.020317709999972, 0.0 ], [ 110.374318277999976, -7.020145507999985, 0.0 ], [ 110.374185373999978, -7.020091057, 0.0 ], [ 110.373991311, -7.020072707, 0.0 ], [ 110.373786446999986, -7.020090526999979, 0.0 ], [ 110.373630225999989, -7.020126499000014, 0.0 ], [ 110.373362421000024, -7.020243731, 0.0 ], [ 110.373210367000013, -7.020333983, 0.0 ], [ 110.373108909999985, -7.020460484000012, 0.0 ], [ 110.37303654599998, -7.020623205, 0.0 ], [ 110.373018022, -7.02066548900001, 0.0 ], [ 110.372949420999987, -7.020822087999989, 0.0 ], [ 110.372833403000016, -7.021048068000027, 0.0 ], [ 110.37271006200001, -7.021246904, 0.0 ], [ 110.372572328999979, -7.021418582000024, 0.0 ], [ 110.372304342, -7.021671493999975, 0.0 ], [ 110.372123309000017, -7.02185215999998, 0.0 ], [ 110.371906035999984, -7.022050870999976, 0.0 ], [ 110.371703304, -7.022168189000013, 0.0 ], [ 110.37152217, -7.022213173000011, 0.0 ], [ 110.371384975000012, -7.022194899999988, 0.0 ], [ 110.37118955699998, -7.022131318999982, 0.0 ], [ 110.371015949000025, -7.022049676, 0.0 ], [ 110.370719624, -7.021913598000026, 0.0 ], [ 110.370666195000013, -7.021884936999982, 0.0 ], [ 110.370504002000018, -7.021812, 0.0 ], [ 110.369846001999974, -7.021482, 0.0 ], [ 110.369583896, -7.021352841, 0.0 ], [ 110.369567451000023, -7.021351235, 0.0 ], [ 110.369097979, -7.021422966999978, 0.0 ], [ 110.368910140000025, -7.021404624000013, 0.0 ], [ 110.368774667000025, -7.021368259999974, 0.0 ], [ 110.368566344999977, -7.021223252000027, 0.0 ], [ 110.368399699, -7.021014985000022, 0.0 ], [ 110.368390681999983, -7.020987836000018, 0.0 ], [ 110.368290904999981, -7.020707292, 0.0 ], [ 110.368281804999981, -7.020641752000017, 0.0 ], [ 110.368254477, -7.020444927000028, 0.0 ], [ 110.36821820199998, -7.020282060999989, 0.0 ], [ 110.36811030299998, -7.019938189000015, 0.0 ], [ 110.368094636000023, -7.019929967, 0.0 ], [ 110.367713478999974, -7.019729911000013, 0.0 ], [ 110.367039057, -7.019375931000013, 0.0 ], [ 110.366831314000024, -7.019221876000017, 0.0 ], [ 110.366661411, -7.019122147000019, 0.0 ], [ 110.366503845000011, -7.019103844000028, 0.0 ], [ 110.366151038999988, -7.019103369, 0.0 ], [ 110.36585478, -7.019130104999988, 0.0 ], [ 110.365596053, -7.019229253999981, 0.0 ], [ 110.365306176999979, -7.019346454000015, 0.0 ], [ 110.365167410000026, -7.019445766, 0.0 ], [ 110.36504731399998, -7.019545101, 0.0 ], [ 110.364902249000011, -7.019698678, 0.0 ], [ 110.364575452, -7.019913294, 0.0 ], [ 110.364544877000014, -7.019933374, 0.0 ], [ 110.364526744999978, -7.019951440999989, 0.0 ], [ 110.364354588000026, -7.020144141, 0.0 ], [ 110.364359443000012, -7.020158365999976, 0.0 ], [ 110.36436, -7.020159998999986, 0.0 ], [ 110.364179611, -7.020372989, 0.0 ], [ 110.363530001000015, -7.021139999000013, 0.0 ], [ 110.363488718999974, -7.021189402, 0.0 ], [ 110.36352683299998, -7.020876996000027, 0.0 ], [ 110.363321069999984, -7.020694830000025, 0.0 ], [ 110.363225480999972, -7.02052716999998, 0.0 ], [ 110.363197028, -7.020311736999986, 0.0 ], [ 110.363283536999973, -7.020110821, 0.0 ], [ 110.363183170000013, -7.019933582000021, 0.0 ], [ 110.362967804, -7.019768152999973, 0.0 ], [ 110.362809921, -7.019609984999988, 0.0 ], [ 110.362687900000026, -7.019502121000016, 0.0 ], [ 110.362680929000021, -7.019344156999978, 0.0 ], [ 110.362839329999986, -7.019121798000015, 0.0 ], [ 110.36298327999998, -7.018956855999988, 0.0 ], [ 110.36303383, -7.01877743, 0.0 ], [ 110.363012543000025, -7.018576366, 0.0 ], [ 110.362861807, -7.018446926000024, 0.0 ], [ 110.36256007999998, -7.018374716999972, 0.0 ], [ 110.362337304, -7.018374414, 0.0 ], [ 110.362272795000024, -7.01825227, 0.0 ], [ 110.362165323, -7.018015190000028, 0.0 ], [ 110.362129529000015, -7.017914624000014, 0.0 ], [ 110.362086762999979, -7.017656094000017, 0.0 ], [ 110.361907399000017, -7.017440455999974, 0.0 ], [ 110.361835741999982, -7.017289581, 0.0 ], [ 110.361836005999976, -7.017095727000026, 0.0 ], [ 110.361764377999975, -7.016923314, 0.0 ], [ 110.36175010300002, -7.016851498, 0.0 ], [ 110.361800513, -7.016772587999981, 0.0 ], [ 110.361944279, -7.016744065000012, 0.0 ], [ 110.362016327999982, -7.016607744999988, 0.0 ], [ 110.362038218, -7.016363662, 0.0 ], [ 110.361495274999982, -7.014840787000026, 0.0 ], [ 110.36132, -7.01487, 0.0 ], [ 110.36094, -7.01499, 0.0 ], [ 110.36047, -7.01515, 0.0 ], [ 110.36001, -7.01531, 0.0 ], [ 110.3596, -7.015510001, 0.0 ], [ 110.35945, -7.015629999, 0.0 ], [ 110.35936, -7.01577, 0.0 ], [ 110.35934, -7.01582, 0.0 ], [ 110.359320226000023, -7.016117684999983, 0.0 ], [ 110.359262175000026, -7.016529247999983, 0.0 ], [ 110.359194914, -7.016667966, 0.0 ], [ 110.359079695999981, -7.016840124, 0.0 ], [ 110.358758448, -7.017031147000012, 0.0 ], [ 110.358528343999978, -7.017136135999976, 0.0 ], [ 110.358346258999973, -7.017159820000018, 0.0 ], [ 110.358221716, -7.017145289999974, 0.0 ], [ 110.358054109000022, -7.017092408999986, 0.0 ], [ 110.357699790000026, -7.016943541999979, 0.0 ], [ 110.357479404, -7.016948027000012, 0.0 ], [ 110.357282935, -7.01698126399998, 0.0 ], [ 110.357069998999975, -7.01704, 0.0 ], [ 110.35698, -7.01714, 0.0 ], [ 110.35694, -7.01728, 0.0 ], [ 110.35686, -7.01745, 0.0 ], [ 110.3568, -7.01749, 0.0 ], [ 110.356716317, -7.01749, 0.0 ], [ 110.3567, -7.01749, 0.0 ], [ 110.356693873999973, -7.017489617000024, 0.0 ], [ 110.35667031600002, -7.017488145000016, 0.0 ], [ 110.356666067, -7.017487879999976, 0.0 ], [ 110.356642651000016, -7.017486415, 0.0 ], [ 110.356622582, -7.017485161000025, 0.0 ], [ 110.356605071, -7.017484067, 0.0 ], [ 110.356566274999977, -7.017481642, 0.0 ], [ 110.356542784999988, -7.017480174000013, 0.0 ], [ 110.35654, -7.017480001000024, 0.0 ], [ 110.3565, -7.01748, 0.0 ], [ 110.35633, -7.01757, 0.0 ], [ 110.356249999, -7.0177, 0.0 ], [ 110.35623, -7.01797, 0.0 ], [ 110.35621, -7.01823, 0.0 ], [ 110.35614, -7.01833, 0.0 ], [ 110.356119589, -7.018345308, 0.0 ], [ 110.356094563, -7.018364078, 0.0 ], [ 110.356049499999983, -7.018397876999984, 0.0 ], [ 110.356043284, -7.018402539000022, 0.0 ], [ 110.35602, -7.01842, 0.0 ], [ 110.356013301000019, -7.018424692, 0.0 ], [ 110.356002365999984, -7.018432346999987, 0.0 ], [ 110.355964355000026, -7.018458953999982, 0.0 ], [ 110.355941589999986, -7.018474889, 0.0 ], [ 110.355922419000024, -7.018488307999974, 0.0 ], [ 110.355888210999979, -7.018512252999983, 0.0 ], [ 110.355869783, -7.018525152999985, 0.0 ], [ 110.355792275, -7.018579408999983, 0.0 ], [ 110.355750135999983, -7.018608905, 0.0 ], [ 110.35572, -7.01863000100002, 0.0 ], [ 110.35571, -7.018710000999988, 0.0 ], [ 110.35574, -7.0189, 0.0 ], [ 110.355800000999977, -7.01913, 0.0 ], [ 110.35578, -7.01933, 0.0 ], [ 110.35571, -7.01944, 0.0 ], [ 110.35546334999998, -7.019745845999978, 0.0 ], [ 110.355435078000028, -7.019770768, 0.0 ], [ 110.355429382000011, -7.019775514, 0.0 ], [ 110.35528, -7.019900001, 0.0 ], [ 110.355, -7.02013, 0.0 ], [ 110.35494, -7.02024, 0.0 ], [ 110.35488, -7.020310000999984, 0.0 ], [ 110.35455, -7.02079, 0.0 ], [ 110.35452, -7.02084, 0.0 ], [ 110.354320001000019, -7.02118, 0.0 ], [ 110.35419, -7.02111, 0.0 ], [ 110.35385, -7.02093, 0.0 ], [ 110.35363, -7.02083, 0.0 ], [ 110.35337, -7.02075, 0.0 ], [ 110.35314, -7.02067, 0.0 ], [ 110.35226, -7.02052, 0.0 ], [ 110.35187, -7.0204, 0.0 ], [ 110.3516, -7.02038, 0.0 ], [ 110.35097, -7.02037, 0.0 ], [ 110.3505, -7.02032, 0.0 ], [ 110.350309513000013, -7.020300295000027, 0.0 ], [ 110.34992, -7.02026, 0.0 ], [ 110.349636428999986, -7.020212738999987, 0.0 ], [ 110.349572517000013, -7.020202086999973, 0.0 ], [ 110.34932, -7.02016, 0.0 ], [ 110.348839999, -7.02014, 0.0 ], [ 110.34837, -7.02, 0.0 ], [ 110.34799, -7.019860000999984, 0.0 ], [ 110.34768, -7.01975, 0.0 ], [ 110.34762, -7.01973, 0.0 ], [ 110.34679, -7.019510001000015, 0.0 ], [ 110.34665, -7.019490001, 0.0 ], [ 110.34635, -7.01946, 0.0 ], [ 110.346130001, -7.01944, 0.0 ], [ 110.34601, -7.01942, 0.0 ], [ 110.34528, -7.01931, 0.0 ], [ 110.34491, -7.01929, 0.0 ], [ 110.34404, -7.0193, 0.0 ], [ 110.34312, -7.0193, 0.0 ], [ 110.34295000100002, -7.01931, 0.0 ], [ 110.34272, -7.01932, 0.0 ], [ 110.342579999, -7.01932, 0.0 ], [ 110.342494154, -7.01932, 0.0 ], [ 110.342277057, -7.020391174, 0.0 ], [ 110.342122432, -7.020477114000016, 0.0 ], [ 110.341707798000016, -7.020636879999984, 0.0 ], [ 110.340521552999974, -7.020994202999987, 0.0 ], [ 110.340057855, -7.021122787000024, 0.0 ], [ 110.339651646, -7.021251452, 0.0 ], [ 110.339349659, -7.021365903, 0.0 ], [ 110.339144689000022, -7.021480489999988, 0.0 ], [ 110.338950465999972, -7.021616632000018, 0.0 ], [ 110.338659185999973, -7.021781357, 0.0 ], [ 110.338303226, -7.021949579000022, 0.0 ], [ 110.338033758999984, -7.021934838999982, 0.0 ], [ 110.337530798999978, -7.021876691999978, 0.0 ], [ 110.337290128, -7.021826093000016, 0.0 ], [ 110.336697481999977, -7.021667300999979, 0.0 ], [ 110.336210000999984, -7.021509998999989, 0.0 ], [ 110.33596, -7.02205, 0.0 ], [ 110.335889999000017, -7.02215, 0.0 ], [ 110.33584, -7.02228, 0.0 ], [ 110.33579, -7.022289999, 0.0 ], [ 110.335698697, -7.022277550000013, 0.0 ], [ 110.33535, -7.02223, 0.0 ], [ 110.33499, -7.02217, 0.0 ], [ 110.33466, -7.022100001000013, 0.0 ], [ 110.334660353, -7.022060201999977, 0.0 ], [ 110.334692213999972, -7.021890086999974, 0.0 ], [ 110.334836784, -7.021169228000019, 0.0 ], [ 110.334837178999976, -7.021144817, 0.0 ], [ 110.334806671000024, -7.021120721999978, 0.0 ], [ 110.334747407, -7.021104842, 0.0 ], [ 110.33398789, -7.020921278, 0.0 ], [ 110.333642086, -7.020852819000027, 0.0 ], [ 110.333445224, -7.020823342000028, 0.0 ], [ 110.333212437999975, -7.020788069999981, 0.0 ], [ 110.332434350000028, -7.020599491999974, 0.0 ], [ 110.332108657, -7.020539675, 0.0 ], [ 110.331481155, -7.020468898, 0.0 ], [ 110.32908332, -7.019889658000011, 0.0 ], [ 110.328457518, -7.019748280999977, 0.0 ], [ 110.327402166000013, -7.019747939000013, 0.0 ], [ 110.326096748999987, -7.019768683, 0.0 ], [ 110.325233663, -7.019778931000019, 0.0 ], [ 110.323502030999975, -7.019682024000019, 0.0 ], [ 110.322221866, -7.019518872, 0.0 ], [ 110.321967492999988, -7.019504144, 0.0 ], [ 110.321740391, -7.019516023, 0.0 ], [ 110.321700846999988, -7.019528888000025, 0.0 ], [ 110.321635048000019, -7.019585514000028, 0.0 ], [ 110.321527733999972, -7.019717565, 0.0 ], [ 110.32134341, -7.019921263000015, 0.0 ], [ 110.321173602999977, -7.020068203, 0.0 ], [ 110.321002522000015, -7.020100264, 0.0 ], [ 110.320861655999977, -7.020110830000021, 0.0 ], [ 110.320244823999985, -7.020195890000025, 0.0 ], [ 110.320075907999978, -7.020222212000021, 0.0 ], [ 110.319857349000017, -7.020289382999977, 0.0 ], [ 110.31965255199998, -7.020281189, 0.0 ], [ 110.319441745, -7.020254796000017, 0.0 ], [ 110.31853686, -7.019961985, 0.0 ], [ 110.318241392, -7.019873964, 0.0 ], [ 110.317441527000028, -7.019683686, 0.0 ], [ 110.316853684000023, -7.019524876, 0.0 ], [ 110.316443177999986, -7.01931367200001, 0.0 ], [ 110.315931192999983, -7.019019431, 0.0 ], [ 110.315798993999977, -7.01901396, 0.0 ], [ 110.315740447, -7.019011536999983, 0.0 ], [ 110.315568031999987, -7.019004402, 0.0 ], [ 110.315331801000013, -7.018994627999973, 0.0 ], [ 110.315043823, -7.018982710999978, 0.0 ], [ 110.314836628000023, -7.018974136999987, 0.0 ], [ 110.314607957000021, -7.018964675, 0.0 ], [ 110.314364173, -7.018954587, 0.0 ], [ 110.314113704000022, -7.018944222000016, 0.0 ], [ 110.31377, -7.01893, 0.0 ], [ 110.31354, -7.01895, 0.0 ], [ 110.3131, -7.018960000999982, 0.0 ], [ 110.31279, -7.019000001, 0.0 ], [ 110.31141, -7.01924, 0.0 ], [ 110.3112, -7.01929, 0.0 ], [ 110.311043059999975, -7.019347069999981, 0.0 ], [ 110.311027033000016, -7.019352896999976, 0.0 ], [ 110.310924091, -7.019390331000011, 0.0 ], [ 110.310924046000025, -7.019390348, 0.0 ], [ 110.310869998999976, -7.019410000999983, 0.0 ], [ 110.310786420999989, -7.019438929999978, 0.0 ], [ 110.310774704999972, -7.019442985000012, 0.0 ], [ 110.310605122000027, -7.019501688999981, 0.0 ], [ 110.310358603, -7.019587022, 0.0 ], [ 110.310216012000012, -7.019636381, 0.0 ], [ 110.310190522000028, -7.019645204000028, 0.0 ], [ 110.310083046999978, -7.019682407, 0.0 ], [ 110.30983, -7.01977, 0.0 ], [ 110.309782534000021, -7.019793734000018, 0.0 ], [ 110.309728980999978, -7.019820510999978, 0.0 ], [ 110.309502948999977, -7.019933526999978, 0.0 ], [ 110.30945, -7.01996, 0.0 ], [ 110.30966, -7.02032, 0.0 ], [ 110.30977, -7.02057, 0.0 ], [ 110.30992, -7.02085, 0.0 ], [ 110.30995, -7.02091, 0.0 ], [ 110.30996, -7.020950001000017, 0.0 ], [ 110.31001, -7.02118, 0.0 ], [ 110.31034, -7.02205, 0.0 ], [ 110.31053, -7.022559999, 0.0 ], [ 110.31025, -7.02262, 0.0 ], [ 110.30981, -7.02266, 0.0 ], [ 110.30954, -7.02268, 0.0 ], [ 110.30919, -7.02268, 0.0 ], [ 110.30899, -7.02267, 0.0 ], [ 110.308550001000015, -7.02266, 0.0 ], [ 110.307379998999977, -7.022609999, 0.0 ], [ 110.30691, -7.02258, 0.0 ], [ 110.30653, -7.02253, 0.0 ], [ 110.30649, -7.022530001, 0.0 ], [ 110.30597, -7.02241, 0.0 ], [ 110.30585, -7.02243, 0.0 ], [ 110.30579, -7.022490001, 0.0 ], [ 110.30569, -7.02264, 0.0 ], [ 110.30567, -7.02268, 0.0 ], [ 110.305640000999972, -7.02277, 0.0 ], [ 110.30549, -7.02302000100002, 0.0 ], [ 110.30544, -7.0231, 0.0 ], [ 110.305369999, -7.02321, 0.0 ], [ 110.305290001, -7.02332, 0.0 ], [ 110.30511, -7.023390001, 0.0 ], [ 110.304920001000028, -7.02342, 0.0 ], [ 110.3047, -7.02345, 0.0 ], [ 110.30393, -7.023469998999985, 0.0 ], [ 110.3035, -7.02346, 0.0 ], [ 110.303280001000019, -7.02346, 0.0 ], [ 110.30312, -7.02346, 0.0 ], [ 110.30258, -7.02342, 0.0 ], [ 110.30213, -7.023390001, 0.0 ], [ 110.30192, -7.0234, 0.0 ], [ 110.30184, -7.023410001, 0.0 ], [ 110.30173, -7.02334, 0.0 ], [ 110.30117, -7.02318, 0.0 ], [ 110.3008, -7.02309, 0.0 ], [ 110.300300000999982, -7.023040001000027, 0.0 ], [ 110.29983, -7.02305, 0.0 ], [ 110.29963, -7.02306, 0.0 ], [ 110.299525238, -7.023089932, 0.0 ], [ 110.299507702000028, -7.023094942, 0.0 ], [ 110.29921, -7.02318, 0.0 ], [ 110.299161858, -7.023186878, 0.0 ], [ 110.29907, -7.0232, 0.0 ], [ 110.298914387000025, -7.023263973999974, 0.0 ], [ 110.298839338999983, -7.023294826999972, 0.0 ], [ 110.298648325999977, -7.023373355, 0.0 ], [ 110.298558007999986, -7.023410485999989, 0.0 ], [ 110.29817, -7.02357, 0.0 ], [ 110.29799, -7.02363, 0.0 ], [ 110.2979, -7.02363, 0.0 ], [ 110.29782, -7.02363, 0.0 ], [ 110.29762, -7.0235, 0.0 ], [ 110.297569429000021, -7.023462071999973, 0.0 ], [ 110.297497728999986, -7.023408296000014, 0.0 ], [ 110.297487612, -7.023400708999986, 0.0 ], [ 110.29746, -7.02338, 0.0 ], [ 110.297405931000014, -7.023334249000015, 0.0 ], [ 110.297390517999986, -7.023321206999981, 0.0 ], [ 110.29733, -7.023270001000014, 0.0 ], [ 110.29698, -7.02312, 0.0 ], [ 110.2967, -7.023040001000027, 0.0 ], [ 110.296440001, -7.022980001, 0.0 ], [ 110.29619, -7.022880000999976, 0.0 ], [ 110.29611, -7.022849998000027, 0.0 ], [ 110.29607, -7.022659998999984, 0.0 ], [ 110.29598, -7.022589999, 0.0 ], [ 110.2958, -7.02254, 0.0 ], [ 110.29553, -7.02249, 0.0 ], [ 110.29548, -7.022490001, 0.0 ], [ 110.294579999, -7.02241, 0.0 ], [ 110.29432, -7.02239, 0.0 ], [ 110.29405, -7.022359999, 0.0 ], [ 110.29397, -7.02235, 0.0 ], [ 110.29391, -7.02219, 0.0 ], [ 110.2937, -7.02174, 0.0 ], [ 110.29367000100001, -7.02168, 0.0 ], [ 110.29337, -7.02115, 0.0 ], [ 110.29316, -7.02073, 0.0 ], [ 110.29317, -7.019989999000018, 0.0 ], [ 110.29319, -7.019800001000021, 0.0 ], [ 110.29334, -7.018849999, 0.0 ], [ 110.29342, -7.018320001, 0.0 ], [ 110.293516999000019, -7.017825309999978, 0.0 ], [ 110.293519999000011, -7.01781, 0.0 ], [ 110.293546865, -7.01767030000002, 0.0 ], [ 110.29357, -7.01755, 0.0 ], [ 110.293584404, -7.017405960000019, 0.0 ], [ 110.29358944400002, -7.017355561999977, 0.0 ], [ 110.29361, -7.017150001, 0.0 ], [ 110.293633485999976, -7.017013779000024, 0.0 ], [ 110.29366, -7.01686, 0.0 ], [ 110.29373, -7.016529999, 0.0 ], [ 110.29375, -7.016079999, 0.0 ], [ 110.293711888000018, -7.016021561, 0.0 ], [ 110.293706918, -7.016013939, 0.0 ], [ 110.293702758999984, -7.016007562000027, 0.0 ], [ 110.2936, -7.01585, 0.0 ], [ 110.293240001000015, -7.01564, 0.0 ], [ 110.29271, -7.01537, 0.0 ], [ 110.29198, -7.01507, 0.0 ], [ 110.29165, -7.01494, 0.0 ], [ 110.29113, -7.01484, 0.0 ], [ 110.290570001, -7.01478, 0.0 ], [ 110.28983999899998, -7.014749998000013, 0.0 ], [ 110.28958, -7.01491, 0.0 ], [ 110.289462390999972, -7.014933521999978, 0.0 ], [ 110.289401435, -7.014945711999985, 0.0 ], [ 110.289379999, -7.014949999, 0.0 ], [ 110.28902, -7.01488, 0.0 ], [ 110.28872, -7.01474, 0.0 ], [ 110.28866, -7.014699999000015, 0.0 ], [ 110.288635068000019, -7.014581571, 0.0 ], [ 110.28862, -7.014509998999984, 0.0 ], [ 110.288490298999989, -7.014370321, 0.0 ], [ 110.28849, -7.01437, 0.0 ], [ 110.28826, -7.014320000999987, 0.0 ], [ 110.28798, -7.01424, 0.0 ], [ 110.287799999000015, -7.0142, 0.0 ], [ 110.28763, -7.01421, 0.0 ], [ 110.2874, -7.014289999000027, 0.0 ], [ 110.28717, -7.014269999000021, 0.0 ], [ 110.28664, -7.01415, 0.0 ], [ 110.28642, -7.014079998999989, 0.0 ], [ 110.286259998999981, -7.01394, 0.0 ], [ 110.28599, -7.013649999, 0.0 ], [ 110.285830001000022, -7.013540001000024, 0.0 ], [ 110.28555, -7.013540001000024, 0.0 ], [ 110.28536, -7.013539998, 0.0 ], [ 110.28516, -7.013469999, 0.0 ], [ 110.285120213000027, -7.013416092999989, 0.0 ], [ 110.285040747999972, -7.01330843300002, 0.0 ], [ 110.28485, -7.01305, 0.0 ], [ 110.28475, -7.01294, 0.0 ], [ 110.284510015000023, -7.012860003000014, 0.0 ], [ 110.284500944, -7.012856982000017, 0.0 ], [ 110.28448, -7.01285, 0.0 ], [ 110.284478665999984, -7.012849834, 0.0 ], [ 110.284487303, -7.012846546999981, 0.0 ], [ 110.284562094000023, -7.012818079, 0.0 ], [ 110.284629666, -7.012603884999976, 0.0 ], [ 110.284644841999977, -7.012543627000014, 0.0 ], [ 110.2846452, -7.012538377, 0.0 ], [ 110.284704628999975, -7.011667745000011, 0.0 ], [ 110.284711437999988, -7.011657964999984, 0.0 ], [ 110.285294191999981, -7.010820927, 0.0 ], [ 110.28553605899998, -7.010476557, 0.0 ], [ 110.285645988999988, -7.010317816999986, 0.0 ], [ 110.28568723, -7.010258264000015, 0.0 ], [ 110.28573564200002, -7.010150343000021, 0.0 ], [ 110.285743296000021, -7.010101948, 0.0 ], [ 110.285762745999989, -7.009978973999978, 0.0 ], [ 110.285682294000026, -7.009361050999985, 0.0 ], [ 110.285465891, -7.008693011, 0.0 ], [ 110.285302069000011, -7.008445635999976, 0.0 ], [ 110.285243356000024, -7.008356978, 0.0 ], [ 110.284909852, -7.008057958, 0.0 ], [ 110.284763345999977, -7.007926598999973, 0.0 ], [ 110.283626464, -7.007193758000028, 0.0 ], [ 110.283104681999987, -7.007005736999986, 0.0 ], [ 110.282452397999975, -7.006943, 0.0 ], [ 110.282508265999979, -7.006599828999981, 0.0 ], [ 110.282677562, -7.005638568, 0.0 ], [ 110.282732462000013, -7.005394953, 0.0 ], [ 110.282451002000016, -7.005038067999976, 0.0 ], [ 110.281587719000015, -7.004721712999981, 0.0 ], [ 110.280957245000025, -7.004583777, 0.0 ], [ 110.280463686000019, -7.004569324999977, 0.0 ], [ 110.280230754, -7.004473088, 0.0 ], [ 110.280240777000017, -7.004396413, 0.0 ], [ 110.280286247, -7.004048558000022, 0.0 ], [ 110.280568377, -7.003604805, 0.0 ], [ 110.280569470999978, -7.003603085, 0.0 ], [ 110.280581481000013, -7.003547647, 0.0 ], [ 110.280601478999984, -7.003455342, 0.0 ], [ 110.280630122, -7.003323130000012, 0.0 ], [ 110.280731012, -7.003155073000016, 0.0 ], [ 110.280798518999973, -7.003042622, 0.0 ], [ 110.280949140000018, -7.002868121, 0.0 ], [ 110.280937236999989, -7.002625930000022, 0.0 ], [ 110.280878429999973, -7.002168284999982, 0.0 ], [ 110.280699921, -7.001674417, 0.0 ], [ 110.280463586999986, -7.001253001, 0.0 ], [ 110.280486165000013, -7.000785650000012, 0.0 ], [ 110.280508740000016, -7.000682644999983, 0.0 ], [ 110.280693400000018, -6.999840081, 0.0 ], [ 110.280839766999975, -6.999091911999983, 0.0 ], [ 110.280888569000012, -6.999074415999985, 0.0 ], [ 110.280911275999983, -6.999066275000018, 0.0 ], [ 110.28147997100001, -6.998869216, 0.0 ], [ 110.281978665, -6.998820163, 0.0 ], [ 110.282264035000026, -6.998528830999987, 0.0 ], [ 110.282273228, -6.998521229, 0.0 ], [ 110.282388292, -6.998426091999988, 0.0 ], [ 110.282689092, -6.998177383999973, 0.0 ], [ 110.283317151, -6.997374198999978, 0.0 ], [ 110.283459907, -6.99724267900001, 0.0 ], [ 110.283602476999988, -6.99711133, 0.0 ], [ 110.283927577999975, -6.996932179999988, 0.0 ], [ 110.28400170499998, -6.996891332000018, 0.0 ], [ 110.284156084000017, -6.996896255000024, 0.0 ], [ 110.284691685999974, -6.996913334999988, 0.0 ], [ 110.285449922, -6.997066035999978, 0.0 ], [ 110.285665243999972, -6.99720277199998, 0.0 ], [ 110.285893692, -6.997347843, 0.0 ], [ 110.286322446999975, -6.997620115000018, 0.0 ], [ 110.286414775000026, -6.99767874600002, 0.0 ], [ 110.286514158999978, -6.997685542999989, 0.0 ], [ 110.286849559000018, -6.997708481000018, 0.0 ], [ 110.287558610000019, -6.997177889999989, 0.0 ], [ 110.287589249, -6.997094346999972, 0.0 ], [ 110.287583706000021, -6.997085084999981, 0.0 ], [ 110.2874797, -6.996911309999973, 0.0 ], [ 110.287425063, -6.996728356, 0.0 ], [ 110.287407092000024, -6.996508883999979, 0.0 ], [ 110.28740742399998, -6.996289439, 0.0 ], [ 110.287354333, -6.995977262999986, 0.0 ], [ 110.287200582000025, -6.995713938999984, 0.0 ], [ 110.287091528000019, -6.995623938, 0.0 ], [ 110.286995368000021, -6.995501871999977, 0.0 ], [ 110.286873644000025, -6.995296349, 0.0 ], [ 110.286828908000018, -6.995148694000022, 0.0 ], [ 110.286832108, -6.995083548000025, 0.0 ], [ 110.286833038999987, -6.995064581, 0.0 ], [ 110.28687606, -6.995031342, 0.0 ], [ 110.286934374, -6.995021152999982, 0.0 ], [ 110.287024753000026, -6.995010394000019, 0.0 ], [ 110.287262264, -6.994874910000021, 0.0 ], [ 110.2872941, -6.994817864000026, 0.0 ], [ 110.287294780000025, -6.994807901, 0.0 ], [ 110.287300593999987, -6.994722716000012, 0.0 ], [ 110.28726892100002, -6.994671917, 0.0 ], [ 110.287199169000019, -6.994608373, 0.0 ], [ 110.287142126999981, -6.99453850499998, 0.0 ], [ 110.287085142000024, -6.994430573999978, 0.0 ], [ 110.287092562999987, -6.9936009, 0.0 ], [ 110.287057546000028, -6.993451199999981, 0.0 ], [ 110.287035678, -6.993345534000014, 0.0 ], [ 110.28702698, -6.993270697000014, 0.0 ], [ 110.287005086000022, -6.993182635999972, 0.0 ], [ 110.286952305999989, -6.993125339000017, 0.0 ], [ 110.286798120000014, -6.993120703999978, 0.0 ], [ 110.28671874600002, -6.993168998999977, 0.0 ], [ 110.286685524, -6.993240948999983, 0.0 ], [ 110.286643605, -6.993331736000016, 0.0 ], [ 110.286630227999979, -6.993437348999976, 0.0 ], [ 110.28658152600002, -6.993595723999988, 0.0 ], [ 110.286554758000023, -6.993665605999979, 0.0 ], [ 110.28654614200002, -6.993688099999986, 0.0 ], [ 110.286493168999982, -6.993758441000011, 0.0 ], [ 110.286365288000013, -6.993837472999985, 0.0 ], [ 110.286281562, -6.993850549, 0.0 ], [ 110.286096631000021, -6.993784248999987, 0.0 ], [ 110.285951381000018, -6.993696000999989, 0.0 ], [ 110.285461284, -6.993091252, 0.0 ], [ 110.285311216000025, -6.992914325000015, 0.0 ], [ 110.285249541999974, -6.992764036999972, 0.0 ], [ 110.285240927000018, -6.992613829, 0.0 ], [ 110.285249662000012, -6.992532122, 0.0 ], [ 110.285258869000018, -6.992445992, 0.0 ], [ 110.285250307000013, -6.992260445, 0.0 ], [ 110.285232808999979, -6.992136730000027, 0.0 ], [ 110.285224912, -6.992129635000026, 0.0 ], [ 110.284976702999984, -6.991906631, 0.0 ], [ 110.284817590999978, -6.991862216000015, 0.0 ], [ 110.284641205000014, -6.991891308999982, 0.0 ], [ 110.284605297999974, -6.991897231999985, 0.0 ], [ 110.284490173999984, -6.992003077, 0.0 ], [ 110.284330403000013, -6.992391571999974, 0.0 ], [ 110.284283424000023, -6.99254534, 0.0 ], [ 110.284179314000028, -6.992886100000021, 0.0 ], [ 110.284073047, -6.992983123999977, 0.0 ], [ 110.284002287000021, -6.992991851, 0.0 ], [ 110.283852003999982, -6.992956283000012, 0.0 ], [ 110.28376368, -6.992885468999987, 0.0 ], [ 110.283693081000024, -6.992788177000023, 0.0 ], [ 110.283691893000025, -6.992753467, 0.0 ], [ 110.283659215, -6.991798609999989, 0.0 ], [ 110.283589181000025, -6.991330249999976, 0.0 ], [ 110.283537355000021, -6.991195882999989, 0.0 ], [ 110.283537109, -6.991195244999972, 0.0 ], [ 110.283483479999973, -6.991056206, 0.0 ], [ 110.283095106000019, -6.990747272000021, 0.0 ], [ 110.282840712, -6.990709681999988, 0.0 ], [ 110.282685539999989, -6.990721846999975, 0.0 ], [ 110.282306910999978, -6.990758471999982, 0.0 ], [ 110.282046197999989, -6.990795275999972, 0.0 ], [ 110.281835199999989, -6.990788754, 0.0 ], [ 110.28174838000001, -6.99074522, 0.0 ], [ 110.281680236999989, -6.990664512000023, 0.0 ], [ 110.281674200999987, -6.990552897999976, 0.0 ], [ 110.281709106, -6.990494088, 0.0 ], [ 110.281731147000016, -6.990456952999978, 0.0 ], [ 110.281755088000011, -6.990416616, 0.0 ], [ 110.281773604000023, -6.990397089, 0.0 ], [ 110.281860763, -6.990305171999978, 0.0 ], [ 110.282018271000027, -6.990053937000027, 0.0 ], [ 110.282157037, -6.98974328700001, 0.0 ], [ 110.282157129999973, -6.989681931, 0.0 ], [ 110.282157287000018, -6.989579221999975, 0.0 ], [ 110.28219218800001, -6.989363399000013, 0.0 ], [ 110.282235576, -6.98925121000002, 0.0 ], [ 110.28224493, -6.989242823999973, 0.0 ], [ 110.282322125, -6.989173626000024, 0.0 ], [ 110.28250372399998, -6.98911345800002, 0.0 ], [ 110.282961809000028, -6.989114154999982, 0.0 ], [ 110.283091442999989, -6.989122986999973, 0.0 ], [ 110.283281487000011, -6.989192356, 0.0 ], [ 110.283419658000014, -6.989270282, 0.0 ], [ 110.283557842999983, -6.989339572, 0.0 ], [ 110.283704683999986, -6.989400241, 0.0 ], [ 110.283799693999981, -6.989443559999984, 0.0 ], [ 110.283920645000023, -6.989478283999972, 0.0 ], [ 110.284179847000019, -6.989539123999975, 0.0 ], [ 110.284300877000021, -6.989522038000018, 0.0 ], [ 110.284324497, -6.989480887000013, 0.0 ], [ 110.284335542, -6.989461644000016, 0.0 ], [ 110.284335791999979, -6.989297578999981, 0.0 ], [ 110.284344592000025, -6.98919397200001, 0.0 ], [ 110.284401227999979, -6.989157315999989, 0.0 ], [ 110.284491425999988, -6.989098937, 0.0 ], [ 110.284517626000024, -6.989081979, 0.0 ], [ 110.284595505000027, -6.989082097, 0.0 ], [ 110.284794205000026, -6.989082398999983, 0.0 ], [ 110.285114132999979, -6.988996534000023, 0.0 ], [ 110.285274478000019, -6.988940146, 0.0 ], [ 110.285293207999985, -6.988909631000013, 0.0 ], [ 110.285320886000022, -6.988864536999984, 0.0 ], [ 110.28535051, -6.988755266999988, 0.0 ], [ 110.285346523999976, -6.988608105000026, 0.0 ], [ 110.285287767, -6.988502905000018, 0.0 ], [ 110.285170130999973, -6.988372389, 0.0 ], [ 110.284985231, -6.988195522000012, 0.0 ], [ 110.284813046000011, -6.987959811999986, 0.0 ], [ 110.284574455999973, -6.987519154999973, 0.0 ], [ 110.284542957999975, -6.987365884999974, 0.0 ], [ 110.28454631, -6.987105966, 0.0 ], [ 110.284548953000012, -6.986900944000013, 0.0 ], [ 110.284567633, -6.986834192, 0.0 ], [ 110.284726681, -6.986265820000028, 0.0 ], [ 110.284748652000019, -6.986187304999987, 0.0 ], [ 110.284774878, -6.986151141, 0.0 ], [ 110.28480940999998, -6.986103524999976, 0.0 ], [ 110.284982222, -6.985940702, 0.0 ], [ 110.285075471000027, -6.985959481, 0.0 ], [ 110.285271073, -6.986146159999976, 0.0 ], [ 110.285322334, -6.986174195999979, 0.0 ], [ 110.285396891, -6.98621624499998, 0.0 ], [ 110.285471465, -6.986248975000024, 0.0 ], [ 110.285536745, -6.986258394, 0.0 ], [ 110.285699981999983, -6.986258641, 0.0 ], [ 110.285793357999978, -6.986193549, 0.0 ], [ 110.285863486999972, -6.986081824999985, 0.0 ], [ 110.285851442000023, -6.986035811000022, 0.0 ], [ 110.285817117000022, -6.985904690999973, 0.0 ], [ 110.285747378, -6.985760138999979, 0.0 ], [ 110.285621827, -6.985512991, 0.0 ], [ 110.285636031000024, -6.985373224999989, 0.0 ], [ 110.285720164, -6.985252205, 0.0 ], [ 110.28582745, -6.985184942999979, 0.0 ], [ 110.285846209999988, -6.985173181999983, 0.0 ], [ 110.286159521, -6.985080642000014, 0.0 ], [ 110.286202942999978, -6.985109658, 0.0 ], [ 110.286215636, -6.98511814, 0.0 ], [ 110.286216212, -6.985125172999972, 0.0 ], [ 110.286234019, -6.985342645, 0.0 ], [ 110.286233579, -6.985632595000027, 0.0 ], [ 110.286439455999982, -6.985689025999989, 0.0 ], [ 110.286601689, -6.985559763000026, 0.0 ], [ 110.286720655000011, -6.985464974000024, 0.0 ], [ 110.286779562999982, -6.985457708000013, 0.0 ], [ 110.286870474000011, -6.985446493999973, 0.0 ], [ 110.286925591, -6.9853794, 0.0 ], [ 110.286954888000025, -6.985343736, 0.0 ], [ 110.287123486999974, -6.985287871000025, 0.0 ], [ 110.287376272000017, -6.98531301700001, 0.0 ], [ 110.28760087400002, -6.985335360000022, 0.0 ], [ 110.28780688, -6.98530761, 0.0 ], [ 110.288291675999972, -6.985283638, 0.0 ], [ 110.288439330000017, -6.985252097, 0.0 ], [ 110.288541474999988, -6.985281746, 0.0 ], [ 110.288641311, -6.985336346999986, 0.0 ], [ 110.288958266, -6.98543030899998, 0.0 ], [ 110.289158085999986, -6.985441954, 0.0 ], [ 110.289310224000019, -6.98544899, 0.0 ], [ 110.289525933, -6.985465197, 0.0 ], [ 110.289894253, -6.98544333000001, 0.0 ], [ 110.290010302999974, -6.985333517000015, 0.0 ], [ 110.290074188, -6.985235202000013, 0.0 ], [ 110.290120734000027, -6.985107917999983, 0.0 ], [ 110.290149879000012, -6.98499218500001, 0.0 ], [ 110.290189788000021, -6.984948459, 0.0 ], [ 110.290207918000021, -6.984928594, 0.0 ], [ 110.290318086000013, -6.984876660999987, 0.0 ], [ 110.290491939, -6.984859557, 0.0 ], [ 110.290665765000028, -6.984859818000018, 0.0 ], [ 110.290810707999981, -6.984802146999982, 0.0 ], [ 110.290926679, -6.984744434, 0.0 ], [ 110.291071682, -6.984646241, 0.0 ], [ 110.291161550000027, -6.984535482000013, 0.0 ], [ 110.291229343, -6.984479211, 0.0 ], [ 110.291339447999974, -6.984428642000012, 0.0 ], [ 110.291455171999985, -6.984392174, 0.0 ], [ 110.291522919999977, -6.984366908000027, 0.0 ], [ 110.29164139, -6.984381180000014, 0.0 ], [ 110.291686496000011, -6.984403797000027, 0.0 ], [ 110.291787815000021, -6.984509872, 0.0 ], [ 110.291875221, -6.984601382, 0.0 ], [ 110.29191718200002, -6.98467066500001, 0.0 ], [ 110.291923063000013, -6.984680374999982, 0.0 ], [ 110.292024487, -6.984773542000028, 0.0 ], [ 110.29211625, -6.984796721, 0.0 ], [ 110.292308097999978, -6.98479419, 0.0 ], [ 110.292553659000021, -6.984718456999985, 0.0 ], [ 110.292804778, -6.984699103000025, 0.0 ], [ 110.292991769000025, -6.984743907, 0.0 ], [ 110.293203944000027, -6.984744225999975, 0.0 ], [ 110.293259544000023, -6.984724121, 0.0 ], [ 110.293431858000019, -6.984355939000011, 0.0 ], [ 110.29348761, -6.984234891000028, 0.0 ], [ 110.293568613, -6.984118928999976, 0.0 ], [ 110.293664734, -6.984028223999985, 0.0 ], [ 110.29390730199998, -6.983973069, 0.0 ], [ 110.293998379000016, -6.983877311000015, 0.0 ], [ 110.294023804, -6.983766312, 0.0 ], [ 110.294051546, -6.983639933, 0.0 ], [ 110.294051621, -6.983589954000024, 0.0 ], [ 110.294043037, -6.983583262000025, 0.0 ], [ 110.294023514, -6.983568045000027, 0.0 ], [ 110.293964156000015, -6.983536719000028, 0.0 ], [ 110.293782825999983, -6.983527075999973, 0.0 ], [ 110.29362340199998, -6.983504972, 0.0 ], [ 110.293479643000012, -6.983461024, 0.0 ], [ 110.293462151000028, -6.983388463999972, 0.0 ], [ 110.293454784, -6.983357904, 0.0 ], [ 110.293486308000013, -6.98318614599998, 0.0 ], [ 110.293567816, -6.983042577, 0.0 ], [ 110.293631378999976, -6.982951349000018, 0.0 ], [ 110.29367435, -6.982889673999978, 0.0 ], [ 110.293777708, -6.982770105999975, 0.0 ], [ 110.293977847, -6.982538577000014, 0.0 ], [ 110.294191543000011, -6.982320646, 0.0 ], [ 110.294558989, -6.981729434999977, 0.0 ], [ 110.294875540000021, -6.981220240000027, 0.0 ], [ 110.294990257, -6.981035709000025, 0.0 ], [ 110.295006553, -6.981009496000013, 0.0 ], [ 110.294866569000021, -6.980951673999982, 0.0 ], [ 110.294777470999975, -6.980914872000028, 0.0 ], [ 110.294214435000015, -6.980726673999982, 0.0 ], [ 110.293818408, -6.980550533999974, 0.0 ], [ 110.293245249999984, -6.980282811, 0.0 ], [ 110.29315133, -6.980222022000021, 0.0 ], [ 110.292904572, -6.979988877999972, 0.0 ], [ 110.292871435999984, -6.979957571, 0.0 ], [ 110.292858564000028, -6.979911002, 0.0 ], [ 110.292820499000015, -6.979738630999975, 0.0 ], [ 110.292909711, -6.979346274000022, 0.0 ], [ 110.292998921999981, -6.978953916000023, 0.0 ], [ 110.293048688999988, -6.978686945999982, 0.0 ], [ 110.293068946, -6.978578282, 0.0 ], [ 110.293120586999976, -6.978346808000026, 0.0 ], [ 110.293122386, -6.97833874600002, 0.0 ], [ 110.293142132000014, -6.978250240000023, 0.0 ], [ 110.292808116, -6.978261475000011, 0.0 ], [ 110.292660580000017, -6.978254651999976, 0.0 ], [ 110.292596734000028, -6.978242820999981, 0.0 ], [ 110.292429461999973, -6.978179493000027, 0.0 ], [ 110.291971147000027, -6.977864150000016, 0.0 ], [ 110.291941179999981, -6.977829127, 0.0 ], [ 110.291897881000011, -6.977770889, 0.0 ], [ 110.291863933, -6.977676961999975, 0.0 ], [ 110.291771376999975, -6.977432216000011, 0.0 ], [ 110.291645045, -6.976660799, 0.0 ], [ 110.291611481000018, -6.97660483300001, 0.0 ], [ 110.291606795, -6.976597019, 0.0 ], [ 110.291429199999982, -6.976300891999983, 0.0 ], [ 110.291409921000024, -6.976240873999984, 0.0 ], [ 110.29136904500001, -6.976113618999989, 0.0 ], [ 110.291216478000024, -6.975638651, 0.0 ], [ 110.291153856999983, -6.975543797, 0.0 ], [ 110.290815461000022, -6.97503121699998, 0.0 ], [ 110.290797455000018, -6.974996911, 0.0 ], [ 110.290549079000016, -6.974523698999974, 0.0 ], [ 110.290245191999986, -6.974085521, 0.0 ], [ 110.289527728, -6.973296764, 0.0 ], [ 110.289526114000012, -6.97329498900001, 0.0 ], [ 110.289368151000019, -6.973121331000016, 0.0 ], [ 110.289353783000024, -6.973105536, 0.0 ], [ 110.28934016300002, -6.973090411999976, 0.0 ], [ 110.289081495, -6.972803186000021, 0.0 ], [ 110.289028245, -6.972766560000025, 0.0 ], [ 110.288728957999979, -6.972694311999987, 0.0 ], [ 110.288638497000022, -6.972642791999988, 0.0 ], [ 110.288309874999982, -6.972363277999989, 0.0 ], [ 110.288228936999985, -6.97231782, 0.0 ], [ 110.287934429000018, -6.972252759000014, 0.0 ], [ 110.287836590999973, -6.972202837999987, 0.0 ], [ 110.287377266000021, -6.971651216, 0.0 ], [ 110.287130133, -6.971438620000015, 0.0 ], [ 110.287044736999974, -6.971387457999981, 0.0 ], [ 110.286731058999976, -6.971329546999982, 0.0 ], [ 110.286641708, -6.971278155, 0.0 ], [ 110.286246987000027, -6.970933878999972, 0.0 ], [ 110.286191683000027, -6.970845297999972, 0.0 ], [ 110.286144112999978, -6.970648437000023, 0.0 ], [ 110.286124859999973, -6.970591647, 0.0 ], [ 110.286091091, -6.970543893000013, 0.0 ], [ 110.286056081000027, -6.970516667000027, 0.0 ], [ 110.286044604999972, -6.970513026, 0.0 ], [ 110.28590712, -6.970540927, 0.0 ], [ 110.285562149999976, -6.970585877000019, 0.0 ], [ 110.284821668, -6.970730956000011, 0.0 ], [ 110.284850258, -6.97052341, 0.0 ], [ 110.284937677000016, -6.970117024999979, 0.0 ], [ 110.28496, -6.970005969999988, 0.0 ], [ 110.285021336999989, -6.969700828999976, 0.0 ], [ 110.285118582, -6.969285408000019, 0.0 ], [ 110.28513519, -6.969220661, 0.0 ], [ 110.285170214, -6.969084113, 0.0 ], [ 110.285221088000014, -6.968885532, 0.0 ], [ 110.285305884000024, -6.96866346600001, 0.0 ], [ 110.285316857, -6.968634728999973, 0.0 ], [ 110.28534089599998, -6.968577327, 0.0 ], [ 110.285393705, -6.968500823999989, 0.0 ], [ 110.28543665, -6.968385566, 0.0 ], [ 110.285829878000015, -6.968474835999984, 0.0 ], [ 110.286129492999976, -6.968542744999979, 0.0 ], [ 110.28623373, -6.968566371, 0.0 ], [ 110.28648582400001, -6.968623508, 0.0 ], [ 110.286662117999981, -6.96866346600001, 0.0 ], [ 110.286708209999972, -6.968673912999975, 0.0 ], [ 110.286884394000026, -6.968703815000026, 0.0 ], [ 110.286931711000022, -6.968711844999973, 0.0 ], [ 110.28707775700002, -6.968736632, 0.0 ], [ 110.287383181999985, -6.968788468000014, 0.0 ], [ 110.287546766, -6.968816231, 0.0 ], [ 110.287673992, -6.968843973, 0.0 ], [ 110.287710350999987, -6.968758035, 0.0 ], [ 110.28771214, -6.968753806, 0.0 ], [ 110.28775, -6.96876, 0.0 ], [ 110.287792266999986, -6.968771122000021, 0.0 ], [ 110.28794, -6.96881, 0.0 ], [ 110.28803, -6.96887, 0.0 ], [ 110.28835, -6.968949999000017, 0.0 ], [ 110.28913, -6.969329997999978, 0.0 ], [ 110.28917, -6.969350001, 0.0 ], [ 110.2897, -6.96967, 0.0 ], [ 110.29015, -6.969929998999987, 0.0 ], [ 110.29072, -6.97026, 0.0 ], [ 110.290860001, -6.97034, 0.0 ], [ 110.29116, -6.97051, 0.0 ], [ 110.2913, -6.97059, 0.0 ], [ 110.29197, -6.97102, 0.0 ], [ 110.29229, -6.97123, 0.0 ], [ 110.292410001, -6.97131, 0.0 ], [ 110.29268, -6.97148, 0.0 ], [ 110.29298, -6.97164, 0.0 ], [ 110.2931, -6.971689997999988, 0.0 ], [ 110.29418, -6.972199999, 0.0 ], [ 110.294410001000017, -6.97231, 0.0 ], [ 110.29452, -6.97235, 0.0 ], [ 110.29473, -6.972410001000014, 0.0 ], [ 110.29489, -6.97246, 0.0 ], [ 110.295210000999987, -6.972570001, 0.0 ], [ 110.29549, -6.97267, 0.0 ], [ 110.2959, -6.972800001, 0.0 ], [ 110.295989999000028, -6.97285, 0.0 ], [ 110.29605, -6.97286, 0.0 ], [ 110.29611, -6.97289, 0.0 ], [ 110.29621, -6.97293, 0.0 ], [ 110.29633, -6.972969998999986, 0.0 ], [ 110.29674, -6.97309, 0.0 ], [ 110.29705, -6.973179999000024, 0.0 ], [ 110.29768, -6.973359999000024, 0.0 ], [ 110.29782, -6.97341, 0.0 ], [ 110.29799, -6.973439999, 0.0 ], [ 110.298028258999977, -6.973446957000021, 0.0 ], [ 110.29832, -6.9735, 0.0 ], [ 110.2985, -6.97354, 0.0 ], [ 110.29935, -6.973620000999972, 0.0 ], [ 110.29959, -6.97361, 0.0 ], [ 110.29994, -6.97361, 0.0 ], [ 110.30037, -6.973600001000023, 0.0 ], [ 110.30116, -6.97359, 0.0 ], [ 110.3015, -6.973539999000025, 0.0 ], [ 110.302, -6.97347, 0.0 ], [ 110.303010001000018, -6.973330001000022, 0.0 ], [ 110.30316, -6.973310001000016, 0.0 ], [ 110.303360000999987, -6.97326, 0.0 ], [ 110.30365, -6.973219998, 0.0 ], [ 110.30375, -6.973210000999984, 0.0 ], [ 110.30382, -6.973199998999974, 0.0 ], [ 110.303870001, -6.973189998, 0.0 ], [ 110.304199999, -6.973159999000018, 0.0 ], [ 110.304650001000027, -6.973079999, 0.0 ], [ 110.30522, -6.97298, 0.0 ], [ 110.30528, -6.97298, 0.0 ], [ 110.305820000999972, -6.972939999, 0.0 ], [ 110.30599, -6.97293, 0.0 ], [ 110.30638000099998, -6.97288, 0.0 ], [ 110.30669, -6.97283, 0.0 ], [ 110.307, -6.972789998999986, 0.0 ], [ 110.30723, -6.972769998999979, 0.0 ], [ 110.30743, -6.972749998999973, 0.0 ], [ 110.30753, -6.97274, 0.0 ], [ 110.30762, -6.972729999000023, 0.0 ], [ 110.30828, -6.97265, 0.0 ], [ 110.3084, -6.972639999000023, 0.0 ], [ 110.30903, -6.97259999900001, 0.0 ], [ 110.31041, -6.97258, 0.0 ], [ 110.31061, -6.97256, 0.0 ], [ 110.31171, -6.972459999000023, 0.0 ], [ 110.31281, -6.97246, 0.0 ], [ 110.31301, -6.97252, 0.0 ], [ 110.31319, -6.97263, 0.0 ], [ 110.313622927999972, -6.972941166, 0.0 ], [ 110.31383, -6.97309, 0.0 ], [ 110.313910001000011, -6.97319, 0.0 ], [ 110.31453, -6.97394, 0.0 ], [ 110.3149, -6.974249999, 0.0 ], [ 110.31547, -6.97458, 0.0 ], [ 110.3159, -6.97476, 0.0 ], [ 110.31665, -6.97506, 0.0 ], [ 110.31708, -6.97516, 0.0 ], [ 110.31767, -6.975329999, 0.0 ], [ 110.31837, -6.97546, 0.0 ], [ 110.31861, -6.9755, 0.0 ], [ 110.319340001, -6.97555, 0.0 ], [ 110.3197, -6.97564, 0.0 ], [ 110.3201, -6.97572, 0.0 ], [ 110.32021, -6.975739998999984, 0.0 ], [ 110.32087, -6.975789999000028, 0.0 ], [ 110.321, -6.97579, 0.0 ], [ 110.32156, -6.97585, 0.0 ], [ 110.32172, -6.97587, 0.0 ], [ 110.32204, -6.9759, 0.0 ], [ 110.32208, -6.9759, 0.0 ], [ 110.32268, -6.97599, 0.0 ], [ 110.32275, -6.976000000999989, 0.0 ], [ 110.3243, -6.976020001, 0.0 ], [ 110.32498, -6.97601, 0.0 ], [ 110.32518, -6.97601, 0.0 ], [ 110.32588, -6.975989998999978, 0.0 ], [ 110.32626, -6.976009998999984, 0.0 ], [ 110.32687, -6.97605, 0.0 ], [ 110.3273, -6.976080001000014, 0.0 ], [ 110.32754, -6.976099998999985, 0.0 ], [ 110.32781, -6.97612, 0.0 ], [ 110.32802, -6.976139999, 0.0 ], [ 110.329083707999985, -6.976243775, 0.0 ], [ 110.32925, -6.97626, 0.0 ], [ 110.32935, -6.97626999900001, 0.0 ], [ 110.32942, -6.97629, 0.0 ], [ 110.33011, -6.976410000999977, 0.0 ], [ 110.330390001000012, -6.97652, 0.0 ], [ 110.33055, -6.97663, 0.0 ], [ 110.33062, -6.97667, 0.0 ], [ 110.331120000999988, -6.977119999000024, 0.0 ], [ 110.331273333000013, -6.977281851999976, 0.0 ], [ 110.3313, -6.97731, 0.0 ], [ 110.33191, -6.97794, 0.0 ], [ 110.33208, -6.978119999, 0.0 ], [ 110.33219, -6.9782, 0.0 ], [ 110.3325, -6.978489998999976, 0.0 ], [ 110.33325000100001, -6.97919, 0.0 ], [ 110.333950001, -6.980039998999985, 0.0 ], [ 110.33408, -6.9802, 0.0 ], [ 110.334330001000012, -6.980489998999985, 0.0 ], [ 110.33438, -6.98054, 0.0 ], [ 110.33452, -6.980720001, 0.0 ], [ 110.335519998999985, -6.981929998999988, 0.0 ], [ 110.33605, -6.98256, 0.0 ], [ 110.33624, -6.982789998999976, 0.0 ], [ 110.33641, -6.98302, 0.0 ], [ 110.33646, -6.983080001000019, 0.0 ], [ 110.33664, -6.983249999, 0.0 ], [ 110.336709999, -6.98336, 0.0 ], [ 110.337050001000023, -6.98373, 0.0 ], [ 110.3373, -6.98399, 0.0 ], [ 110.33758, -6.98428, 0.0 ], [ 110.33782, -6.98447, 0.0 ], [ 110.3382, -6.984669999, 0.0 ], [ 110.338679999000021, -6.984929997999984, 0.0 ], [ 110.33902, -6.98506, 0.0 ], [ 110.33961, -6.985259999, 0.0 ], [ 110.3404, -6.985519999000019, 0.0 ], [ 110.340527362999978, -6.985561206, 0.0 ], [ 110.34074, -6.98563, 0.0 ], [ 110.34118, -6.985770001, 0.0 ], [ 110.34171, -6.985909999, 0.0 ], [ 110.342140001000018, -6.985979999, 0.0 ], [ 110.3424, -6.98603, 0.0 ], [ 110.34289, -6.986, 0.0 ], [ 110.34409, -6.98594, 0.0 ], [ 110.34444, -6.985899999000026, 0.0 ], [ 110.344529998999974, -6.9859, 0.0 ], [ 110.34476, -6.985870001000023, 0.0 ], [ 110.34498, -6.985829998999975, 0.0 ], [ 110.34522, -6.98578, 0.0 ], [ 110.34563, -6.985750000999985, 0.0 ], [ 110.34591, -6.985750000999985, 0.0 ], [ 110.34641, -6.985730000999979, 0.0 ], [ 110.34668, -6.98569, 0.0 ], [ 110.34688, -6.98565, 0.0 ], [ 110.34712, -6.985619999, 0.0 ], [ 110.34759, -6.98547, 0.0 ], [ 110.34781, -6.98538, 0.0 ], [ 110.347960001, -6.985320001, 0.0 ], [ 110.348040001000015, -6.98528, 0.0 ], [ 110.34828, -6.98518, 0.0 ], [ 110.34861, -6.985, 0.0 ], [ 110.34883, -6.984819999000024, 0.0 ], [ 110.34898, -6.984660001, 0.0 ], [ 110.34922, -6.984419999000011, 0.0 ], [ 110.34975, -6.98359, 0.0 ], [ 110.34983, -6.983450001, 0.0 ], [ 110.349970000999974, -6.983259998999984, 0.0 ], [ 110.350379998999983, -6.9827, 0.0 ], [ 110.35056, -6.98256999900002, 0.0 ], [ 110.35071, -6.9825, 0.0 ], [ 110.35094, -6.982399999, 0.0 ], [ 110.35109, -6.98239, 0.0 ], [ 110.35132, -6.98239, 0.0 ], [ 110.3516, -6.98241, 0.0 ], [ 110.351939999000024, -6.98249, 0.0 ], [ 110.352880001000017, -6.98274, 0.0 ], [ 110.35325, -6.98284, 0.0 ], [ 110.35334, -6.982889999, 0.0 ], [ 110.35376, -6.983079998, 0.0 ], [ 110.35387, -6.98311, 0.0 ], [ 110.35414, -6.98319, 0.0 ], [ 110.35435, -6.98329, 0.0 ], [ 110.35474, -6.983489999000028, 0.0 ], [ 110.354930001000014, -6.98358, 0.0 ], [ 110.35556, -6.98385, 0.0 ], [ 110.35618, -6.984170001, 0.0 ], [ 110.35655, -6.98438, 0.0 ], [ 110.356639998999981, -6.98446, 0.0 ], [ 110.35674, -6.984539998, 0.0 ], [ 110.357049999000026, -6.98487, 0.0 ], [ 110.35719, -6.985030000999984, 0.0 ], [ 110.357274416, -6.985181244999978, 0.0 ], [ 110.357283347000021, -6.985197249, 0.0 ], [ 110.35767, -6.98589, 0.0 ], [ 110.35786, -6.98609, 0.0 ], [ 110.35809, -6.98619, 0.0 ], [ 110.35816, -6.986209998999982, 0.0 ], [ 110.35845, -6.9863, 0.0 ], [ 110.35851, -6.98631, 0.0 ], [ 110.35946, -6.98647, 0.0 ], [ 110.36018, -6.986590001000025, 0.0 ], [ 110.3607, -6.98664, 0.0 ], [ 110.360701474, -6.986640185, 0.0 ], [ 110.36102, -6.98668, 0.0 ], [ 110.36115, -6.98669, 0.0 ], [ 110.36146, -6.98671, 0.0 ], [ 110.362060000999975, -6.98678, 0.0 ], [ 110.36229, -6.98683, 0.0 ], [ 110.362450001000013, -6.98687, 0.0 ], [ 110.36264, -6.98692, 0.0 ], [ 110.363096494, -6.987024111999972, 0.0 ], [ 110.363124539000012, -6.986909094, 0.0 ], [ 110.363201052000022, -6.986924825000017, 0.0 ], [ 110.363377523999986, -6.986970290999977, 0.0 ], [ 110.36412463, -6.987215525000011, 0.0 ], [ 110.364716187, -6.987424367000017, 0.0 ], [ 110.365172859999973, -6.987587799999972, 0.0 ], [ 110.365573321, -6.987687838999989, 0.0 ], [ 110.365954852000016, -6.987769760999981, 0.0 ], [ 110.366428892999977, -6.987851808000016, 0.0 ], [ 110.366753091000021, -6.987861289000023, 0.0 ], [ 110.367001776999984, -6.987852577000012, 0.0 ], [ 110.368270583000026, -6.987664326000015, 0.0 ], [ 110.36829837, -6.987759919999974, 0.0 ], [ 110.36852571999998, -6.988542075, 0.0 ], [ 110.368606832000012, -6.988813546000017, 0.0 ], [ 110.368677562000016, -6.989021687, 0.0 ], [ 110.368704267999988, -6.989148359000012, 0.0 ], [ 110.368761629, -6.989410752000026, 0.0 ], [ 110.368810269, -6.989636953, 0.0 ], [ 110.368876635, -6.989935541000023, 0.0 ], [ 110.368978206, -6.990351767999982, 0.0 ], [ 110.369044546999987, -6.990668445999972, 0.0 ], [ 110.369085031, -6.990858452999987, 0.0 ], [ 110.369157265000013, -6.991211323000016, 0.0 ], [ 110.369196889000023, -6.991410374999987, 0.0 ], [ 110.369255325999973, -6.991926042999978, 0.0 ], [ 110.369259167999985, -6.992224548000024, 0.0 ], [ 110.369246013, -6.99254112, 0.0 ], [ 110.369195451999985, -6.992902870000023, 0.0 ], [ 110.369101719000014, -6.993391197999983, 0.0 ], [ 110.369028414000013, -6.993626281, 0.0 ], [ 110.368951159, -6.993852313, 0.0 ], [ 110.368779650000022, -6.994322445000023, 0.0 ], [ 110.36870467, -6.994539434999979, 0.0 ], [ 110.368678237999973, -6.994629853999982, 0.0 ], [ 110.368638363, -6.994828800999983, 0.0 ], [ 110.368611725, -6.995072992000019, 0.0 ], [ 110.368614396, -6.995190584999989, 0.0 ], [ 110.368613498, -6.99522676700002, 0.0 ], [ 110.368629344999988, -6.995434832, 0.0 ], [ 110.368661342, -6.995624829, 0.0 ], [ 110.368728346000012, -6.995869144999972, 0.0 ], [ 110.368786652999972, -6.996059177, 0.0 ], [ 110.368949889000021, -6.996484531000021, 0.0 ], [ 110.36913910200002, -6.996946101999981, 0.0 ], [ 110.369289505999973, -6.997235757, 0.0 ], [ 110.369411185, -6.997425873999987, 0.0 ], [ 110.369515669, -6.997570742, 0.0 ], [ 110.369656906999978, -6.997733747999973, 0.0 ], [ 110.369917093000026, -6.998014505000015, 0.0 ], [ 110.370119072000023, -6.998240910999982, 0.0 ], [ 110.370313979, -6.998467307, 0.0 ], [ 110.370426950000024, -6.998612186, 0.0 ], [ 110.370537351, -6.998775152, 0.0 ], [ 110.370655883999973, -6.99899240000002, 0.0 ], [ 110.370781095999973, -6.999291067, 0.0 ], [ 110.37085431600002, -6.999544437, 0.0 ], [ 110.370913327999972, -6.999843016, 0.0 ], [ 110.371026186999984, -7.000494437999976, 0.0 ], [ 110.371099223999977, -7.000883488, 0.0 ], [ 110.371161716000017, -7.001118753000014, 0.0 ], [ 110.371263237999983, -7.001363115, 0.0 ], [ 110.37140180900002, -7.001616571999989, 0.0 ], [ 110.371582513000021, -7.001888177000012, 0.0 ], [ 110.371764443000018, -7.00208741900002, 0.0 ], [ 110.371987703, -7.002268625999989, 0.0 ], [ 110.372089468000013, -7.002332079999974, 0.0 ], [ 110.372358586000018, -7.002495257000021, 0.0 ], [ 110.372613076999983, -7.002595096999983, 0.0 ], [ 110.37266114800002, -7.002613251000014, 0.0 ], [ 110.372982395, -7.002722226, 0.0 ], [ 110.373143442000014, -7.002767092999989, 0.0 ], [ 110.373536987000023, -7.002876736000019, 0.0 ], [ 110.374603181999987, -7.003192636, 0.0 ], [ 110.375311711, -7.003566928, 0.0 ] ] ] ] } },
{ "type": "Feature", "properties": { "KDCPUM": "33.74.10", "NAMOBJ": "Tembalang", "kec_id": "kec_15" }, "geometry": { "type": "MultiPolygon", "coordinates": [ [ [ [ 110.447189363, -7.077619320999986, 0.0 ], [ 110.447102239, -7.077579634000017, 0.0 ], [ 110.446865577999972, -7.077497795999989, 0.0 ], [ 110.446846962999984, -7.07749136000001, 0.0 ], [ 110.446582875999979, -7.077407473999983, 0.0 ], [ 110.446314417999986, -7.077297188999978, 0.0 ], [ 110.445988725, -7.077182439000012, 0.0 ], [ 110.445817112999976, -7.077089865, 0.0 ], [ 110.445715853000024, -7.077080947000013, 0.0 ], [ 110.445665024999983, -7.077108795000015, 0.0 ], [ 110.445658701000013, -7.077112259999979, 0.0 ], [ 110.445627732, -7.077129227, 0.0 ], [ 110.445508802, -7.077168672000028, 0.0 ], [ 110.445480165999982, -7.077168637999989, 0.0 ], [ 110.44547882400002, -7.07716863600001, 0.0 ], [ 110.445323871000028, -7.077168453000013, 0.0 ], [ 110.445218323, -7.07706276, 0.0 ], [ 110.445055871000022, -7.076675492999982, 0.0 ], [ 110.444835631999979, -7.07674560800001, 0.0 ], [ 110.444505446, -7.076705627000024, 0.0 ], [ 110.444311804999984, -7.076626221000026, 0.0 ], [ 110.444162330999973, -7.076432506, 0.0 ], [ 110.444136656000012, -7.076408066999988, 0.0 ], [ 110.443806085, -7.076093390999972, 0.0 ], [ 110.443476100999987, -7.075886264000019, 0.0 ], [ 110.442899549, -7.075674444000015, 0.0 ], [ 110.442389008000021, -7.075493490999975, 0.0 ], [ 110.442327428, -7.075440636, 0.0 ], [ 110.442296659000021, -7.07539661200002, 0.0 ], [ 110.442398342, -7.075053647, 0.0 ], [ 110.442638724, -7.074420743000019, 0.0 ], [ 110.442648673, -7.074394548999976, 0.0 ], [ 110.442672198000025, -7.074332610999988, 0.0 ], [ 110.442801638, -7.074046952, 0.0 ], [ 110.442811166000013, -7.074025923000022, 0.0 ], [ 110.442835543, -7.073972124000022, 0.0 ], [ 110.442897259, -7.073886820999974, 0.0 ], [ 110.442912858999989, -7.073865259, 0.0 ], [ 110.442924708000021, -7.073848882, 0.0 ], [ 110.44296067, -7.073799174999976, 0.0 ], [ 110.442972266000027, -7.073783148000018, 0.0 ], [ 110.44301098699998, -7.073725275000015, 0.0 ], [ 110.443069306999973, -7.07363811099998, 0.0 ], [ 110.443100292, -7.073501793, 0.0 ], [ 110.443069639999976, -7.073361002000013, 0.0 ], [ 110.442682708, -7.072911885999986, 0.0 ], [ 110.442602826999973, -7.072820965, 0.0 ], [ 110.442160464999972, -7.072317469999973, 0.0 ], [ 110.441878046, -7.071996022, 0.0 ], [ 110.441482157, -7.071674450999978, 0.0 ], [ 110.441089960999989, -7.07142385100002, 0.0 ], [ 110.440971794, -7.071348345999979, 0.0 ], [ 110.439845430999981, -7.070669614, 0.0 ], [ 110.43978316, -7.07063757100002, 0.0 ], [ 110.439440602, -7.070461294999973, 0.0 ], [ 110.43940382, -7.070444829999985, 0.0 ], [ 110.438945526999987, -7.070239671000024, 0.0 ], [ 110.438143535999984, -7.069856029999983, 0.0 ], [ 110.437688286000025, -7.069472806000022, 0.0 ], [ 110.437558450999973, -7.069277327, 0.0 ], [ 110.437548279, -7.069262013000014, 0.0 ], [ 110.437170772, -7.068693637000024, 0.0 ], [ 110.43683753800002, -7.06864507, 0.0 ], [ 110.436835558999974, -7.068644780999989, 0.0 ], [ 110.435595868, -7.068464106000022, 0.0 ], [ 110.434872768999981, -7.068384057, 0.0 ], [ 110.434828472, -7.068387014999985, 0.0 ], [ 110.434810679, -7.068388202999984, 0.0 ], [ 110.435019592, -7.067973525000014, 0.0 ], [ 110.435260738000011, -7.067604338000024, 0.0 ], [ 110.435284271, -7.067574716000024, 0.0 ], [ 110.435396205000018, -7.067433820000019, 0.0 ], [ 110.435419172000024, -7.067404911999972, 0.0 ], [ 110.435484248000023, -7.067322997000019, 0.0 ], [ 110.435496758, -7.067307250999988, 0.0 ], [ 110.435531954999988, -7.067262947000017, 0.0 ], [ 110.435595879, -7.067182482000021, 0.0 ], [ 110.436007295000024, -7.066795907000028, 0.0 ], [ 110.436199792000025, -7.066642904, 0.0 ], [ 110.43633730900001, -7.066533600000014, 0.0 ], [ 110.436393169999974, -7.066489199999978, 0.0 ], [ 110.436500906999981, -7.06640356600002, 0.0 ], [ 110.43672568300002, -7.066304091, 0.0 ], [ 110.436734926999975, -7.0663, 0.0 ], [ 110.436740056000019, -7.066297729999974, 0.0 ], [ 110.436765228000013, -7.06628659, 0.0 ], [ 110.436874879000015, -7.066265000999977, 0.0 ], [ 110.437403561999986, -7.066160906999983, 0.0 ], [ 110.437475748999987, -7.066146694, 0.0 ], [ 110.437665729, -7.066085059999978, 0.0 ], [ 110.437685591, -7.066078618, 0.0 ], [ 110.437745905999975, -7.066059048999989, 0.0 ], [ 110.437813042000016, -7.066002056, 0.0 ], [ 110.437822480000023, -7.065994043999979, 0.0 ], [ 110.437880709000012, -7.06594461200001, 0.0 ], [ 110.437904576, -7.065924350999978, 0.0 ], [ 110.437963427999989, -7.065878739000027, 0.0 ], [ 110.438059838000015, -7.06580401399998, 0.0 ], [ 110.438065473999984, -7.065799646000016, 0.0 ], [ 110.438116117999982, -7.065760393, 0.0 ], [ 110.438175059, -7.06556692800001, 0.0 ], [ 110.43817988, -7.065508400999988, 0.0 ], [ 110.43818453199998, -7.065451935, 0.0 ], [ 110.43820447600001, -7.065209824000021, 0.0 ], [ 110.438205375, -7.065198912000028, 0.0 ], [ 110.438210805999972, -7.065132979999987, 0.0 ], [ 110.438185746999977, -7.064818206999973, 0.0 ], [ 110.438165824, -7.064611888, 0.0 ], [ 110.438168097000016, -7.06457276499998, 0.0 ], [ 110.438168336999979, -7.064568635, 0.0 ], [ 110.438182686, -7.064321603, 0.0 ], [ 110.438201285, -7.064095826000028, 0.0 ], [ 110.438202794, -7.064077506999979, 0.0 ], [ 110.438180483, -7.063960528999985, 0.0 ], [ 110.43815685300001, -7.063836631000015, 0.0 ], [ 110.437995254999976, -7.063661593, 0.0 ], [ 110.437751014000014, -7.063559032, 0.0 ], [ 110.437325158000021, -7.063449655, 0.0 ], [ 110.437263847, -7.06343139, 0.0 ], [ 110.436902625000016, -7.063323785000023, 0.0 ], [ 110.436589068999979, -7.063194748, 0.0 ], [ 110.436318422, -7.063082258, 0.0 ], [ 110.436143608, -7.062913803000015, 0.0 ], [ 110.436005151000018, -7.062718999000026, 0.0 ], [ 110.435912953000013, -7.062501159000021, 0.0 ], [ 110.435863690000019, -7.062276772000018, 0.0 ], [ 110.435841166999978, -7.06204691, 0.0 ], [ 110.435837791999973, -7.062012466, 0.0 ], [ 110.435794913, -7.061522086000025, 0.0 ], [ 110.435781882000015, -7.061222343, 0.0 ], [ 110.435728676, -7.060917198000027, 0.0 ], [ 110.435662056000012, -7.060628096000016, 0.0 ], [ 110.435628278000024, -7.060408294000013, 0.0 ], [ 110.435592951999979, -7.06017841900001, 0.0 ], [ 110.435553477999974, -7.059863823, 0.0 ], [ 110.435539888999983, -7.059755526, 0.0 ], [ 110.43549210499998, -7.059396864, 0.0 ], [ 110.435465709000027, -7.059073018999982, 0.0 ], [ 110.435348235, -7.058749064999972, 0.0 ], [ 110.435279783999988, -7.058537973999989, 0.0 ], [ 110.43478725, -7.058237650000024, 0.0 ], [ 110.434505391000016, -7.057983966999984, 0.0 ], [ 110.433998884, -7.057426716, 0.0 ], [ 110.433554937, -7.056824345, 0.0 ], [ 110.433122616999981, -7.055962696, 0.0 ], [ 110.433121104, -7.055959584999982, 0.0 ], [ 110.432946852999976, -7.055600906999985, 0.0 ], [ 110.432576015, -7.055091394999977, 0.0 ], [ 110.432343187000015, -7.05466293, 0.0 ], [ 110.432229431999986, -7.054220336000014, 0.0 ], [ 110.432201131, -7.053996695000023, 0.0 ], [ 110.431754818, -7.053997045000017, 0.0 ], [ 110.431331579000016, -7.053991177, 0.0 ], [ 110.430975317, -7.05398003900001, 0.0 ], [ 110.43075836600002, -7.05395568900002, 0.0 ], [ 110.43054695, -7.053786834, 0.0 ], [ 110.430089437999982, -7.053331334, 0.0 ], [ 110.430957854999974, -7.052922943, 0.0 ], [ 110.431574372, -7.052594527999986, 0.0 ], [ 110.431694959000026, -7.052504777000024, 0.0 ], [ 110.432008725, -7.052271243, 0.0 ], [ 110.432464598000024, -7.051873053, 0.0 ], [ 110.432473, -7.051864038000019, 0.0 ], [ 110.432848162000028, -7.051461393000011, 0.0 ], [ 110.4332185, -7.050910557, 0.0 ], [ 110.43321909399998, -7.05090921599998, 0.0 ], [ 110.43349785700002, -7.050279327, 0.0 ], [ 110.433792574999984, -7.049511091999989, 0.0 ], [ 110.43438627, -7.047979516, 0.0 ], [ 110.4347295, -7.047127233000026, 0.0 ], [ 110.434732802999974, -7.047119029999976, 0.0 ], [ 110.434773690999975, -7.047017497000013, 0.0 ], [ 110.434801831000016, -7.046947623, 0.0 ], [ 110.434902893000015, -7.046403773, 0.0 ], [ 110.434926459999986, -7.046276954, 0.0 ], [ 110.434965352, -7.045620454000016, 0.0 ], [ 110.434936761000017, -7.045391498000015, 0.0 ], [ 110.434935789, -7.045383717, 0.0 ], [ 110.434936460000017, -7.045383561999984, 0.0 ], [ 110.434935773, -7.045383588, 0.0 ], [ 110.434927755999979, -7.045319614999983, 0.0 ], [ 110.434755328999984, -7.043943696999975, 0.0 ], [ 110.434538268999972, -7.042999878999979, 0.0 ], [ 110.434527711999976, -7.042953974, 0.0 ], [ 110.434429535999982, -7.042527086, 0.0 ], [ 110.434093992999976, -7.041090930999985, 0.0 ], [ 110.433914155000025, -7.040245868, 0.0 ], [ 110.433666287, -7.039068644999986, 0.0 ], [ 110.433381162999979, -7.037710684999979, 0.0 ], [ 110.433057056999985, -7.036251752999988, 0.0 ], [ 110.432928082999979, -7.035790411, 0.0 ], [ 110.432623846000013, -7.034996168000021, 0.0 ], [ 110.432111159999977, -7.033982940999977, 0.0 ], [ 110.431811348999986, -7.033319641, 0.0 ], [ 110.431646926999974, -7.032872096, 0.0 ], [ 110.431632304, -7.032832294, 0.0 ], [ 110.431504615999984, -7.032319372000018, 0.0 ], [ 110.431431936000024, -7.031791866, 0.0 ], [ 110.431436426, -7.031114285, 0.0 ], [ 110.431510353000021, -7.03061625700002, 0.0 ], [ 110.431830832, -7.02935304, 0.0 ], [ 110.431959681000023, -7.028910019000023, 0.0 ], [ 110.432036992, -7.02864274, 0.0 ], [ 110.432637774, -7.026625371000023, 0.0 ], [ 110.43288220300002, -7.025705397000024, 0.0 ], [ 110.433041344, -7.025333358000012, 0.0 ], [ 110.433190136, -7.025069829000017, 0.0 ], [ 110.433292054, -7.024916121999979, 0.0 ], [ 110.433484824, -7.024663632999989, 0.0 ], [ 110.433721596, -7.024402957, 0.0 ], [ 110.433958363999977, -7.024145026999975, 0.0 ], [ 110.434184124000012, -7.023895325000012, 0.0 ], [ 110.43466867, -7.023368491999975, 0.0 ], [ 110.435442286000011, -7.022531596000022, 0.0 ], [ 110.435990146999984, -7.021938909000028, 0.0 ], [ 110.43629015099998, -7.021681054, 0.0 ], [ 110.436534371999983, -7.021509662000028, 0.0 ], [ 110.436736587999974, -7.021402772999977, 0.0 ], [ 110.436973876000025, -7.021281504, 0.0 ], [ 110.437361758, -7.02111097, 0.0 ], [ 110.437872168000013, -7.020956023, 0.0 ], [ 110.438988736, -7.020719578000012, 0.0 ], [ 110.439101107999988, -7.020679574999974, 0.0 ], [ 110.439478232, -7.020545323000022, 0.0 ], [ 110.439917885999989, -7.020238982000023, 0.0 ], [ 110.440661481, -7.019622572, 0.0 ], [ 110.441480198000022, -7.018902770000011, 0.0 ], [ 110.442084401999978, -7.018371828, 0.0 ], [ 110.442298979999975, -7.018125877999978, 0.0 ], [ 110.442527945999984, -7.017794305999985, 0.0 ], [ 110.442710520999981, -7.017430568, 0.0 ], [ 110.442835902000013, -7.017109577999975, 0.0 ], [ 110.443129725, -7.016296378, 0.0 ], [ 110.443401823999977, -7.015496024000015, 0.0 ], [ 110.443452278, -7.015347619000011, 0.0 ], [ 110.44346952799998, -7.015297878000013, 0.0 ], [ 110.443636175999984, -7.014817349, 0.0 ], [ 110.443835730999979, -7.014241932, 0.0 ], [ 110.444218560000024, -7.01314080100002, 0.0 ], [ 110.444226345, -7.013118411, 0.0 ], [ 110.444805649999978, -7.011491736999972, 0.0 ], [ 110.444813828, -7.011475309, 0.0 ], [ 110.444815156, -7.011472643, 0.0 ], [ 110.444817974999978, -7.011466977999987, 0.0 ], [ 110.444822118, -7.011469096999974, 0.0 ], [ 110.444965914000022, -7.011170763999985, 0.0 ], [ 110.445313769999984, -7.01057410300001, 0.0 ], [ 110.445350623000024, -7.010510891000024, 0.0 ], [ 110.445411272, -7.010428354, 0.0 ], [ 110.445656107, -7.010095155999977, 0.0 ], [ 110.446015266000018, -7.009683199999984, 0.0 ], [ 110.446065771, -7.009625271, 0.0 ], [ 110.44626393599998, -7.009428394999986, 0.0 ], [ 110.447275271000024, -7.008423638000011, 0.0 ], [ 110.448116255, -7.007583389999979, 0.0 ], [ 110.449519235000025, -7.006206309, 0.0 ], [ 110.449646974000018, -7.006358227000021, 0.0 ], [ 110.449674580000021, -7.00639105800002, 0.0 ], [ 110.449676188000012, -7.006392969999979, 0.0 ], [ 110.449678758, -7.006396026, 0.0 ], [ 110.449866289999989, -7.006656903000021, 0.0 ], [ 110.450006038000026, -7.006796856, 0.0 ], [ 110.450062711999976, -7.006853611999986, 0.0 ], [ 110.450067279, -7.006858185999988, 0.0 ], [ 110.45012687000002, -7.006917864, 0.0 ], [ 110.450188674, -7.006939116000012, 0.0 ], [ 110.450296834000028, -7.006976308999981, 0.0 ], [ 110.450442795000015, -7.0070265, 0.0 ], [ 110.45075764, -7.00722658, 0.0 ], [ 110.450847689999989, -7.007283305999977, 0.0 ], [ 110.450990608999973, -7.007416563999982, 0.0 ], [ 110.451127939, -7.007544610000025, 0.0 ], [ 110.451576357000022, -7.00780579100001, 0.0 ], [ 110.451692779999973, -7.007823036, 0.0 ], [ 110.451734633, -7.007829234999974, 0.0 ], [ 110.451833282, -7.007887632, 0.0 ], [ 110.452447455000026, -7.007868555000016, 0.0 ], [ 110.452956622999977, -7.007851604999985, 0.0 ], [ 110.453022007000015, -7.007849430000022, 0.0 ], [ 110.453089123999973, -7.007899060999989, 0.0 ], [ 110.453352683999981, -7.008093954, 0.0 ], [ 110.453368399999988, -7.008108906000018, 0.0 ], [ 110.45339174999998, -7.008131119999973, 0.0 ], [ 110.453631426000015, -7.008423333999986, 0.0 ], [ 110.453839892000019, -7.008632101999979, 0.0 ], [ 110.454131866000012, -7.008820114, 0.0 ], [ 110.454288428999973, -7.008846372, 0.0 ], [ 110.454400959, -7.008913303999975, 0.0 ], [ 110.454856575, -7.008953421, 0.0 ], [ 110.454987483000025, -7.008960367999975, 0.0 ], [ 110.455365035999989, -7.00898040200002, 0.0 ], [ 110.456236215999979, -7.009430071999986, 0.0 ], [ 110.456988636, -7.009787233, 0.0 ], [ 110.457107298999972, -7.009965516000022, 0.0 ], [ 110.457108601000016, -7.010020069, 0.0 ], [ 110.457113596999989, -7.010229440999979, 0.0 ], [ 110.45717285500001, -7.01038126200001, 0.0 ], [ 110.457298259000027, -7.010440787999983, 0.0 ], [ 110.457694366, -7.010546814, 0.0 ], [ 110.458077318999983, -7.010606637000024, 0.0 ], [ 110.458758960000011, -7.010547202, 0.0 ], [ 110.459048177999989, -7.010521982, 0.0 ], [ 110.459301916000015, -7.010715415999982, 0.0 ], [ 110.459490245999973, -7.010858987, 0.0 ], [ 110.459954053, -7.010990758999981, 0.0 ], [ 110.460145491999981, -7.011045148999983, 0.0 ], [ 110.460503723999977, -7.01126968, 0.0 ], [ 110.460671737999974, -7.011374987000011, 0.0 ], [ 110.460863135000011, -7.011474175999979, 0.0 ], [ 110.461184785, -7.01152902299998, 0.0 ], [ 110.461252686000023, -7.011540600999979, 0.0 ], [ 110.461280588000022, -7.011563046, 0.0 ], [ 110.461655149000023, -7.011864364000019, 0.0 ], [ 110.461879308, -7.01218792200001, 0.0 ], [ 110.461949935, -7.012587974999974, 0.0 ], [ 110.461985244, -7.012787977000016, 0.0 ], [ 110.461984893000022, -7.013093520999973, 0.0 ], [ 110.462124458, -7.013436271999979, 0.0 ], [ 110.462168218999977, -7.013633207999987, 0.0 ], [ 110.462270064999984, -7.013754496, 0.0 ], [ 110.462370029999988, -7.013948918999972, 0.0 ], [ 110.462519158000021, -7.014009287000022, 0.0 ], [ 110.462525200000016, -7.014011735, 0.0 ], [ 110.462912430000017, -7.014168489999975, 0.0 ], [ 110.46307873, -7.014196378, 0.0 ], [ 110.463237328, -7.014261239, 0.0 ], [ 110.463675900999988, -7.01432171099998, 0.0 ], [ 110.463864597, -7.014347729, 0.0 ], [ 110.464007224999989, -7.014453777000028, 0.0 ], [ 110.464300083000012, -7.014671524999983, 0.0 ], [ 110.464432428, -7.014722828, 0.0 ], [ 110.46479515599998, -7.014863432000027, 0.0 ], [ 110.465776130999984, -7.015232239999989, 0.0 ], [ 110.46613398, -7.015366777999986, 0.0 ], [ 110.466765380000027, -7.015604161, 0.0 ], [ 110.467006352999988, -7.015694756000016, 0.0 ], [ 110.467013115999976, -7.0156973, 0.0 ], [ 110.46781187900001, -7.015968723000015, 0.0 ], [ 110.469125524999981, -7.016438667999978, 0.0 ], [ 110.469191417, -7.016456554, 0.0 ], [ 110.469743361999974, -7.016606387000024, 0.0 ], [ 110.469930955999985, -7.016657311000017, 0.0 ], [ 110.470458584000028, -7.017264918000023, 0.0 ], [ 110.470775117000017, -7.017667753000012, 0.0 ], [ 110.471449326000027, -7.018169700999977, 0.0 ], [ 110.471778073, -7.018414455000027, 0.0 ], [ 110.472074640000017, -7.01860205600002, 0.0 ], [ 110.472123633000024, -7.01863943799998, 0.0 ], [ 110.472145910999984, -7.01864714200002, 0.0 ], [ 110.47227961599998, -7.01873172, 0.0 ], [ 110.472842308, -7.018936868000026, 0.0 ], [ 110.472845756000027, -7.018938596999988, 0.0 ], [ 110.472888559000012, -7.018960037999989, 0.0 ], [ 110.472932534, -7.018988836, 0.0 ], [ 110.473015739, -7.019043324, 0.0 ], [ 110.473250066, -7.019196772999976, 0.0 ], [ 110.473296962, -7.019257611, 0.0 ], [ 110.473579412999982, -7.019782260999989, 0.0 ], [ 110.473836628000015, -7.020086056000025, 0.0 ], [ 110.474014883999985, -7.020132440999987, 0.0 ], [ 110.474470490999977, -7.020192333000011, 0.0 ], [ 110.474826823, -7.02044345600001, 0.0 ], [ 110.475143614, -7.020621955000024, 0.0 ], [ 110.475275271999976, -7.020998188000021, 0.0 ], [ 110.475360481, -7.021572307999975, 0.0 ], [ 110.475426270000014, -7.021796712000025, 0.0 ], [ 110.475611040999979, -7.021922281, 0.0 ], [ 110.476053361000027, -7.022054734999983, 0.0 ], [ 110.476195877, -7.022092595, 0.0 ], [ 110.476278779999973, -7.022132788000022, 0.0 ], [ 110.476290758, -7.022365104000016, 0.0 ], [ 110.476308820999975, -7.022426258999985, 0.0 ], [ 110.476343392, -7.022543311, 0.0 ], [ 110.476367278999987, -7.022586565999973, 0.0 ], [ 110.476514748, -7.022853605000023, 0.0 ], [ 110.476592292000021, -7.023158962000025, 0.0 ], [ 110.476685701, -7.02352679, 0.0 ], [ 110.476929489999975, -7.024028509, 0.0 ], [ 110.47706853699998, -7.024167740999985, 0.0 ], [ 110.477153774999977, -7.024253093000027, 0.0 ], [ 110.477452086000028, -7.024345160999985, 0.0 ], [ 110.477497066000012, -7.024359043, 0.0 ], [ 110.477552301, -7.024460852, 0.0 ], [ 110.47782659, -7.024966421999977, 0.0 ], [ 110.47801106999998, -7.02535591100002, 0.0 ], [ 110.478182172, -7.025897134, 0.0 ], [ 110.478377033000015, -7.026221507, 0.0 ], [ 110.478377895999984, -7.026223406999975, 0.0 ], [ 110.478410323, -7.026291019999974, 0.0 ], [ 110.478469314, -7.026414022999973, 0.0 ], [ 110.478540937, -7.026589772000023, 0.0 ], [ 110.478548613999976, -7.026599381999972, 0.0 ], [ 110.478579804999981, -7.026638423, 0.0 ], [ 110.478580505000025, -7.026639300999989, 0.0 ], [ 110.478600135000022, -7.026660134999986, 0.0 ], [ 110.478696011000011, -7.026761896999972, 0.0 ], [ 110.478804640000021, -7.026965026000028, 0.0 ], [ 110.478847901999984, -7.027045923, 0.0 ], [ 110.47885621, -7.027104494000014, 0.0 ], [ 110.478926145, -7.027597506, 0.0 ], [ 110.478952744000026, -7.027785015, 0.0 ], [ 110.478978756, -7.028147932000024, 0.0 ], [ 110.479011549, -7.028352505999976, 0.0 ], [ 110.479011255999978, -7.02861578, 0.0 ], [ 110.479011042000025, -7.028807767999979, 0.0 ], [ 110.479254630000014, -7.029494226999986, 0.0 ], [ 110.479366496000011, -7.029857241, 0.0 ], [ 110.479406525, -7.029915143999972, 0.0 ], [ 110.479503889, -7.030251064000026, 0.0 ], [ 110.479530660000023, -7.030343427, 0.0 ], [ 110.47966223100002, -7.030802127000015, 0.0 ], [ 110.479698111, -7.030931733999978, 0.0 ], [ 110.4797317, -7.031053066000027, 0.0 ], [ 110.47974102, -7.031086731000016, 0.0 ], [ 110.479810226999973, -7.031336721, 0.0 ], [ 110.479827273000012, -7.031399740999973, 0.0 ], [ 110.479885001000014, -7.031613161, 0.0 ], [ 110.479890372999989, -7.031633020000015, 0.0 ], [ 110.479892344, -7.031640306999975, 0.0 ], [ 110.480052089000026, -7.032341551, 0.0 ], [ 110.48007709, -7.032451300999981, 0.0 ], [ 110.480096575, -7.032536833, 0.0 ], [ 110.480116055999986, -7.03257028500002, 0.0 ], [ 110.480201788999977, -7.032832070999973, 0.0 ], [ 110.480261951999978, -7.033015781000017, 0.0 ], [ 110.480266712, -7.033030316, 0.0 ], [ 110.480267723, -7.033038471999987, 0.0 ], [ 110.480415487000016, -7.033525934000011, 0.0 ], [ 110.480420790999972, -7.033544517999985, 0.0 ], [ 110.480456819999972, -7.033670744, 0.0 ], [ 110.480488603000026, -7.033782098000017, 0.0 ], [ 110.480519189, -7.033889250000016, 0.0 ], [ 110.480580901999986, -7.034105462000014, 0.0 ], [ 110.48058971, -7.034136322999984, 0.0 ], [ 110.480595799000014, -7.034157654000012, 0.0 ], [ 110.480606153, -7.034193929000025, 0.0 ], [ 110.480631413000026, -7.034282426, 0.0 ], [ 110.48065631999998, -7.034369688000027, 0.0 ], [ 110.480659914, -7.034382284, 0.0 ], [ 110.480670257999975, -7.034418518999985, 0.0 ], [ 110.480675169, -7.034435724, 0.0 ], [ 110.480655293999973, -7.034906131000014, 0.0 ], [ 110.480885840999974, -7.035447420000025, 0.0 ], [ 110.481024198999989, -7.035744481, 0.0 ], [ 110.48108141, -7.035815136, 0.0 ], [ 110.481222052000021, -7.035988826, 0.0 ], [ 110.481281314, -7.036147244, 0.0 ], [ 110.481275837999988, -7.036210261, 0.0 ], [ 110.481263534999982, -7.036351817000025, 0.0 ], [ 110.481257146000019, -7.036388104000025, 0.0 ], [ 110.481155294000018, -7.036635355999977, 0.0 ], [ 110.481148463000011, -7.036839885, 0.0 ], [ 110.481174666000015, -7.037031255999977, 0.0 ], [ 110.481286732, -7.037216124, 0.0 ], [ 110.481464929000026, -7.037321889, 0.0 ], [ 110.481482441000026, -7.037330113, 0.0 ], [ 110.481519843, -7.03736892500001, 0.0 ], [ 110.481544197, -7.037394198000015, 0.0 ], [ 110.481569513000011, -7.037420467, 0.0 ], [ 110.481862838999973, -7.037625344, 0.0 ], [ 110.481863995000026, -7.037626153000019, 0.0 ], [ 110.481883145999973, -7.037650123, 0.0 ], [ 110.481883821, -7.037650969000026, 0.0 ], [ 110.48196292, -7.037749971999972, 0.0 ], [ 110.481994327999985, -7.037814070000024, 0.0 ], [ 110.482023899000012, -7.03787441999998, 0.0 ], [ 110.482030225000017, -7.037919932000023, 0.0 ], [ 110.482031963999987, -7.038019738, 0.0 ], [ 110.481969893999974, -7.038160699, 0.0 ], [ 110.481791222000027, -7.038484622999988, 0.0 ], [ 110.481791186, -7.038484690000018, 0.0 ], [ 110.481673145, -7.038699709000014, 0.0 ], [ 110.481629688, -7.038778869999987, 0.0 ], [ 110.481476305, -7.038971396000022, 0.0 ], [ 110.481415756, -7.039272127, 0.0 ], [ 110.481403257000011, -7.039334204, 0.0 ], [ 110.481391700000017, -7.03951011800001, 0.0 ], [ 110.481389821, -7.039538726999979, 0.0 ], [ 110.481323632999988, -7.039670616000024, 0.0 ], [ 110.481343284, -7.039815791000024, 0.0 ], [ 110.481659907, -7.040159238, 0.0 ], [ 110.482194522999976, -7.040456737999989, 0.0 ], [ 110.482782054999973, -7.04068171900002, 0.0 ], [ 110.482903162000014, -7.040677992999974, 0.0 ], [ 110.483198115, -7.040688779, 0.0 ], [ 110.483653832000016, -7.040669486000013, 0.0 ], [ 110.483818953000025, -7.040656472000023, 0.0 ], [ 110.484147163999978, -7.040697662000014, 0.0 ], [ 110.484138487999985, -7.04072527, 0.0 ], [ 110.484121073999972, -7.040780682, 0.0 ], [ 110.484048697, -7.041241316000026, 0.0 ], [ 110.483898515000021, -7.041653997000026, 0.0 ], [ 110.483580601000028, -7.042102393, 0.0 ], [ 110.483490555, -7.04229376, 0.0 ], [ 110.483503026999983, -7.042350122000016, 0.0 ], [ 110.483515499000021, -7.042406486, 0.0 ], [ 110.483562066, -7.042616936, 0.0 ], [ 110.48381944800002, -7.042748851999988, 0.0 ], [ 110.484382131000018, -7.043006755000022, 0.0 ], [ 110.484735297999976, -7.043174675999978, 0.0 ], [ 110.484896869000011, -7.043294521, 0.0 ], [ 110.485034485000028, -7.043414337, 0.0 ], [ 110.485095371, -7.043517040999973, 0.0 ], [ 110.485097456, -7.043520558000012, 0.0 ], [ 110.485121719, -7.043561485999987, 0.0 ], [ 110.485148066000022, -7.043605927999977, 0.0 ], [ 110.485165789, -7.04382732900001, 0.0 ], [ 110.485081697999988, -7.044048619000023, 0.0 ], [ 110.484938795, -7.044114587000024, 0.0 ], [ 110.484887409, -7.044138309, 0.0 ], [ 110.484836022000025, -7.044162030999985, 0.0 ], [ 110.484446774, -7.044125701999974, 0.0 ], [ 110.48305882, -7.043987152, 0.0 ], [ 110.482446655999979, -7.043926043999988, 0.0 ], [ 110.482129165, -7.043991509000023, 0.0 ], [ 110.481901447999974, -7.044110922000016, 0.0 ], [ 110.481745473999979, -7.04434409800001, 0.0 ], [ 110.481685259000017, -7.044637212, 0.0 ], [ 110.481701788, -7.044670329999974, 0.0 ], [ 110.481718317, -7.044703448, 0.0 ], [ 110.481858554999974, -7.044984436, 0.0 ], [ 110.48221159000002, -7.045272023999985, 0.0 ], [ 110.482900006000023, -7.045565968, 0.0 ], [ 110.483337252000013, -7.045566451000013, 0.0 ], [ 110.483486933, -7.045566615999974, 0.0 ], [ 110.484157727000024, -7.04554940700001, 0.0 ], [ 110.48428938, -7.045645284999978, 0.0 ], [ 110.484290158000022, -7.045646631000011, 0.0 ], [ 110.484290937000026, -7.045647979000023, 0.0 ], [ 110.484355134, -7.04575904, 0.0 ], [ 110.484354863000021, -7.04600435499998, 0.0 ], [ 110.484270810999988, -7.046189744, 0.0 ], [ 110.483719665000024, -7.046326750999981, 0.0 ], [ 110.48334831, -7.046356257000014, 0.0 ], [ 110.483156468, -7.046529561, 0.0 ], [ 110.483145329000024, -7.046677566000028, 0.0 ], [ 110.48314482, -7.04668433, 0.0 ], [ 110.483144311, -7.046691096000018, 0.0 ], [ 110.483224663999977, -7.046786877999978, 0.0 ], [ 110.483247289000019, -7.04681384700001, 0.0 ], [ 110.483269915, -7.046840816999975, 0.0 ], [ 110.483772938000016, -7.046895222999979, 0.0 ], [ 110.484013725000011, -7.046972675, 0.0 ], [ 110.484051985, -7.046984982000026, 0.0 ], [ 110.484090246, -7.046997288999989, 0.0 ], [ 110.484138025999982, -7.047117007999987, 0.0 ], [ 110.484080695999978, -7.047300842000027, 0.0 ], [ 110.48402984, -7.047463919, 0.0 ], [ 110.48363996, -7.047996002, 0.0 ], [ 110.483531474000017, -7.048612161, 0.0 ], [ 110.483555463000016, -7.048664237000025, 0.0 ], [ 110.483561106000025, -7.048676488000012, 0.0 ], [ 110.48357381, -7.048704066000028, 0.0 ], [ 110.483639019, -7.048845627999981, 0.0 ], [ 110.484473127, -7.048988414, 0.0 ], [ 110.484478223999986, -7.048989286, 0.0 ], [ 110.484483323, -7.048990159000027, 0.0 ], [ 110.484674396, -7.04915195, 0.0 ], [ 110.485452652, -7.049810939, 0.0 ], [ 110.485693067, -7.050119796, 0.0 ], [ 110.485731347000012, -7.050168973999973, 0.0 ], [ 110.485769625999978, -7.050218151000024, 0.0 ], [ 110.485804957000028, -7.050389699, 0.0 ], [ 110.485948344, -7.051085925, 0.0 ], [ 110.486013307, -7.051917673999981, 0.0 ], [ 110.486012943999981, -7.052246755, 0.0 ], [ 110.485928767000019, -7.052545826000028, 0.0 ], [ 110.485708073000012, -7.052897334000022, 0.0 ], [ 110.4852568, -7.053616095999985, 0.0 ], [ 110.485035155, -7.053657734000012, 0.0 ], [ 110.484454563999975, -7.053333996, 0.0 ], [ 110.484257265999986, -7.053022646999977, 0.0 ], [ 110.484261735000018, -7.05299219, 0.0 ], [ 110.484266204, -7.052961735999986, 0.0 ], [ 110.484275653, -7.052897334000022, 0.0 ], [ 110.484305543, -7.052693620000014, 0.0 ], [ 110.484665269, -7.052352969000026, 0.0 ], [ 110.484935017999987, -7.052137867999988, 0.0 ], [ 110.484919780999974, -7.051999475, 0.0 ], [ 110.484893511, -7.051760875000014, 0.0 ], [ 110.484570415, -7.051473321, 0.0 ], [ 110.483875841999975, -7.051322971, 0.0 ], [ 110.483312877, -7.051310382, 0.0 ], [ 110.483103099, -7.05145375, 0.0 ], [ 110.482851276000019, -7.051704769000025, 0.0 ], [ 110.482814924000024, -7.052081676, 0.0 ], [ 110.482885028, -7.052378291000025, 0.0 ], [ 110.48289838, -7.052434781999978, 0.0 ], [ 110.482902544000012, -7.052482818999977, 0.0 ], [ 110.482927947, -7.052775863000022, 0.0 ], [ 110.482670229, -7.052943109000012, 0.0 ], [ 110.481837664000011, -7.053008003, 0.0 ], [ 110.481474328, -7.053144265000014, 0.0 ], [ 110.481469647999972, -7.053156356999978, 0.0 ], [ 110.481467598, -7.053161655, 0.0 ], [ 110.481464968000012, -7.053168449999987, 0.0 ], [ 110.481388921000018, -7.053722314000026, 0.0 ], [ 110.48162315899998, -7.05451849100001, 0.0 ], [ 110.481739608, -7.054835127, 0.0 ], [ 110.481721795, -7.055187371999978, 0.0 ], [ 110.48192135, -7.056029481, 0.0 ], [ 110.482403154999986, -7.056300296000018, 0.0 ], [ 110.482406275000017, -7.05630205, 0.0 ], [ 110.482754668999974, -7.056497878000016, 0.0 ], [ 110.48302510100001, -7.056622874000027, 0.0 ], [ 110.483271405999972, -7.056605827999988, 0.0 ], [ 110.483303379, -7.056586772, 0.0 ], [ 110.483335351999983, -7.056567717, 0.0 ], [ 110.483694883, -7.05635343900002, 0.0 ], [ 110.483857557000022, -7.056273921000013, 0.0 ], [ 110.483871664999981, -7.056267024000022, 0.0 ], [ 110.483885773, -7.056260128000019, 0.0 ], [ 110.485128063, -7.055784357999983, 0.0 ], [ 110.485420235999982, -7.055574343999979, 0.0 ], [ 110.486010662000012, -7.055149947000018, 0.0 ], [ 110.486172867, -7.054843580000011, 0.0 ], [ 110.486460781, -7.054223503, 0.0 ], [ 110.486628563000011, -7.053353571, 0.0 ], [ 110.486826016, -7.05295139499998, 0.0 ], [ 110.487264896, -7.052871400000015, 0.0 ], [ 110.487676814999986, -7.052880793999975, 0.0 ], [ 110.488375556999983, -7.052649066000015, 0.0 ], [ 110.488396152, -7.05264411600001, 0.0 ], [ 110.48841674800002, -7.052639166, 0.0 ], [ 110.488515823, -7.052761056, 0.0 ], [ 110.489714929, -7.053718432999972, 0.0 ], [ 110.490132857999981, -7.054177365999976, 0.0 ], [ 110.490440735, -7.054515449, 0.0 ], [ 110.490798546, -7.054908366, 0.0 ], [ 110.491293571000028, -7.055523074, 0.0 ], [ 110.491833500999974, -7.056583519000014, 0.0 ], [ 110.491515632000016, -7.057415713000012, 0.0 ], [ 110.491033768000023, -7.058490049999989, 0.0 ], [ 110.49095201, -7.058877989999985, 0.0 ], [ 110.490885757, -7.059192363000022, 0.0 ], [ 110.491081136, -7.060058416, 0.0 ], [ 110.491309629999989, -7.060565100000019, 0.0 ], [ 110.492175670999984, -7.061439915999983, 0.0 ], [ 110.492295812, -7.061561274999974, 0.0 ], [ 110.493248591999986, -7.061996855000018, 0.0 ], [ 110.494697960999986, -7.063136519000011, 0.0 ], [ 110.49689169200002, -7.064646047, 0.0 ], [ 110.497064318000014, -7.064764833000027, 0.0 ], [ 110.497457553, -7.065158337000014, 0.0 ], [ 110.497897438999985, -7.065239739999981, 0.0 ], [ 110.499194781000028, -7.065083397000024, 0.0 ], [ 110.499804026999982, -7.065547391, 0.0 ], [ 110.499858421999988, -7.065754772999981, 0.0 ], [ 110.499912062000021, -7.066000144999975, 0.0 ], [ 110.500031719999981, -7.066119940000021, 0.0 ], [ 110.500372874999982, -7.066341688000023, 0.0 ], [ 110.500702121000018, -7.066497605999984, 0.0 ], [ 110.500881710999977, -7.066581564999979, 0.0 ], [ 110.500891282, -7.066594571, 0.0 ], [ 110.500900855, -7.066607578, 0.0 ], [ 110.500965440000016, -7.066695337999988, 0.0 ], [ 110.500977186999989, -7.066910748, 0.0 ], [ 110.500996316, -7.067345841000019, 0.0 ], [ 110.50099658900001, -7.067352057999983, 0.0 ], [ 110.500832885000023, -7.067431141999975, 0.0 ], [ 110.50065314, -7.067490782, 0.0 ], [ 110.50060223700001, -7.067484744000012, 0.0 ], [ 110.500551334000022, -7.067478705999974, 0.0 ], [ 110.50041374, -7.067328976, 0.0 ], [ 110.500408490999973, -7.067319250000025, 0.0 ], [ 110.500326213999983, -7.0671668, 0.0 ], [ 110.500294191000023, -7.067107465999982, 0.0 ], [ 110.500285365000025, -7.06709551, 0.0 ], [ 110.500192519, -7.06696974099998, 0.0 ], [ 110.500063808999982, -7.066882104, 0.0 ], [ 110.500042894999979, -7.066867864000017, 0.0 ], [ 110.499875154999984, -7.066903583999988, 0.0 ], [ 110.499781541, -7.066967201000011, 0.0 ], [ 110.499743293, -7.066993192999973, 0.0 ], [ 110.499695178000024, -7.067178623000018, 0.0 ], [ 110.499659017, -7.067388, 0.0 ], [ 110.499581033000027, -7.067501599000025, 0.0 ], [ 110.499566118000018, -7.067516468, 0.0 ], [ 110.499551202000021, -7.067531337, 0.0 ], [ 110.499425143, -7.067656998000018, 0.0 ], [ 110.499179534, -7.067698615999973, 0.0 ], [ 110.498892091000016, -7.067656425, 0.0 ], [ 110.498381102, -7.067531337, 0.0 ], [ 110.498155594000025, -7.067476133000014, 0.0 ], [ 110.498005827999975, -7.067505888000028, 0.0 ], [ 110.498000298000022, -7.067518612000015, 0.0 ], [ 110.497994768000012, -7.067531337, 0.0 ], [ 110.497939764000023, -7.067657892, 0.0 ], [ 110.497882678999986, -7.06785183400001, 0.0 ], [ 110.497889811999983, -7.068116821, 0.0 ], [ 110.497903447, -7.068623393999985, 0.0 ], [ 110.497904754, -7.068671946999984, 0.0 ], [ 110.497906060999981, -7.068720499, 0.0 ], [ 110.498169433999976, -7.068894071999978, 0.0 ], [ 110.498326201, -7.068997562999982, 0.0 ], [ 110.498362848999989, -7.069022594999979, 0.0 ], [ 110.498399496, -7.069047626999975, 0.0 ], [ 110.498492839999983, -7.069167725999989, 0.0 ], [ 110.498504761, -7.069223285000021, 0.0 ], [ 110.498516678999977, -7.069278826000016, 0.0 ], [ 110.498538995999979, -7.06938283300002, 0.0 ], [ 110.498542293000014, -7.069422827999972, 0.0 ], [ 110.498545590999981, -7.069462825000016, 0.0 ], [ 110.498495441999978, -7.069566093, 0.0 ], [ 110.498450333999983, -7.069604383000012, 0.0 ], [ 110.498405225999988, -7.069642672999976, 0.0 ], [ 110.498275150999973, -7.069645840000021, 0.0 ], [ 110.497901483000021, -7.069578776000014, 0.0 ], [ 110.497491493999973, -7.069471559000021, 0.0 ], [ 110.497430502999975, -7.069459951, 0.0 ], [ 110.497430473, -7.069459945, 0.0 ], [ 110.497369451, -7.069448331999979, 0.0 ], [ 110.497066244999985, -7.069177858999979, 0.0 ], [ 110.497049544999982, -7.069138123000016, 0.0 ], [ 110.497032846000025, -7.069098387999986, 0.0 ], [ 110.496987272000013, -7.068989945, 0.0 ], [ 110.496990776000018, -7.068838345000017, 0.0 ], [ 110.496997384999986, -7.068798819999984, 0.0 ], [ 110.497003993000021, -7.068759297999975, 0.0 ], [ 110.497337491999986, -7.068464082999981, 0.0 ], [ 110.497456463, -7.068309349, 0.0 ], [ 110.497496126999977, -7.068203929999981, 0.0 ], [ 110.497482956999988, -7.068167668, 0.0 ], [ 110.497469787, -7.06813140600002, 0.0 ], [ 110.497410305000017, -7.068071815999986, 0.0 ], [ 110.497397243000023, -7.068058731, 0.0 ], [ 110.497384176000025, -7.068045641000026, 0.0 ], [ 110.497225932999982, -7.067943314, 0.0 ], [ 110.497084056, -7.067939903000024, 0.0 ], [ 110.49685016799998, -7.067948742999988, 0.0 ], [ 110.496828323999978, -7.067955989999973, 0.0 ], [ 110.496806484, -7.067963234999979, 0.0 ], [ 110.496762819000026, -7.068032910999989, 0.0 ], [ 110.496785916000022, -7.068157896, 0.0 ], [ 110.496788786000025, -7.068198597, 0.0 ], [ 110.496791656000028, -7.068239296, 0.0 ], [ 110.496771147, -7.068378723000023, 0.0 ], [ 110.496701155999972, -7.068506523999986, 0.0 ], [ 110.496607935999975, -7.068631383000024, 0.0 ], [ 110.496549739999978, -7.068701045000012, 0.0 ], [ 110.49651623, -7.068721357000015, 0.0 ], [ 110.496482719000028, -7.068741669000019, 0.0 ], [ 110.496386773999973, -7.068727027000023, 0.0 ], [ 110.495921873999976, -7.06852819400001, 0.0 ], [ 110.495756539000013, -7.068445404999977, 0.0 ], [ 110.495641718, -7.06842695, 0.0 ], [ 110.495607256000028, -7.068431483999973, 0.0 ], [ 110.495572787000015, -7.068436018, 0.0 ], [ 110.49553598, -7.068486496, 0.0 ], [ 110.495527056000014, -7.068517618999977, 0.0 ], [ 110.49552380199998, -7.06852896800001, 0.0 ], [ 110.495508369999982, -7.068582788000015, 0.0 ], [ 110.495526602999973, -7.068679175999989, 0.0 ], [ 110.495655082999974, -7.068784875, 0.0 ], [ 110.496008619, -7.069000897000024, 0.0 ], [ 110.496127882, -7.069152485000018, 0.0 ], [ 110.49620790900002, -7.06929921699998, 0.0 ], [ 110.49623483900001, -7.069435479999981, 0.0 ], [ 110.496273131, -7.069629239, 0.0 ], [ 110.496234795000021, -7.069943833000025, 0.0 ], [ 110.496180188999972, -7.070070776000023, 0.0 ], [ 110.496071003, -7.070229456999982, 0.0 ], [ 110.495861878000028, -7.070474192, 0.0 ], [ 110.495797910000022, -7.070553252000025, 0.0 ], [ 110.495773054999972, -7.070583969999973, 0.0 ], [ 110.495748204, -7.07061468400002, 0.0 ], [ 110.495693545, -7.070718968999984, 0.0 ], [ 110.495668506000015, -7.070768836000013, 0.0 ], [ 110.495643475, -7.070818687999974, 0.0 ], [ 110.495575212, -7.071000072, 0.0 ], [ 110.495561368999972, -7.071154288, 0.0 ], [ 110.495547709999983, -7.071210967000013, 0.0 ], [ 110.495534051, -7.071267644999978, 0.0 ], [ 110.49550666, -7.071376482, 0.0 ], [ 110.495483889000013, -7.071417299000018, 0.0 ], [ 110.495461117, -7.07145811700002, 0.0 ], [ 110.495347571000025, -7.071480652999981, 0.0 ], [ 110.495082231000026, -7.071472099, 0.0 ], [ 110.494896084, -7.07144924, 0.0 ], [ 110.494746341999985, -7.071317506000014, 0.0 ], [ 110.494655642999987, -7.071194927000022, 0.0 ], [ 110.494533155, -7.071081406000019, 0.0 ], [ 110.494471854999972, -7.071074532000011, 0.0 ], [ 110.494410556999981, -7.071067659, 0.0 ], [ 110.494246986, -7.071149118999983, 0.0 ], [ 110.494128780999972, -7.07123972, 0.0 ], [ 110.493947621000018, -7.071490219999987, 0.0 ], [ 110.493936543000018, -7.071509524000021, 0.0 ], [ 110.493925462999982, -7.071528831000023, 0.0 ], [ 110.49366588700002, -7.071981145999985, 0.0 ], [ 110.493636289, -7.07203202300002, 0.0 ], [ 110.493606691000025, -7.072082901999977, 0.0 ], [ 110.493366408999975, -7.072495974999981, 0.0 ], [ 110.492411914, -7.073362066000016, 0.0 ], [ 110.491583258, -7.074027645, 0.0 ], [ 110.491428621000011, -7.074181489000011, 0.0 ], [ 110.49138345199998, -7.074336594999977, 0.0 ], [ 110.491324932999987, -7.07453754, 0.0 ], [ 110.491230993999977, -7.074944835, 0.0 ], [ 110.49102417, -7.075493918, 0.0 ], [ 110.490562097, -7.075974057999986, 0.0 ], [ 110.490218251999977, -7.076101199, 0.0 ], [ 110.490031570999975, -7.076189277000026, 0.0 ], [ 110.489893882999979, -7.076375499999983, 0.0 ], [ 110.489785453000025, -7.076748125999984, 0.0 ], [ 110.489559008000015, -7.077277568999989, 0.0 ], [ 110.489372197000023, -7.077483355000027, 0.0 ], [ 110.489087347, -7.077541896000014, 0.0 ], [ 110.488280996000015, -7.077644659999976, 0.0 ], [ 110.487943404000021, -7.077673608999987, 0.0 ], [ 110.48767833, -7.078385159999982, 0.0 ], [ 110.487660076, -7.078520406, 0.0 ], [ 110.487647822999975, -7.078709826000022, 0.0 ], [ 110.487632684, -7.07883904800002, 0.0 ], [ 110.487613059000012, -7.078879624000024, 0.0 ], [ 110.487593431999983, -7.078920203, 0.0 ], [ 110.486761258, -7.079609431, 0.0 ], [ 110.486033438, -7.080265184999973, 0.0 ], [ 110.484951630000012, -7.081239876999973, 0.0 ], [ 110.48439549699998, -7.081740944999979, 0.0 ], [ 110.481872139000018, -7.082968452999978, 0.0 ], [ 110.480972682000015, -7.083406002, 0.0 ], [ 110.480165082999974, -7.083720404000019, 0.0 ], [ 110.47963261000001, -7.083859944999972, 0.0 ], [ 110.479113111, -7.0840728, 0.0 ], [ 110.478888918, -7.084166746999983, 0.0 ], [ 110.478327418999982, -7.084805637999978, 0.0 ], [ 110.478108596000027, -7.085136509999984, 0.0 ], [ 110.477961531, -7.085334381, 0.0 ], [ 110.477742889000012, -7.085628552, 0.0 ], [ 110.477427542999976, -7.086227839, 0.0 ], [ 110.477248507000013, -7.086786234999977, 0.0 ], [ 110.477234450000026, -7.087168497999983, 0.0 ], [ 110.477201743000023, -7.087521848, 0.0 ], [ 110.477194923000013, -7.087521728000013, 0.0 ], [ 110.477073741000027, -7.087519691000011, 0.0 ], [ 110.477017943000021, -7.087589204999972, 0.0 ], [ 110.47701728200002, -7.087590028000022, 0.0 ], [ 110.476981129000023, -7.087635068, 0.0 ], [ 110.476925946, -7.087703814, 0.0 ], [ 110.476906853, -7.087727600999983, 0.0 ], [ 110.476644035999982, -7.087924043999976, 0.0 ], [ 110.476413617999981, -7.087872872999981, 0.0 ], [ 110.476182587999972, -7.087819847999981, 0.0 ], [ 110.476147928999978, -7.08781189299998, 0.0 ], [ 110.475988934999975, -7.087716354, 0.0 ], [ 110.475813771, -7.087648393999984, 0.0 ], [ 110.475742437, -7.087620717, 0.0 ], [ 110.475668246999987, -7.087588192999988, 0.0 ], [ 110.47561522, -7.087564945999986, 0.0 ], [ 110.475588550999987, -7.087551588, 0.0 ], [ 110.475519814, -7.087517159000015, 0.0 ], [ 110.475384614, -7.087485218999973, 0.0 ], [ 110.475233522999986, -7.087437368999986, 0.0 ], [ 110.475122107, -7.087476977, 0.0 ], [ 110.475028516, -7.087588192999988, 0.0 ], [ 110.475018552, -7.087600033, 0.0 ], [ 110.474970822999978, -7.087599979, 0.0 ], [ 110.474931046999984, -7.087599934000025, 0.0 ], [ 110.474914109999986, -7.087588192999988, 0.0 ], [ 110.474827713000025, -7.087528297, 0.0 ], [ 110.474716721, -7.087588192999988, 0.0 ], [ 110.474636675, -7.087631387999977, 0.0 ], [ 110.474484277999977, -7.087630591999982, 0.0 ], [ 110.474433684000019, -7.087633427000014, 0.0 ], [ 110.474334375000012, -7.087638992, 0.0 ], [ 110.474257643999977, -7.087635153, 0.0 ], [ 110.474190105, -7.087663975999988, 0.0 ], [ 110.474093673000027, -7.087659051, 0.0 ], [ 110.473977952999974, -7.087654104000023, 0.0 ], [ 110.473814026000014, -7.087639466999974, 0.0 ], [ 110.473642297000026, -7.087630263, 0.0 ], [ 110.47361854899998, -7.087613799999986, 0.0 ], [ 110.473581610999986, -7.087588192999988, 0.0 ], [ 110.473538962000021, -7.087558625999975, 0.0 ], [ 110.473483268, -7.087566509999988, 0.0 ], [ 110.473411753999983, -7.087494909999975, 0.0 ], [ 110.473324285, -7.087463023, 0.0 ], [ 110.473173165999981, -7.087439012, 0.0 ], [ 110.473014111, -7.087399098999981, 0.0 ], [ 110.472910769, -7.087335408, 0.0 ], [ 110.472815380999975, -7.087271726999973, 0.0 ], [ 110.472696154, -7.087184179000019, 0.0 ], [ 110.472660605999977, -7.087148587, 0.0 ], [ 110.472600802999978, -7.087088710999979, 0.0 ], [ 110.472521369999981, -7.086985314, 0.0 ], [ 110.472425945999987, -7.086953419999986, 0.0 ], [ 110.472306675000027, -7.086905605000027, 0.0 ], [ 110.472211233, -7.086889602999975, 0.0 ], [ 110.472131763999982, -7.086817993000011, 0.0 ], [ 110.472086054999977, -7.086790128000018, 0.0 ], [ 110.472016392, -7.086839715, 0.0 ], [ 110.47195668400002, -7.086879380000028, 0.0 ], [ 110.471887020999986, -7.086928968, 0.0 ], [ 110.471777572, -7.086988443999985, 0.0 ], [ 110.471718011, -7.086898975999986, 0.0 ], [ 110.471698225000011, -7.086809553000023, 0.0 ], [ 110.471566487000018, -7.086794504000011, 0.0 ], [ 110.471457869, -7.086670215000026, 0.0 ], [ 110.471318247, -7.086483806999979, 0.0 ], [ 110.471147463000023, -7.086374966, 0.0 ], [ 110.470836932999987, -7.086188364, 0.0 ], [ 110.470811114000014, -7.086164085, 0.0 ], [ 110.470780827, -7.086135604999981, 0.0 ], [ 110.470607229, -7.085972363999986, 0.0 ], [ 110.470388873, -7.085788994999973, 0.0 ], [ 110.470299268000019, -7.085713747, 0.0 ], [ 110.470319282, -7.085604503000013, 0.0 ], [ 110.470418979999977, -7.085376151999981, 0.0 ], [ 110.47034946399998, -7.085296605, 0.0 ], [ 110.470309825000015, -7.085177360999978, 0.0 ], [ 110.470190568000021, -7.085117625, 0.0 ], [ 110.470021673000019, -7.08498830000002, 0.0 ], [ 110.469882563, -7.084898742, 0.0 ], [ 110.46977317, -7.084908550000023, 0.0 ], [ 110.469673812999986, -7.08483890399998, 0.0 ], [ 110.46962410499998, -7.084828914000013, 0.0 ], [ 110.469504804, -7.084808912000028, 0.0 ], [ 110.46942541300001, -7.084669755, 0.0 ], [ 110.469395513, -7.084729321, 0.0 ], [ 110.469296053, -7.084749073000012, 0.0 ], [ 110.469126953999989, -7.084798547, 0.0 ], [ 110.468987856000012, -7.084699054999987, 0.0 ], [ 110.468988025999977, -7.084550056000012, 0.0 ], [ 110.46888868000002, -7.084470475999979, 0.0 ], [ 110.468590544, -7.084316170000022, 0.0 ], [ 110.468690231999972, -7.084097751, 0.0 ], [ 110.468690391, -7.083958685000027, 0.0 ], [ 110.468690539000022, -7.083829552, 0.0 ], [ 110.468650958000012, -7.083660641, 0.0 ], [ 110.468770520000021, -7.083452178000016, 0.0 ], [ 110.468674797, -7.0834051, 0.0 ], [ 110.468223925000018, -7.083183355000017, 0.0 ], [ 110.467985379000027, -7.083093682000026, 0.0 ], [ 110.467786552, -7.083053721, 0.0 ], [ 110.467538005, -7.083013704, 0.0 ], [ 110.467309436999983, -7.082894242, 0.0 ], [ 110.467309552000017, -7.082794910000018, 0.0 ], [ 110.467100814, -7.082725138, 0.0 ], [ 110.467041232999975, -7.082655536, 0.0 ], [ 110.466892202999986, -7.082546099000012, 0.0 ], [ 110.466603932999988, -7.082461335, 0.0 ], [ 110.466544466000016, -7.082292402, 0.0 ], [ 110.466399164999984, -7.082086985999979, 0.0 ], [ 110.466375697999979, -7.082053809, 0.0 ], [ 110.465908905999981, -7.081566542000019, 0.0 ], [ 110.465561026999978, -7.08143701, 0.0 ], [ 110.465074075000018, -7.081188117000011, 0.0 ], [ 110.464984787999981, -7.081009215999984, 0.0 ], [ 110.465074578999975, -7.080751054000018, 0.0 ], [ 110.465114546999985, -7.080582234000019, 0.0 ], [ 110.465134572000011, -7.080463056999974, 0.0 ], [ 110.465134732000024, -7.080323991, 0.0 ], [ 110.465124949000028, -7.080184913999972, 0.0 ], [ 110.465125074000014, -7.080075647, 0.0 ], [ 110.465125253, -7.07992168200002, 0.0 ], [ 110.465026009999974, -7.079752701000018, 0.0 ], [ 110.464906642000017, -7.079792297999973, 0.0 ], [ 110.464777432, -7.079742481999972, 0.0 ], [ 110.464697918000013, -7.079712592000021, 0.0 ], [ 110.464608483, -7.079662821999989, 0.0 ], [ 110.464459455, -7.079553384, 0.0 ], [ 110.464379940000015, -7.079523493000011, 0.0 ], [ 110.464260732000014, -7.079424022000012, 0.0 ], [ 110.464250960000015, -7.079275011999982, 0.0 ], [ 110.464251063, -7.079185613, 0.0 ], [ 110.46432073699998, -7.079126093000013, 0.0 ], [ 110.464390445, -7.079036772999984, 0.0 ], [ 110.464380558000016, -7.078987096, 0.0 ], [ 110.464360820000024, -7.078857941000024, 0.0 ], [ 110.464112586, -7.078549722999981, 0.0 ], [ 110.463953661, -7.078400541, 0.0 ], [ 110.463561377000019, -7.078219699999977, 0.0 ], [ 110.463525575, -7.078362062999986, 0.0 ], [ 110.463413441, -7.078473820999989, 0.0 ], [ 110.463311583, -7.078504219000024, 0.0 ], [ 110.4632148, -7.078549880000025, 0.0 ], [ 110.462990893999972, -7.07866901, 0.0 ], [ 110.462976654999977, -7.078667215999985, 0.0 ], [ 110.462823929000024, -7.07866068200002, 0.0 ], [ 110.462658423, -7.078698635000023, 0.0 ], [ 110.462512038999989, -7.078711180000028, 0.0 ], [ 110.462448305, -7.078793752000024, 0.0 ], [ 110.462359209999988, -7.078793648999977, 0.0 ], [ 110.462257314999988, -7.078857104, 0.0 ], [ 110.462180844999978, -7.078946018000011, 0.0 ], [ 110.462085253999987, -7.079060339000023, 0.0 ], [ 110.461983445999977, -7.079047506999984, 0.0 ], [ 110.461875212, -7.079088704000014, 0.0 ], [ 110.461824176, -7.079196718999981, 0.0 ], [ 110.461690475000012, -7.079247423000027, 0.0 ], [ 110.461467658, -7.079317095000022, 0.0 ], [ 110.461244914000019, -7.079323194999972, 0.0 ], [ 110.461060331999988, -7.079348410000023, 0.0 ], [ 110.460837551, -7.079386296, 0.0 ], [ 110.460640285000011, -7.079373353, 0.0 ], [ 110.460538456, -7.079379592, 0.0 ], [ 110.460264712000026, -7.079461920000028, 0.0 ], [ 110.460201147000021, -7.079398272999981, 0.0 ], [ 110.45985914900001, -7.079345429, 0.0 ], [ 110.459804685, -7.07829641, 0.0 ], [ 110.459581191999973, -7.078055414, 0.0 ], [ 110.459494834, -7.077962292, 0.0 ], [ 110.459447216, -7.077866878, 0.0 ], [ 110.459375669, -7.077827061, 0.0 ], [ 110.459208765000028, -7.077699720999988, 0.0 ], [ 110.459145246999981, -7.077596341, 0.0 ], [ 110.459065763000012, -7.077540623, 0.0 ], [ 110.459025896000014, -7.077620043000024, 0.0 ], [ 110.458914333999985, -7.077786791999984, 0.0 ], [ 110.458723315999976, -7.077873983000018, 0.0 ], [ 110.458540179000011, -7.078024756, 0.0 ], [ 110.45842864399998, -7.078167665000024, 0.0 ], [ 110.458301209000012, -7.07830260999998, 0.0 ], [ 110.458157846, -7.078453428999978, 0.0 ], [ 110.457950806999975, -7.078635959999986, 0.0 ], [ 110.457799562, -7.078723196999988, 0.0 ], [ 110.457735895999974, -7.078746962000025, 0.0 ], [ 110.456979306999983, -7.079497036000021, 0.0 ], [ 110.456883764999986, -7.079568444000017, 0.0 ], [ 110.456804114000022, -7.079655764, 0.0 ], [ 110.456692653, -7.0797351, 0.0 ], [ 110.456509467999979, -7.079925605000028, 0.0 ], [ 110.456214913999986, -7.080115980000016, 0.0 ], [ 110.455976147, -7.080219006999982, 0.0 ], [ 110.455904469000018, -7.080290443000024, 0.0 ], [ 110.456047564000016, -7.080370076, 0.0 ], [ 110.455920010999989, -7.080604353000012, 0.0 ], [ 110.455768626, -7.080810788, 0.0 ], [ 110.455617241000027, -7.081017223, 0.0 ], [ 110.455481820999978, -7.081175997, 0.0 ], [ 110.455386315999988, -7.081215617999987, 0.0 ], [ 110.455330501, -7.081326805, 0.0 ], [ 110.455266544999972, -7.081596916000024, 0.0 ], [ 110.45491632400001, -7.081771331000027, 0.0 ], [ 110.454868418, -7.081922260999988, 0.0 ], [ 110.4547488, -7.082172438999976, 0.0 ], [ 110.454740668, -7.082323415000019, 0.0 ], [ 110.454653043, -7.082426618999989, 0.0 ], [ 110.454628972000023, -7.082601415999989, 0.0 ], [ 110.454596985000023, -7.082744418, 0.0 ], [ 110.454549171, -7.082815880999988, 0.0 ], [ 110.454494706999981, -7.082924377999973, 0.0 ], [ 110.454213, -7.082653000999983, 0.0 ], [ 110.453948, -7.082238, 0.0 ], [ 110.453845, -7.081985, 0.0 ], [ 110.453788, -7.081593, 0.0 ], [ 110.453799, -7.081351, 0.0 ], [ 110.453892, -7.080845, 0.0 ], [ 110.453996, -7.080546, 0.0 ], [ 110.454158, -7.080223, 0.0 ], [ 110.454342999, -7.07997, 0.0 ], [ 110.454358231000015, -7.079770505999988, 0.0 ], [ 110.454373579999981, -7.079569468999978, 0.0 ], [ 110.454370933, -7.079569295999988, 0.0 ], [ 110.454338400999973, -7.079538050999986, 0.0 ], [ 110.454303093000021, -7.079504139999983, 0.0 ], [ 110.454286315, -7.079488024999989, 0.0 ], [ 110.454242643999976, -7.079446082, 0.0 ], [ 110.454155421999985, -7.079362311000011, 0.0 ], [ 110.454140027, -7.079360023, 0.0 ], [ 110.454139479999981, -7.079359942, 0.0 ], [ 110.453886878, -7.079322408999985, 0.0 ], [ 110.453876588000014, -7.079325496000024, 0.0 ], [ 110.453766417, -7.07935854599998, 0.0 ], [ 110.453609382000025, -7.079405657, 0.0 ], [ 110.453568507, -7.079414031999988, 0.0 ], [ 110.453548559000012, -7.079418119000024, 0.0 ], [ 110.453449523000018, -7.079438413, 0.0 ], [ 110.453130871999974, -7.079503708, 0.0 ], [ 110.453054453, -7.079519366999989, 0.0 ], [ 110.453041462999977, -7.079519136999977, 0.0 ], [ 110.453034907000017, -7.079519020000021, 0.0 ], [ 110.452985168, -7.079518131999976, 0.0 ], [ 110.452928927000016, -7.07951713, 0.0 ], [ 110.452891798999985, -7.079516468, 0.0 ], [ 110.45279026999998, -7.079514658, 0.0 ], [ 110.452642899000011, -7.07946612500001, 0.0 ], [ 110.452495375000012, -7.079417541999987, 0.0 ], [ 110.452393722000011, -7.079388943000026, 0.0 ], [ 110.452024395000024, -7.079285030999984, 0.0 ], [ 110.451909379000028, -7.079238915000019, 0.0 ], [ 110.451606294999976, -7.079117392, 0.0 ], [ 110.451421026999981, -7.079045958999984, 0.0 ], [ 110.451091362999989, -7.07891884999998, 0.0 ], [ 110.450866954999981, -7.078791027000022, 0.0 ], [ 110.450840352, -7.078749494000022, 0.0 ], [ 110.450832473999981, -7.078737193999984, 0.0 ], [ 110.450717524000027, -7.078557725999985, 0.0 ], [ 110.450710738999987, -7.078547862, 0.0 ], [ 110.450708930000019, -7.07854523200001, 0.0 ], [ 110.450597199000015, -7.078382799, 0.0 ], [ 110.450583548, -7.078362954999989, 0.0 ], [ 110.450581262000014, -7.078359630000023, 0.0 ], [ 110.450440607000019, -7.078152730999989, 0.0 ], [ 110.450335005, -7.078091027000028, 0.0 ], [ 110.450173324, -7.078074948, 0.0 ], [ 110.450166594999985, -7.07807427900002, 0.0 ], [ 110.450066446, -7.078064319000021, 0.0 ], [ 110.449348967, -7.077869932, 0.0 ], [ 110.448961842000017, -7.077763968999989, 0.0 ], [ 110.448961618, -7.077763908, 0.0 ], [ 110.448791272999983, -7.07776370800002, 0.0 ], [ 110.448644593999973, -7.077763533, 0.0 ], [ 110.448603369000011, -7.077754183000025, 0.0 ], [ 110.448588138, -7.077750729, 0.0 ], [ 110.448371673999986, -7.077701629999979, 0.0 ], [ 110.448156020999988, -7.07761780200002, 0.0 ], [ 110.448130462, -7.077629173999981, 0.0 ], [ 110.448129696000024, -7.077629514000023, 0.0 ], [ 110.447948963999977, -7.077709925000022, 0.0 ], [ 110.447772762, -7.077775696, 0.0 ], [ 110.447565842000017, -7.077753456999972, 0.0 ], [ 110.44737563000001, -7.077722202000018, 0.0 ], [ 110.447356215000013, -7.077719011999989, 0.0 ], [ 110.447350132, -7.077718012, 0.0 ], [ 110.447347697999987, -7.077716494000015, 0.0 ], [ 110.447337075, -7.077709863999985, 0.0 ], [ 110.447199055, -7.077623734999975, 0.0 ], [ 110.447189363, -7.077619320999986, 0.0 ] ] ] ] } },
{ "type": "Feature", "properties": { "KDCPUM": "33.74.14", "NAMOBJ": "Mijen", "kec_id": "kec_07" }, "geometry": { "type": "MultiPolygon", "coordinates": [ [ [ [ 110.32334894600001, -7.102299480999989, 0.0 ], [ 110.323262925999984, -7.102276440000026, 0.0 ], [ 110.323015786999974, -7.102173143000016, 0.0 ], [ 110.322913492, -7.102130386999988, 0.0 ], [ 110.322619270000018, -7.101912292, 0.0 ], [ 110.322577828000021, -7.101881572000025, 0.0 ], [ 110.322492865000015, -7.101904169000022, 0.0 ], [ 110.322444720000021, -7.101916974, 0.0 ], [ 110.322334338000019, -7.102147538, 0.0 ], [ 110.322295584000017, -7.10243466999998, 0.0 ], [ 110.322227477000013, -7.102612476, 0.0 ], [ 110.322218623000026, -7.102635589999977, 0.0 ], [ 110.322110184999985, -7.102770584999973, 0.0 ], [ 110.322026605000019, -7.102874633999988, 0.0 ], [ 110.321949629000017, -7.103085126999986, 0.0 ], [ 110.321891975000028, -7.103190344999973, 0.0 ], [ 110.321756033999975, -7.103205698000011, 0.0 ], [ 110.321605791000025, -7.103044813999986, 0.0 ], [ 110.321486719, -7.102858059000027, 0.0 ], [ 110.321393560999979, -7.102692075, 0.0 ], [ 110.321373027, -7.102541744, 0.0 ], [ 110.321277045999977, -7.102290437000022, 0.0 ], [ 110.321231421, -7.102170976000025, 0.0 ], [ 110.321083772, -7.102015673999972, 0.0 ], [ 110.320721529000025, -7.101978218, 0.0 ], [ 110.320366799999988, -7.101859537, 0.0 ], [ 110.320093542999984, -7.10164497, 0.0 ], [ 110.31966795400001, -7.101519309000025, 0.0 ], [ 110.319422571000018, -7.101914222, 0.0 ], [ 110.319332573999986, -7.102075465999974, 0.0 ], [ 110.319206542000018, -7.102326311000013, 0.0 ], [ 110.31913440400001, -7.102550339, 0.0 ], [ 110.319107146000022, -7.102774434000025, 0.0 ], [ 110.319097404, -7.10329441, 0.0 ], [ 110.319070081, -7.103563330999975, 0.0 ], [ 110.318660856, -7.104341179000016, 0.0 ], [ 110.318573592, -7.104723520999983, 0.0 ], [ 110.318702952000024, -7.105192779, 0.0 ], [ 110.31853047300001, -7.105653693000022, 0.0 ], [ 110.318425525, -7.105934145, 0.0 ], [ 110.318212734999975, -7.105907501, 0.0 ], [ 110.318174474999978, -7.105896788999985, 0.0 ], [ 110.318001798000012, -7.105848445, 0.0 ], [ 110.31792056, -7.105825701000015, 0.0 ], [ 110.317780157000016, -7.105778152000028, 0.0 ], [ 110.317602385999976, -7.105717948, 0.0 ], [ 110.317591755000024, -7.10580171700002, 0.0 ], [ 110.317537211, -7.106231505999972, 0.0 ], [ 110.317528933, -7.10629673699998, 0.0 ], [ 110.317527806999976, -7.106305609, 0.0 ], [ 110.317356290000021, -7.106333403, 0.0 ], [ 110.317258856000024, -7.106349191999982, 0.0 ], [ 110.317210349, -7.106219399, 0.0 ], [ 110.317204738999976, -7.106204387, 0.0 ], [ 110.31710444700002, -7.106201234000025, 0.0 ], [ 110.317052347000015, -7.106441878999988, 0.0 ], [ 110.317085514999974, -7.106695611000021, 0.0 ], [ 110.31712689, -7.106938215000014, 0.0 ], [ 110.317137772000024, -7.107002023, 0.0 ], [ 110.316193086999988, -7.107484064, 0.0 ], [ 110.314706856999976, -7.107756780999978, 0.0 ], [ 110.313146854000024, -7.106244436, 0.0 ], [ 110.313008619000016, -7.106110424, 0.0 ], [ 110.312628421999989, -7.105689708999989, 0.0 ], [ 110.312338526000019, -7.105368919999989, 0.0 ], [ 110.3114617, -7.104398651, 0.0 ], [ 110.310768419999988, -7.103631489, 0.0 ], [ 110.310764998000025, -7.103627701999983, 0.0 ], [ 110.310477939, -7.103330514, 0.0 ], [ 110.310238739999988, -7.103071688, 0.0 ], [ 110.310170230999972, -7.102971219999972, 0.0 ], [ 110.310042709000015, -7.102784208, 0.0 ], [ 110.309909199, -7.102343653999981, 0.0 ], [ 110.309694094, -7.10199392200002, 0.0 ], [ 110.309450154999979, -7.101701584000011, 0.0 ], [ 110.309329763, -7.101647218999972, 0.0 ], [ 110.309073543000011, -7.101531519, 0.0 ], [ 110.309070513999984, -7.10153015100002, 0.0 ], [ 110.308984662, -7.101491383, 0.0 ], [ 110.308535561999975, -7.10128858500002, 0.0 ], [ 110.308195567999974, -7.101144483999974, 0.0 ], [ 110.307616078000024, -7.100942588, 0.0 ], [ 110.307237680000014, -7.100846294, 0.0 ], [ 110.307065167000019, -7.100855609, 0.0 ], [ 110.306844665000028, -7.100912717000028, 0.0 ], [ 110.306776867999986, -7.100977826000019, 0.0 ], [ 110.306657013, -7.10109293, 0.0 ], [ 110.30657594500002, -7.101170785000022, 0.0 ], [ 110.306478212, -7.101209970000014, 0.0 ], [ 110.306416456000022, -7.101267525000026, 0.0 ], [ 110.30613466, -7.10153015100002, 0.0 ], [ 110.306082536000019, -7.101578728999982, 0.0 ], [ 110.305954112999984, -7.101698414999987, 0.0 ], [ 110.305739833000018, -7.10177067, 0.0 ], [ 110.305525572000022, -7.101842926000018, 0.0 ], [ 110.305210375, -7.101863582000021, 0.0 ], [ 110.305097402, -7.101773034000018, 0.0 ], [ 110.304922334000025, -7.10153015100002, 0.0 ], [ 110.304901758000028, -7.10150160500001, 0.0 ], [ 110.304774248, -7.101049519000014, 0.0 ], [ 110.304578971000012, -7.10033212899998, 0.0 ], [ 110.304583466, -7.100142861999984, 0.0 ], [ 110.30460473, -7.100004093, 0.0 ], [ 110.304642689, -7.099914061999982, 0.0 ], [ 110.304714607999983, -7.099743482, 0.0 ], [ 110.30487790799998, -7.099400141999979, 0.0 ], [ 110.304861136999989, -7.099349637999978, 0.0 ], [ 110.304843862999974, -7.099297620000016, 0.0 ], [ 110.304730009000025, -7.099206364, 0.0 ], [ 110.304612247000023, -7.099187210000025, 0.0 ], [ 110.304346324, -7.099148860000014, 0.0 ], [ 110.304194524000025, -7.099023389000024, 0.0 ], [ 110.30398973299998, -7.09876121100001, 0.0 ], [ 110.303763472000014, -7.098369015, 0.0 ], [ 110.303580157999988, -7.097854985000026, 0.0 ], [ 110.303316032999987, -7.097271797000019, 0.0 ], [ 110.303341967999984, -7.097237275, 0.0 ], [ 110.303396661000022, -7.097177499, 0.0 ], [ 110.303741319999972, -7.096800804, 0.0 ], [ 110.303907216000027, -7.096412537, 0.0 ], [ 110.303985360000013, -7.096179545999973, 0.0 ], [ 110.303982384, -7.09608289, 0.0 ], [ 110.303976089, -7.095878432, 0.0 ], [ 110.303960702999973, -7.09577185500001, 0.0 ], [ 110.303852377999988, -7.095021486, 0.0 ], [ 110.303924501999973, -7.094842885, 0.0 ], [ 110.303983320999976, -7.094697229000019, 0.0 ], [ 110.304004802, -7.09461081, 0.0 ], [ 110.304039502000023, -7.09447121300002, 0.0 ], [ 110.304163855000013, -7.093970459, 0.0 ], [ 110.304588115, -7.092262023999979, 0.0 ], [ 110.304666973, -7.091944473000012, 0.0 ], [ 110.305065542000023, -7.092015526000012, 0.0 ], [ 110.305066554, -7.091997651999975, 0.0 ], [ 110.305067797, -7.091965666000021, 0.0 ], [ 110.305074487000013, -7.091793479999978, 0.0 ], [ 110.305077281000024, -7.091721574000019, 0.0 ], [ 110.305079014, -7.09167697700002, 0.0 ], [ 110.305079221000028, -7.091538596000021, 0.0 ], [ 110.305079639999974, -7.091259359, 0.0 ], [ 110.305103929999973, -7.091148444, 0.0 ], [ 110.305137534999972, -7.090994992999981, 0.0 ], [ 110.30520792599998, -7.090384823000022, 0.0 ], [ 110.305177597000011, -7.090068988999974, 0.0 ], [ 110.305167469000025, -7.089963527, 0.0 ], [ 110.305147239, -7.089787333, 0.0 ], [ 110.305154701999982, -7.089562005, 0.0 ], [ 110.305154930000015, -7.089555108000013, 0.0 ], [ 110.30516021699998, -7.089395507, 0.0 ], [ 110.305169481, -7.089257445999976, 0.0 ], [ 110.305146632, -7.08918530699998, 0.0 ], [ 110.305094548999989, -7.089105298, 0.0 ], [ 110.305012520999981, -7.088979289, 0.0 ], [ 110.304955533999987, -7.088885091, 0.0 ], [ 110.304936020000014, -7.088852835000012, 0.0 ], [ 110.304876299999989, -7.088754121000022, 0.0 ], [ 110.305096530000014, -7.088283615000023, 0.0 ], [ 110.305121453000027, -7.088230368999973, 0.0 ], [ 110.305112248, -7.088108282, 0.0 ], [ 110.304937913, -7.087587536, 0.0 ], [ 110.304819157, -7.087232805999975, 0.0 ], [ 110.304805470000019, -7.087191921, 0.0 ], [ 110.304728752000017, -7.086962762999974, 0.0 ], [ 110.304716353, -7.086925727, 0.0 ], [ 110.304692524000018, -7.086829937, 0.0 ], [ 110.304688629999987, -7.086814283000024, 0.0 ], [ 110.304678346, -7.086772941999982, 0.0 ], [ 110.304636518, -7.086604799999975, 0.0 ], [ 110.304635959999985, -7.086602556, 0.0 ], [ 110.304618490999985, -7.086532334000026, 0.0 ], [ 110.304606373000013, -7.086468724999975, 0.0 ], [ 110.304535257, -7.086095422000028, 0.0 ], [ 110.304534983999986, -7.086088743, 0.0 ], [ 110.304530783000018, -7.085985988, 0.0 ], [ 110.30452836, -7.085926711000013, 0.0 ], [ 110.304564458000016, -7.085819069000024, 0.0 ], [ 110.304641359000016, -7.085661231000017, 0.0 ], [ 110.304747091000024, -7.085448391, 0.0 ], [ 110.304800030000024, -7.085292910000021, 0.0 ], [ 110.304809792000015, -7.085173263, 0.0 ], [ 110.304810455, -7.085052370000028, 0.0 ], [ 110.304806946999975, -7.085040080999988, 0.0 ], [ 110.304801295, -7.085020284, 0.0 ], [ 110.304771845, -7.08491713, 0.0 ], [ 110.304649862000019, -7.084782926, 0.0 ], [ 110.304362778999973, -7.084512061, 0.0 ], [ 110.304342965999979, -7.084424133000027, 0.0 ], [ 110.304322319999983, -7.084332507999989, 0.0 ], [ 110.304323767000028, -7.084299697, 0.0 ], [ 110.30432728, -7.084220034, 0.0 ], [ 110.30439945400002, -7.084019109, 0.0 ], [ 110.304441899999972, -7.083869021999988, 0.0 ], [ 110.304458762000024, -7.0838094, 0.0 ], [ 110.304459666000014, -7.083806202, 0.0 ], [ 110.304458286999989, -7.08380294, 0.0 ], [ 110.30443234400002, -7.083741568999983, 0.0 ], [ 110.304428938, -7.083733513000027, 0.0 ], [ 110.304368856, -7.083711588000028, 0.0 ], [ 110.304135017000021, -7.083535356000027, 0.0 ], [ 110.303738511, -7.083232958999986, 0.0 ], [ 110.303565092999975, -7.083085537999978, 0.0 ], [ 110.303307865000022, -7.082685715000025, 0.0 ], [ 110.303019235000022, -7.082175474, 0.0 ], [ 110.302851426000018, -7.081796806999989, 0.0 ], [ 110.302816177000011, -7.081676642, 0.0 ], [ 110.302780928, -7.081556477, 0.0 ], [ 110.302701574000025, -7.081427713999972, 0.0 ], [ 110.302681466000024, -7.081395085999986, 0.0 ], [ 110.302496523, -7.081247795000024, 0.0 ], [ 110.30227825999998, -7.08115736100001, 0.0 ], [ 110.301984167, -7.080976709000026, 0.0 ], [ 110.301320983999972, -7.080617499000027, 0.0 ], [ 110.301142668000011, -7.080411877000017, 0.0 ], [ 110.301055616999975, -7.080027966999978, 0.0 ], [ 110.301076164, -7.079812544, 0.0 ], [ 110.30108, -7.079806129000019, 0.0 ], [ 110.301090842, -7.079787996999983, 0.0 ], [ 110.301160633999984, -7.079671279000024, 0.0 ], [ 110.301307195, -7.079589586999987, 0.0 ], [ 110.301354506, -7.079505494999978, 0.0 ], [ 110.301428698, -7.079475308999974, 0.0 ], [ 110.301603989, -7.079452006999986, 0.0 ], [ 110.301755667, -7.079442135000022, 0.0 ], [ 110.301994963000027, -7.079439127, 0.0 ], [ 110.30219037400002, -7.079483185000015, 0.0 ], [ 110.302517565000016, -7.079553196, 0.0 ], [ 110.302666419, -7.079567810000015, 0.0 ], [ 110.302877711, -7.079577721000021, 0.0 ], [ 110.303036240999973, -7.079544380000016, 0.0 ], [ 110.30314202400001, -7.079458192, 0.0 ], [ 110.303164886, -7.079241006000018, 0.0 ], [ 110.30316277999998, -7.079234601, 0.0 ], [ 110.303155428000025, -7.079212246, 0.0 ], [ 110.303154442999983, -7.079209251, 0.0 ], [ 110.303058792, -7.078918406000014, 0.0 ], [ 110.303059728999983, -7.078849698, 0.0 ], [ 110.303011767999976, -7.078707801, 0.0 ], [ 110.302955709, -7.078456602000017, 0.0 ], [ 110.302934441, -7.077825415, 0.0 ], [ 110.302893283, -7.077487786, 0.0 ], [ 110.302829261999989, -7.076960532999976, 0.0 ], [ 110.302601395000011, -7.076536079999983, 0.0 ], [ 110.302356181, -7.076438603999975, 0.0 ], [ 110.302106214, -7.076424357, 0.0 ], [ 110.301944358000014, -7.076308509, 0.0 ], [ 110.30190774, -7.076031003000026, 0.0 ], [ 110.301954416, -7.075776741000027, 0.0 ], [ 110.301953965, -7.075334922000025, 0.0 ], [ 110.301775781, -7.075062371, 0.0 ], [ 110.301484872, -7.074742706999984, 0.0 ], [ 110.301466525000023, -7.074442228, 0.0 ], [ 110.301495203, -7.074123042999986, 0.0 ], [ 110.301498415000026, -7.074114289000022, 0.0 ], [ 110.301499990000025, -7.074109996, 0.0 ], [ 110.301671750000025, -7.073641838000015, 0.0 ], [ 110.301732480999988, -7.073476305999975, 0.0 ], [ 110.301846387000012, -7.073165836999976, 0.0 ], [ 110.301857429999984, -7.072977751, 0.0 ], [ 110.301857649, -7.072974011999975, 0.0 ], [ 110.301860080999973, -7.072932583000011, 0.0 ], [ 110.301700072000017, -7.072845697999981, 0.0 ], [ 110.301333027999988, -7.072885138, 0.0 ], [ 110.301032768000027, -7.072884687, 0.0 ], [ 110.300825932, -7.072877711999979, 0.0 ], [ 110.30071270000002, -7.072744242, 0.0 ], [ 110.300738820999982, -7.072527308000019, 0.0 ], [ 110.300739528, -7.072521435999988, 0.0 ], [ 110.300753886, -7.072402195, 0.0 ], [ 110.300804251999978, -7.07211511700001, 0.0 ], [ 110.300804448, -7.072114000999989, 0.0 ], [ 110.300943870000026, -7.071319323000012, 0.0 ], [ 110.300824264000028, -7.071128938000015, 0.0 ], [ 110.300670188000026, -7.070821654999975, 0.0 ], [ 110.300642397, -7.070673248, 0.0 ], [ 110.300632028999985, -7.070663373, 0.0 ], [ 110.300630055, -7.070631664000018, 0.0 ], [ 110.30064642100001, -7.070546536, 0.0 ], [ 110.300646734999987, -7.070544902999984, 0.0 ], [ 110.30070587, -7.07023730200001, 0.0 ], [ 110.300971380000021, -7.069719844000019, 0.0 ], [ 110.301369233, -7.069009252, 0.0 ], [ 110.301359788000013, -7.068926401, 0.0 ], [ 110.301359176, -7.068921034000027, 0.0 ], [ 110.301358993, -7.068919425999979, 0.0 ], [ 110.301336572000025, -7.06872273, 0.0 ], [ 110.301204801999972, -7.068325877, 0.0 ], [ 110.301117708, -7.06827216, 0.0 ], [ 110.300918276, -7.068149156, 0.0 ], [ 110.300190566000026, -7.067949736, 0.0 ], [ 110.299771360000022, -7.067982162000021, 0.0 ], [ 110.299197828999979, -7.067948243999979, 0.0 ], [ 110.299099004000027, -7.067650604999983, 0.0 ], [ 110.299150000999987, -7.067456530000015, 0.0 ], [ 110.299150816, -7.067453426999975, 0.0 ], [ 110.299159702999987, -7.067419605999987, 0.0 ], [ 110.299162068999976, -7.067379916, 0.0 ], [ 110.299254083, -7.067105842999979, 0.0 ], [ 110.299321006000014, -7.066981922000025, 0.0 ], [ 110.299342766999985, -7.066923770000017, 0.0 ], [ 110.299471134999976, -7.066694842, 0.0 ], [ 110.299604058999989, -7.06645778799998, 0.0 ], [ 110.299670341000024, -7.066335053999978, 0.0 ], [ 110.300093012, -7.065870695, 0.0 ], [ 110.300256196000021, -7.065691415, 0.0 ], [ 110.300378959999989, -7.065489128000024, 0.0 ], [ 110.300389148000022, -7.065472339999985, 0.0 ], [ 110.30054112900001, -7.06522191, 0.0 ], [ 110.300615196000024, -7.065099863, 0.0 ], [ 110.300741286, -7.064892093000026, 0.0 ], [ 110.300544672, -7.064695105, 0.0 ], [ 110.300232924999989, -7.064550226999984, 0.0 ], [ 110.300141526, -7.064507752, 0.0 ], [ 110.299787607999974, -7.064300813999978, 0.0 ], [ 110.299522336, -7.064035037, 0.0 ], [ 110.299374128000011, -7.063694925999982, 0.0 ], [ 110.299122932999978, -7.063118474000021, 0.0 ], [ 110.298965388, -7.062756934999982, 0.0 ], [ 110.298869775000014, -7.062423487, 0.0 ], [ 110.29886693200001, -7.062416354999982, 0.0 ], [ 110.298809109999979, -7.062271327000019, 0.0 ], [ 110.298733045, -7.062080537999975, 0.0 ], [ 110.298579014999973, -7.061831816999984, 0.0 ], [ 110.298244615999977, -7.061737059, 0.0 ], [ 110.297901587000013, -7.061676563999981, 0.0 ], [ 110.297558402999982, -7.061718889000019, 0.0 ], [ 110.297543234999978, -7.061714912000014, 0.0 ], [ 110.297163972000021, -7.061615472000028, 0.0 ], [ 110.296958709000023, -7.061212438999974, 0.0 ], [ 110.296881902, -7.060841368000013, 0.0 ], [ 110.296873549999987, -7.060801019, 0.0 ], [ 110.296739726, -7.060109215000011, 0.0 ], [ 110.296703356000023, -7.059721549000017, 0.0 ], [ 110.296648108999989, -7.059598414, 0.0 ], [ 110.296549691, -7.059512129999973, 0.0 ], [ 110.296383418, -7.059493422, 0.0 ], [ 110.296043555999972, -7.059634953999989, 0.0 ], [ 110.29564167, -7.05961966000001, 0.0 ], [ 110.295516693000025, -7.059609401999978, 0.0 ], [ 110.295337825, -7.059594721999986, 0.0 ], [ 110.295092950000026, -7.059467057, 0.0 ], [ 110.294809481000016, -7.058932965, 0.0 ], [ 110.294368143999975, -7.058434391999981, 0.0 ], [ 110.293951995999976, -7.058003300999985, 0.0 ], [ 110.293860693999989, -7.057650326999976, 0.0 ], [ 110.293903786999977, -7.057184646, 0.0 ], [ 110.293869, -7.056831757999987, 0.0 ], [ 110.293721, -7.05659866100001, 0.0 ], [ 110.293252005, -7.056343399000014, 0.0 ], [ 110.292379241, -7.056102026000019, 0.0 ], [ 110.292139161000023, -7.055949629999986, 0.0 ], [ 110.291915066, -7.055821262999984, 0.0 ], [ 110.291819488999977, -7.05546104299998, 0.0 ], [ 110.291892263000022, -7.055013057999986, 0.0 ], [ 110.292002170999979, -7.054885061, 0.0 ], [ 110.29200288200002, -7.054884233, 0.0 ], [ 110.292002923999974, -7.054884185, 0.0 ], [ 110.292215164000027, -7.054637013, 0.0 ], [ 110.292449583, -7.054484802, 0.0 ], [ 110.29275536900002, -7.054271673000017, 0.0 ], [ 110.292880023, -7.05419834700001, 0.0 ], [ 110.292979574000015, -7.054139787999986, 0.0 ], [ 110.293224098, -7.054038447999972, 0.0 ], [ 110.293468544, -7.053987962, 0.0 ], [ 110.293702639, -7.054049342999974, 0.0 ], [ 110.293844848999981, -7.054273321999972, 0.0 ], [ 110.293905462999987, -7.054588717, 0.0 ], [ 110.294027479000022, -7.054700783999976, 0.0 ], [ 110.294220952999979, -7.054690904999973, 0.0 ], [ 110.294384082000022, -7.054548755999974, 0.0 ], [ 110.294399565999981, -7.054359024, 0.0 ], [ 110.294399926999972, -7.054354597999975, 0.0 ], [ 110.294404831, -7.054294511000023, 0.0 ], [ 110.294374762000018, -7.053979162000019, 0.0 ], [ 110.293937018, -7.053488430000016, 0.0 ], [ 110.293505786000026, -7.052982267, 0.0 ], [ 110.293292684, -7.052732137000021, 0.0 ], [ 110.292795360000014, -7.052326091, 0.0 ], [ 110.292334557, -7.052159593, 0.0 ], [ 110.29107309, -7.052339185999983, 0.0 ], [ 110.290415257, -7.052190282000026, 0.0 ], [ 110.289807380000013, -7.051647043, 0.0 ], [ 110.289248682, -7.051218914, 0.0 ], [ 110.288722538, -7.051020908, 0.0 ], [ 110.287864973000012, -7.050771460000021, 0.0 ], [ 110.28734749, -7.050735017000022, 0.0 ], [ 110.287343809999982, -7.050734757999976, 0.0 ], [ 110.287311530000011, -7.050732485000026, 0.0 ], [ 110.287150361999977, -7.050968467000018, 0.0 ], [ 110.287143357, -7.050978724, 0.0 ], [ 110.286986335, -7.051208633999977, 0.0 ], [ 110.286845866000021, -7.051474917, 0.0 ], [ 110.286666089999983, -7.051815713999986, 0.0 ], [ 110.286584356, -7.051970653000012, 0.0 ], [ 110.286011184000017, -7.052351094000016, 0.0 ], [ 110.285495911, -7.052312174, 0.0 ], [ 110.285019338999973, -7.051930129000027, 0.0 ], [ 110.284197979999988, -7.051111374000016, 0.0 ], [ 110.283834233, -7.050610144000018, 0.0 ], [ 110.283216036, -7.04984764, 0.0 ], [ 110.282990117999987, -7.04955640999998, 0.0 ], [ 110.282954588, -7.049485151999988, 0.0 ], [ 110.282954441000015, -7.049484858000028, 0.0 ], [ 110.282758209, -7.049091304, 0.0 ], [ 110.282613153999989, -7.04876008399998, 0.0 ], [ 110.282533754999974, -7.048578782999982, 0.0 ], [ 110.282437996, -7.048341559999983, 0.0 ], [ 110.282265812999981, -7.047938411000018, 0.0 ], [ 110.281766936, -7.047576371, 0.0 ], [ 110.281523863000018, -7.047367528999985, 0.0 ], [ 110.281302636000021, -7.047128365, 0.0 ], [ 110.281113806, -7.046732393000013, 0.0 ], [ 110.281200867999985, -7.046113199999979, 0.0 ], [ 110.281115608, -7.045562556999982, 0.0 ], [ 110.280977162999989, -7.04547005, 0.0 ], [ 110.280754323, -7.045321151, 0.0 ], [ 110.280203465, -7.045165471000018, 0.0 ], [ 110.280083338, -7.044890031000023, 0.0 ], [ 110.279811225, -7.044146924000017, 0.0 ], [ 110.279571794999981, -7.043632331000026, 0.0 ], [ 110.279074994999974, -7.043108771999982, 0.0 ], [ 110.278543904, -7.042568018, 0.0 ], [ 110.277814837, -7.04173928, 0.0 ], [ 110.277495553, -7.041493463, 0.0 ], [ 110.277405558999988, -7.041424176000021, 0.0 ], [ 110.277118299, -7.041294498000013, 0.0 ], [ 110.276915280000026, -7.041244081, 0.0 ], [ 110.276912827, -7.04134310500001, 0.0 ], [ 110.276901947, -7.041782382, 0.0 ], [ 110.276958727000022, -7.042241968999974, 0.0 ], [ 110.276757004, -7.042564742000025, 0.0 ], [ 110.275873377999972, -7.043212461, 0.0 ], [ 110.275720963000026, -7.043324185000017, 0.0 ], [ 110.275297781, -7.042792234, 0.0 ], [ 110.273306618999982, -7.041974918999983, 0.0 ], [ 110.272576457000014, -7.041658395000013, 0.0 ], [ 110.271818946, -7.041330016000018, 0.0 ], [ 110.271569801, -7.041175087999989, 0.0 ], [ 110.271599745, -7.0411006, 0.0 ], [ 110.271746040999972, -7.040736681999988, 0.0 ], [ 110.271817344999988, -7.040633866, 0.0 ], [ 110.272006569999974, -7.040361013, 0.0 ], [ 110.272281709000026, -7.039964278000014, 0.0 ], [ 110.272324658, -7.039902348, 0.0 ], [ 110.272344207, -7.039655397, 0.0 ], [ 110.272379311, -7.039352205, 0.0 ], [ 110.272385486000019, -7.039298871000028, 0.0 ], [ 110.272553243, -7.038755104000018, 0.0 ], [ 110.272655143, -7.038424806000023, 0.0 ], [ 110.272770804, -7.037989418999985, 0.0 ], [ 110.272759853000025, -7.037296957000024, 0.0 ], [ 110.272750525, -7.036948700999972, 0.0 ], [ 110.272624817, -7.036629086, 0.0 ], [ 110.272261526000023, -7.036439056, 0.0 ], [ 110.271908499, -7.036314606000019, 0.0 ], [ 110.271694282, -7.036192901999982, 0.0 ], [ 110.271508172999972, -7.035768411999982, 0.0 ], [ 110.271437361999972, -7.035463106, 0.0 ], [ 110.271488471, -7.035341107000022, 0.0 ], [ 110.271609458, -7.035271630000011, 0.0 ], [ 110.271610321000026, -7.035271134000027, 0.0 ], [ 110.271753486000023, -7.035188920999985, 0.0 ], [ 110.271987634000027, -7.035240150999982, 0.0 ], [ 110.272262389, -7.035372829999972, 0.0 ], [ 110.272516857000028, -7.035454610999977, 0.0 ], [ 110.272750941000027, -7.035546533, 0.0 ], [ 110.273178406999989, -7.035709968999981, 0.0 ], [ 110.273371914999984, -7.035700096000028, 0.0 ], [ 110.273606203999975, -7.035659767000027, 0.0 ], [ 110.273748997999974, -7.035517563999974, 0.0 ], [ 110.273963251999987, -7.03526356499998, 0.0 ], [ 110.273974624, -7.035216556000023, 0.0 ], [ 110.273975423000024, -7.035213254999974, 0.0 ], [ 110.274024750000024, -7.03500932999998, 0.0 ], [ 110.274076175, -7.034683866000023, 0.0 ], [ 110.274056266, -7.034388811999975, 0.0 ], [ 110.274005647000024, -7.034195442999987, 0.0 ], [ 110.273771609999983, -7.034073001000024, 0.0 ], [ 110.273079132000021, -7.034061754, 0.0 ], [ 110.272234024999989, -7.033968882000011, 0.0 ], [ 110.27176577900002, -7.033835902000021, 0.0 ], [ 110.27167449, -7.033601776000012, 0.0 ], [ 110.27162411, -7.033255809000025, 0.0 ], [ 110.271868852000011, -7.033042551999984, 0.0 ], [ 110.271909841000024, -7.032879843999979, 0.0 ], [ 110.271822741999983, -7.032574274000012, 0.0 ], [ 110.271802025999989, -7.032537678999972, 0.0 ], [ 110.271630302, -7.032234333000019, 0.0 ], [ 110.271419700000024, -7.03175667, 0.0 ], [ 110.271209054, -7.031306545, 0.0 ], [ 110.271211817999983, -7.030806815, 0.0 ], [ 110.271278106000011, -7.03050011900001, 0.0 ], [ 110.271439282000017, -7.03030314199998, 0.0 ], [ 110.271458676, -7.030297318, 0.0 ], [ 110.271461843, -7.030296367, 0.0 ], [ 110.271753857000022, -7.030208669, 0.0 ], [ 110.27202444400001, -7.030187176000027, 0.0 ], [ 110.272156257, -7.030063198999983, 0.0 ], [ 110.272158067000021, -7.030047151000019, 0.0 ], [ 110.272158350999973, -7.030044638, 0.0 ], [ 110.272178500999985, -7.02986600600002, 0.0 ], [ 110.271992345, -7.02922825600001, 0.0 ], [ 110.271821241, -7.028539992999981, 0.0 ], [ 110.271702845999982, -7.028023809999979, 0.0 ], [ 110.271703566999975, -7.027560735, 0.0 ], [ 110.271836668, -7.027137558999982, 0.0 ], [ 110.272062355, -7.026793911000027, 0.0 ], [ 110.271956833, -7.026515900999982, 0.0 ], [ 110.271480331000021, -7.026329931000021, 0.0 ], [ 110.271109575000025, -7.026276431999975, 0.0 ], [ 110.270752292, -7.026077414999975, 0.0 ], [ 110.270501084999978, -7.025578799000016, 0.0 ], [ 110.270478229, -7.025083056000028, 0.0 ], [ 110.270537742999977, -7.024799886999972, 0.0 ], [ 110.270603317, -7.0248102, 0.0 ], [ 110.270604618, -7.024810404999982, 0.0 ], [ 110.271447240999976, -7.024942931, 0.0 ], [ 110.271825325, -7.024931716000026, 0.0 ], [ 110.271918589, -7.02479243099998, 0.0 ], [ 110.271920280000018, -7.024789906000024, 0.0 ], [ 110.272014797999987, -7.024648749, 0.0 ], [ 110.271909091, -7.024247297999977, 0.0 ], [ 110.271583583999984, -7.023801701000025, 0.0 ], [ 110.2713427, -7.023477508999974, 0.0 ], [ 110.270831260000023, -7.022811632000014, 0.0 ], [ 110.270207885, -7.02200002, 0.0 ], [ 110.26971076, -7.02147418200002, 0.0 ], [ 110.269832689, -7.021378643, 0.0 ], [ 110.269835716999978, -7.021376271, 0.0 ], [ 110.270649192, -7.020738861999973, 0.0 ], [ 110.272047418, -7.020741025, 0.0 ], [ 110.272800454999981, -7.020650094000018, 0.0 ], [ 110.273568763000014, -7.020620585000017, 0.0 ], [ 110.27408572600001, -7.02032497, 0.0 ], [ 110.274133608999989, -7.020269833999976, 0.0 ], [ 110.274137107, -7.020265806, 0.0 ], [ 110.274477692, -7.019873628000028, 0.0 ], [ 110.274686867000014, -7.019480386999987, 0.0 ], [ 110.274808778000022, -7.019251198, 0.0 ], [ 110.274577545, -7.018979536000018, 0.0 ], [ 110.274137988, -7.018017207000014, 0.0 ], [ 110.273757851000028, -7.016964455999982, 0.0 ], [ 110.273445442000025, -7.016099268, 0.0 ], [ 110.273273254, -7.015636496000013, 0.0 ], [ 110.27325879, -7.015117857, 0.0 ], [ 110.273598371999981, -7.014142532999983, 0.0 ], [ 110.274043762000019, -7.013477344000023, 0.0 ], [ 110.274577153999985, -7.012502891999986, 0.0 ], [ 110.274895139000023, -7.011638458, 0.0 ], [ 110.274966764, -7.011632598, 0.0 ], [ 110.274967103, -7.011632570000017, 0.0 ], [ 110.275076217999981, -7.011623642000018, 0.0 ], [ 110.275216490999981, -7.011718312000028, 0.0 ], [ 110.275248630000021, -7.011900444, 0.0 ], [ 110.275296054000023, -7.012111778000019, 0.0 ], [ 110.275350458999981, -7.012220900999978, 0.0 ], [ 110.275452761999986, -7.012234687999978, 0.0 ], [ 110.275602973, -7.012146326999982, 0.0 ], [ 110.27572591, -7.01205110799998, 0.0 ], [ 110.275882922, -7.011976386000015, 0.0 ], [ 110.276080760000013, -7.011969877000013, 0.0 ], [ 110.276466673000016, -7.011885327000016, 0.0 ], [ 110.277637710000022, -7.01207619500002, 0.0 ], [ 110.280219196000019, -7.012388438000016, 0.0 ], [ 110.282787158000019, -7.012699044999977, 0.0 ], [ 110.284359508000023, -7.01289519, 0.0 ], [ 110.284475561000022, -7.012851016000013, 0.0 ], [ 110.284478665999984, -7.012849834, 0.0 ], [ 110.28448, -7.01285, 0.0 ], [ 110.284500944, -7.012856982000017, 0.0 ], [ 110.284510015000023, -7.012860003000014, 0.0 ], [ 110.28475, -7.01294, 0.0 ], [ 110.28485, -7.01305, 0.0 ], [ 110.285040747999972, -7.01330843300002, 0.0 ], [ 110.285120213000027, -7.013416092999989, 0.0 ], [ 110.28516, -7.013469999, 0.0 ], [ 110.28536, -7.013539998, 0.0 ], [ 110.28555, -7.013540001000024, 0.0 ], [ 110.285830001000022, -7.013540001000024, 0.0 ], [ 110.28599, -7.013649999, 0.0 ], [ 110.286259998999981, -7.01394, 0.0 ], [ 110.28642, -7.014079998999989, 0.0 ], [ 110.28664, -7.01415, 0.0 ], [ 110.28717, -7.014269999000021, 0.0 ], [ 110.2874, -7.014289999000027, 0.0 ], [ 110.28763, -7.01421, 0.0 ], [ 110.287799999000015, -7.0142, 0.0 ], [ 110.28798, -7.01424, 0.0 ], [ 110.28826, -7.014320000999987, 0.0 ], [ 110.28849, -7.01437, 0.0 ], [ 110.288490298999989, -7.014370321, 0.0 ], [ 110.28862, -7.014509998999984, 0.0 ], [ 110.288635068000019, -7.014581571, 0.0 ], [ 110.28866, -7.014699999000015, 0.0 ], [ 110.28872, -7.01474, 0.0 ], [ 110.28902, -7.01488, 0.0 ], [ 110.289379999, -7.014949999, 0.0 ], [ 110.289401435, -7.014945711999985, 0.0 ], [ 110.289462390999972, -7.014933521999978, 0.0 ], [ 110.28958, -7.01491, 0.0 ], [ 110.28983999899998, -7.014749998000013, 0.0 ], [ 110.290570001, -7.01478, 0.0 ], [ 110.29113, -7.01484, 0.0 ], [ 110.29165, -7.01494, 0.0 ], [ 110.29198, -7.01507, 0.0 ], [ 110.29271, -7.01537, 0.0 ], [ 110.293240001000015, -7.01564, 0.0 ], [ 110.2936, -7.01585, 0.0 ], [ 110.293702758999984, -7.016007562000027, 0.0 ], [ 110.293706918, -7.016013939, 0.0 ], [ 110.293711888000018, -7.016021561, 0.0 ], [ 110.29375, -7.016079999, 0.0 ], [ 110.29373, -7.016529999, 0.0 ], [ 110.29366, -7.01686, 0.0 ], [ 110.293633485999976, -7.017013779000024, 0.0 ], [ 110.29361, -7.017150001, 0.0 ], [ 110.29358944400002, -7.017355561999977, 0.0 ], [ 110.293584404, -7.017405960000019, 0.0 ], [ 110.29357, -7.01755, 0.0 ], [ 110.293546865, -7.01767030000002, 0.0 ], [ 110.293519999000011, -7.01781, 0.0 ], [ 110.293516999000019, -7.017825309999978, 0.0 ], [ 110.29342, -7.018320001, 0.0 ], [ 110.29334, -7.018849999, 0.0 ], [ 110.29319, -7.019800001000021, 0.0 ], [ 110.29317, -7.019989999000018, 0.0 ], [ 110.29316, -7.02073, 0.0 ], [ 110.29337, -7.02115, 0.0 ], [ 110.29367000100001, -7.02168, 0.0 ], [ 110.2937, -7.02174, 0.0 ], [ 110.29391, -7.02219, 0.0 ], [ 110.29397, -7.02235, 0.0 ], [ 110.29405, -7.022359999, 0.0 ], [ 110.29432, -7.02239, 0.0 ], [ 110.294579999, -7.02241, 0.0 ], [ 110.29548, -7.022490001, 0.0 ], [ 110.29553, -7.02249, 0.0 ], [ 110.2958, -7.02254, 0.0 ], [ 110.29598, -7.022589999, 0.0 ], [ 110.29607, -7.022659998999984, 0.0 ], [ 110.29611, -7.022849998000027, 0.0 ], [ 110.29619, -7.022880000999976, 0.0 ], [ 110.296440001, -7.022980001, 0.0 ], [ 110.2967, -7.023040001000027, 0.0 ], [ 110.29698, -7.02312, 0.0 ], [ 110.29733, -7.023270001000014, 0.0 ], [ 110.297390517999986, -7.023321206999981, 0.0 ], [ 110.297405931000014, -7.023334249000015, 0.0 ], [ 110.29746, -7.02338, 0.0 ], [ 110.297487612, -7.023400708999986, 0.0 ], [ 110.297497728999986, -7.023408296000014, 0.0 ], [ 110.297569429000021, -7.023462071999973, 0.0 ], [ 110.29762, -7.0235, 0.0 ], [ 110.29782, -7.02363, 0.0 ], [ 110.2979, -7.02363, 0.0 ], [ 110.29799, -7.02363, 0.0 ], [ 110.29817, -7.02357, 0.0 ], [ 110.298558007999986, -7.023410485999989, 0.0 ], [ 110.298648325999977, -7.023373355, 0.0 ], [ 110.298839338999983, -7.023294826999972, 0.0 ], [ 110.298914387000025, -7.023263973999974, 0.0 ], [ 110.29907, -7.0232, 0.0 ], [ 110.299161858, -7.023186878, 0.0 ], [ 110.29921, -7.02318, 0.0 ], [ 110.299507702000028, -7.023094942, 0.0 ], [ 110.299525238, -7.023089932, 0.0 ], [ 110.29963, -7.02306, 0.0 ], [ 110.29983, -7.02305, 0.0 ], [ 110.300300000999982, -7.023040001000027, 0.0 ], [ 110.3008, -7.02309, 0.0 ], [ 110.30117, -7.02318, 0.0 ], [ 110.30173, -7.02334, 0.0 ], [ 110.30184, -7.023410001, 0.0 ], [ 110.30192, -7.0234, 0.0 ], [ 110.30213, -7.023390001, 0.0 ], [ 110.30258, -7.02342, 0.0 ], [ 110.30312, -7.02346, 0.0 ], [ 110.303280001000019, -7.02346, 0.0 ], [ 110.3035, -7.02346, 0.0 ], [ 110.30393, -7.023469998999985, 0.0 ], [ 110.3047, -7.02345, 0.0 ], [ 110.304920001000028, -7.02342, 0.0 ], [ 110.30511, -7.023390001, 0.0 ], [ 110.305290001, -7.02332, 0.0 ], [ 110.305369999, -7.02321, 0.0 ], [ 110.30544, -7.0231, 0.0 ], [ 110.30549, -7.02302000100002, 0.0 ], [ 110.305640000999972, -7.02277, 0.0 ], [ 110.30567, -7.02268, 0.0 ], [ 110.30569, -7.02264, 0.0 ], [ 110.30579, -7.022490001, 0.0 ], [ 110.30585, -7.02243, 0.0 ], [ 110.30597, -7.02241, 0.0 ], [ 110.30649, -7.022530001, 0.0 ], [ 110.30653, -7.02253, 0.0 ], [ 110.30691, -7.02258, 0.0 ], [ 110.307379998999977, -7.022609999, 0.0 ], [ 110.308550001000015, -7.02266, 0.0 ], [ 110.30899, -7.02267, 0.0 ], [ 110.30919, -7.02268, 0.0 ], [ 110.30954, -7.02268, 0.0 ], [ 110.30981, -7.02266, 0.0 ], [ 110.31025, -7.02262, 0.0 ], [ 110.31053, -7.022559999, 0.0 ], [ 110.31034, -7.02205, 0.0 ], [ 110.31001, -7.02118, 0.0 ], [ 110.30996, -7.020950001000017, 0.0 ], [ 110.30995, -7.02091, 0.0 ], [ 110.30992, -7.02085, 0.0 ], [ 110.30977, -7.02057, 0.0 ], [ 110.30966, -7.02032, 0.0 ], [ 110.30945, -7.01996, 0.0 ], [ 110.309502948999977, -7.019933526999978, 0.0 ], [ 110.309728980999978, -7.019820510999978, 0.0 ], [ 110.309782534000021, -7.019793734000018, 0.0 ], [ 110.30983, -7.01977, 0.0 ], [ 110.310083046999978, -7.019682407, 0.0 ], [ 110.310190522000028, -7.019645204000028, 0.0 ], [ 110.310216012000012, -7.019636381, 0.0 ], [ 110.310358603, -7.019587022, 0.0 ], [ 110.310605122000027, -7.019501688999981, 0.0 ], [ 110.310774704999972, -7.019442985000012, 0.0 ], [ 110.310786420999989, -7.019438929999978, 0.0 ], [ 110.310869998999976, -7.019410000999983, 0.0 ], [ 110.310924046000025, -7.019390348, 0.0 ], [ 110.310924091, -7.019390331000011, 0.0 ], [ 110.311027033000016, -7.019352896999976, 0.0 ], [ 110.311043059999975, -7.019347069999981, 0.0 ], [ 110.3112, -7.01929, 0.0 ], [ 110.31141, -7.01924, 0.0 ], [ 110.31279, -7.019000001, 0.0 ], [ 110.3131, -7.018960000999982, 0.0 ], [ 110.31354, -7.01895, 0.0 ], [ 110.31377, -7.01893, 0.0 ], [ 110.314113704000022, -7.018944222000016, 0.0 ], [ 110.314364173, -7.018954587, 0.0 ], [ 110.314607957000021, -7.018964675, 0.0 ], [ 110.314836628000023, -7.018974136999987, 0.0 ], [ 110.315043823, -7.018982710999978, 0.0 ], [ 110.315331801000013, -7.018994627999973, 0.0 ], [ 110.315568031999987, -7.019004402, 0.0 ], [ 110.315740447, -7.019011536999983, 0.0 ], [ 110.315798993999977, -7.01901396, 0.0 ], [ 110.315931192999983, -7.019019431, 0.0 ], [ 110.316443177999986, -7.01931367200001, 0.0 ], [ 110.316853684000023, -7.019524876, 0.0 ], [ 110.317441527000028, -7.019683686, 0.0 ], [ 110.318241392, -7.019873964, 0.0 ], [ 110.31853686, -7.019961985, 0.0 ], [ 110.319441745, -7.020254796000017, 0.0 ], [ 110.31965255199998, -7.020281189, 0.0 ], [ 110.319857349000017, -7.020289382999977, 0.0 ], [ 110.320075907999978, -7.020222212000021, 0.0 ], [ 110.320244823999985, -7.020195890000025, 0.0 ], [ 110.320861655999977, -7.020110830000021, 0.0 ], [ 110.321002522000015, -7.020100264, 0.0 ], [ 110.321173602999977, -7.020068203, 0.0 ], [ 110.32134341, -7.019921263000015, 0.0 ], [ 110.321527733999972, -7.019717565, 0.0 ], [ 110.321635048000019, -7.019585514000028, 0.0 ], [ 110.321700846999988, -7.019528888000025, 0.0 ], [ 110.321740391, -7.019516023, 0.0 ], [ 110.321967492999988, -7.019504144, 0.0 ], [ 110.322221866, -7.019518872, 0.0 ], [ 110.323502030999975, -7.019682024000019, 0.0 ], [ 110.325233663, -7.019778931000019, 0.0 ], [ 110.326096748999987, -7.019768683, 0.0 ], [ 110.327402166000013, -7.019747939000013, 0.0 ], [ 110.328457518, -7.019748280999977, 0.0 ], [ 110.32908332, -7.019889658000011, 0.0 ], [ 110.331481155, -7.020468898, 0.0 ], [ 110.332108657, -7.020539675, 0.0 ], [ 110.332434350000028, -7.020599491999974, 0.0 ], [ 110.333212437999975, -7.020788069999981, 0.0 ], [ 110.333445224, -7.020823342000028, 0.0 ], [ 110.333642086, -7.020852819000027, 0.0 ], [ 110.33398789, -7.020921278, 0.0 ], [ 110.334747407, -7.021104842, 0.0 ], [ 110.334806671000024, -7.021120721999978, 0.0 ], [ 110.334837178999976, -7.021144817, 0.0 ], [ 110.334836784, -7.021169228000019, 0.0 ], [ 110.334692213999972, -7.021890086999974, 0.0 ], [ 110.334660353, -7.022060201999977, 0.0 ], [ 110.33466, -7.022100001000013, 0.0 ], [ 110.33499, -7.02217, 0.0 ], [ 110.33535, -7.02223, 0.0 ], [ 110.335698697, -7.022277550000013, 0.0 ], [ 110.33579, -7.022289999, 0.0 ], [ 110.33584, -7.02228, 0.0 ], [ 110.335889999000017, -7.02215, 0.0 ], [ 110.33596, -7.02205, 0.0 ], [ 110.336210000999984, -7.021509998999989, 0.0 ], [ 110.336697481999977, -7.021667300999979, 0.0 ], [ 110.337290128, -7.021826093000016, 0.0 ], [ 110.337530798999978, -7.021876691999978, 0.0 ], [ 110.338033758999984, -7.021934838999982, 0.0 ], [ 110.338303226, -7.021949579000022, 0.0 ], [ 110.338659185999973, -7.021781357, 0.0 ], [ 110.338950465999972, -7.021616632000018, 0.0 ], [ 110.339144689000022, -7.021480489999988, 0.0 ], [ 110.339349659, -7.021365903, 0.0 ], [ 110.339651646, -7.021251452, 0.0 ], [ 110.340057855, -7.021122787000024, 0.0 ], [ 110.340521552999974, -7.020994202999987, 0.0 ], [ 110.341707798000016, -7.020636879999984, 0.0 ], [ 110.342122432, -7.020477114000016, 0.0 ], [ 110.342277057, -7.020391174, 0.0 ], [ 110.342494154, -7.01932, 0.0 ], [ 110.342579999, -7.01932, 0.0 ], [ 110.34272, -7.01932, 0.0 ], [ 110.34295000100002, -7.01931, 0.0 ], [ 110.34312, -7.0193, 0.0 ], [ 110.34404, -7.0193, 0.0 ], [ 110.34491, -7.01929, 0.0 ], [ 110.34528, -7.01931, 0.0 ], [ 110.34601, -7.01942, 0.0 ], [ 110.346130001, -7.01944, 0.0 ], [ 110.34635, -7.01946, 0.0 ], [ 110.34665, -7.019490001, 0.0 ], [ 110.34679, -7.019510001000015, 0.0 ], [ 110.34762, -7.01973, 0.0 ], [ 110.34768, -7.01975, 0.0 ], [ 110.34799, -7.019860000999984, 0.0 ], [ 110.34837, -7.02, 0.0 ], [ 110.348839999, -7.02014, 0.0 ], [ 110.34932, -7.02016, 0.0 ], [ 110.349572517000013, -7.020202086999973, 0.0 ], [ 110.349636428999986, -7.020212738999987, 0.0 ], [ 110.34992, -7.02026, 0.0 ], [ 110.350309513000013, -7.020300295000027, 0.0 ], [ 110.3505, -7.02032, 0.0 ], [ 110.35097, -7.02037, 0.0 ], [ 110.3516, -7.02038, 0.0 ], [ 110.35187, -7.0204, 0.0 ], [ 110.35226, -7.02052, 0.0 ], [ 110.35314, -7.02067, 0.0 ], [ 110.35337, -7.02075, 0.0 ], [ 110.35363, -7.02083, 0.0 ], [ 110.35385, -7.02093, 0.0 ], [ 110.35419, -7.02111, 0.0 ], [ 110.354320001000019, -7.02118, 0.0 ], [ 110.35452, -7.02084, 0.0 ], [ 110.35455, -7.02079, 0.0 ], [ 110.35488, -7.020310000999984, 0.0 ], [ 110.35494, -7.02024, 0.0 ], [ 110.355, -7.02013, 0.0 ], [ 110.35528, -7.019900001, 0.0 ], [ 110.355429382000011, -7.019775514, 0.0 ], [ 110.355435078000028, -7.019770768, 0.0 ], [ 110.35546334999998, -7.019745845999978, 0.0 ], [ 110.35571, -7.01944, 0.0 ], [ 110.35578, -7.01933, 0.0 ], [ 110.355800000999977, -7.01913, 0.0 ], [ 110.35574, -7.0189, 0.0 ], [ 110.35571, -7.018710000999988, 0.0 ], [ 110.35572, -7.01863000100002, 0.0 ], [ 110.355750135999983, -7.018608905, 0.0 ], [ 110.355792275, -7.018579408999983, 0.0 ], [ 110.355869783, -7.018525152999985, 0.0 ], [ 110.355888210999979, -7.018512252999983, 0.0 ], [ 110.355922419000024, -7.018488307999974, 0.0 ], [ 110.355941589999986, -7.018474889, 0.0 ], [ 110.355964355000026, -7.018458953999982, 0.0 ], [ 110.356002365999984, -7.018432346999987, 0.0 ], [ 110.356013301000019, -7.018424692, 0.0 ], [ 110.35602, -7.01842, 0.0 ], [ 110.356043284, -7.018402539000022, 0.0 ], [ 110.356049499999983, -7.018397876999984, 0.0 ], [ 110.356094563, -7.018364078, 0.0 ], [ 110.356119589, -7.018345308, 0.0 ], [ 110.35614, -7.01833, 0.0 ], [ 110.35621, -7.01823, 0.0 ], [ 110.35623, -7.01797, 0.0 ], [ 110.356249999, -7.0177, 0.0 ], [ 110.35633, -7.01757, 0.0 ], [ 110.3565, -7.01748, 0.0 ], [ 110.35654, -7.017480001000024, 0.0 ], [ 110.356542784999988, -7.017480174000013, 0.0 ], [ 110.356566274999977, -7.017481642, 0.0 ], [ 110.356605071, -7.017484067, 0.0 ], [ 110.356622582, -7.017485161000025, 0.0 ], [ 110.356642651000016, -7.017486415, 0.0 ], [ 110.356666067, -7.017487879999976, 0.0 ], [ 110.35667031600002, -7.017488145000016, 0.0 ], [ 110.356693873999973, -7.017489617000024, 0.0 ], [ 110.3567, -7.01749, 0.0 ], [ 110.356716317, -7.01749, 0.0 ], [ 110.3568, -7.01749, 0.0 ], [ 110.35686, -7.01745, 0.0 ], [ 110.35694, -7.01728, 0.0 ], [ 110.35698, -7.01714, 0.0 ], [ 110.357069998999975, -7.01704, 0.0 ], [ 110.357282935, -7.01698126399998, 0.0 ], [ 110.357479404, -7.016948027000012, 0.0 ], [ 110.357699790000026, -7.016943541999979, 0.0 ], [ 110.358054109000022, -7.017092408999986, 0.0 ], [ 110.358221716, -7.017145289999974, 0.0 ], [ 110.358346258999973, -7.017159820000018, 0.0 ], [ 110.358528343999978, -7.017136135999976, 0.0 ], [ 110.358758448, -7.017031147000012, 0.0 ], [ 110.359079695999981, -7.016840124, 0.0 ], [ 110.359194914, -7.016667966, 0.0 ], [ 110.359262175000026, -7.016529247999983, 0.0 ], [ 110.359320226000023, -7.016117684999983, 0.0 ], [ 110.35934, -7.01582, 0.0 ], [ 110.35936, -7.01577, 0.0 ], [ 110.35945, -7.015629999, 0.0 ], [ 110.3596, -7.015510001, 0.0 ], [ 110.36001, -7.01531, 0.0 ], [ 110.36047, -7.01515, 0.0 ], [ 110.36094, -7.01499, 0.0 ], [ 110.36132, -7.01487, 0.0 ], [ 110.361495274999982, -7.014840787000026, 0.0 ], [ 110.362038218, -7.016363662, 0.0 ], [ 110.362016327999982, -7.016607744999988, 0.0 ], [ 110.361944279, -7.016744065000012, 0.0 ], [ 110.361800513, -7.016772587999981, 0.0 ], [ 110.36175010300002, -7.016851498, 0.0 ], [ 110.361764377999975, -7.016923314, 0.0 ], [ 110.361836005999976, -7.017095727000026, 0.0 ], [ 110.361835741999982, -7.017289581, 0.0 ], [ 110.361907399000017, -7.017440455999974, 0.0 ], [ 110.362086762999979, -7.017656094000017, 0.0 ], [ 110.362129529000015, -7.017914624000014, 0.0 ], [ 110.362165323, -7.018015190000028, 0.0 ], [ 110.362272795000024, -7.01825227, 0.0 ], [ 110.362337304, -7.018374414, 0.0 ], [ 110.36256007999998, -7.018374716999972, 0.0 ], [ 110.362861807, -7.018446926000024, 0.0 ], [ 110.363012543000025, -7.018576366, 0.0 ], [ 110.36303383, -7.01877743, 0.0 ], [ 110.36298327999998, -7.018956855999988, 0.0 ], [ 110.362839329999986, -7.019121798000015, 0.0 ], [ 110.362680929000021, -7.019344156999978, 0.0 ], [ 110.362687900000026, -7.019502121000016, 0.0 ], [ 110.362809921, -7.019609984999988, 0.0 ], [ 110.362967804, -7.019768152999973, 0.0 ], [ 110.363183170000013, -7.019933582000021, 0.0 ], [ 110.363283536999973, -7.020110821, 0.0 ], [ 110.363197028, -7.020311736999986, 0.0 ], [ 110.363225480999972, -7.02052716999998, 0.0 ], [ 110.363321069999984, -7.020694830000025, 0.0 ], [ 110.36352683299998, -7.020876996000027, 0.0 ], [ 110.363488718999974, -7.021189402, 0.0 ], [ 110.363184382999975, -7.021553607999977, 0.0 ], [ 110.362917, -7.021867000999976, 0.0 ], [ 110.362786, -7.022031, 0.0 ], [ 110.362456, -7.022393001000012, 0.0 ], [ 110.362368, -7.022524, 0.0 ], [ 110.362345824999977, -7.022612198, 0.0 ], [ 110.362320001, -7.0227, 0.0 ], [ 110.362341112000024, -7.022816109000019, 0.0 ], [ 110.362356, -7.022918, 0.0 ], [ 110.362386015000027, -7.022954686, 0.0 ], [ 110.36245, -7.023040001000027, 0.0 ], [ 110.362690000999976, -7.02309, 0.0 ], [ 110.36303, -7.023029999000016, 0.0 ], [ 110.363354909, -7.022937168999988, 0.0 ], [ 110.36338, -7.022929998999984, 0.0 ], [ 110.363457084, -7.022922993, 0.0 ], [ 110.363707, -7.022898, 0.0 ], [ 110.363914998999974, -7.022899, 0.0 ], [ 110.36391766700001, -7.022900000999982, 0.0 ], [ 110.364011074000018, -7.022935028, 0.0 ], [ 110.364179, -7.022998001000019, 0.0 ], [ 110.364203482999983, -7.023030708000022, 0.0 ], [ 110.364310000999978, -7.023169999, 0.0 ], [ 110.364351388999978, -7.023297926, 0.0 ], [ 110.364420001999974, -7.02351, 0.0 ], [ 110.364459999000019, -7.023849999, 0.0 ], [ 110.364440343000012, -7.024262791000012, 0.0 ], [ 110.36444, -7.02427, 0.0 ], [ 110.364300001, -7.02514, 0.0 ], [ 110.364269762, -7.025217757, 0.0 ], [ 110.36416, -7.0255, 0.0 ], [ 110.36394408000001, -7.025897293000014, 0.0 ], [ 110.36391, -7.02596, 0.0 ], [ 110.36378, -7.026189999, 0.0 ], [ 110.36323, -7.026919998999972, 0.0 ], [ 110.363188263999973, -7.026978429999986, 0.0 ], [ 110.36303, -7.027199999, 0.0 ], [ 110.362928636999982, -7.027333039999974, 0.0 ], [ 110.362870000999976, -7.02741, 0.0 ], [ 110.36272, -7.02754, 0.0 ], [ 110.362537326999984, -7.027608502000021, 0.0 ], [ 110.362480001, -7.027629999, 0.0 ], [ 110.362445310999988, -7.027634335000016, 0.0 ], [ 110.36224, -7.027660001000015, 0.0 ], [ 110.362064426000018, -7.027607327, 0.0 ], [ 110.361944, -7.027576, 0.0 ], [ 110.361794496000016, -7.027508980999983, 0.0 ], [ 110.361625, -7.027433, 0.0 ], [ 110.361329, -7.027246, 0.0 ], [ 110.361044, -7.027026, 0.0 ], [ 110.360792, -7.026938001000019, 0.0 ], [ 110.360572, -7.026927, 0.0 ], [ 110.360507024000015, -7.026956988999984, 0.0 ], [ 110.360430001, -7.026989999000023, 0.0 ], [ 110.360406110999975, -7.027019861999975, 0.0 ], [ 110.360308, -7.027135000999976, 0.0 ], [ 110.360275, -7.027288000999988, 0.0 ], [ 110.360342032, -7.027407168000025, 0.0 ], [ 110.360370000999978, -7.027459998999973, 0.0 ], [ 110.360373024000012, -7.027462268000022, 0.0 ], [ 110.360416021999981, -7.027494515, 0.0 ], [ 110.36061, -7.02764, 0.0 ], [ 110.360736342999985, -7.027795500000025, 0.0 ], [ 110.36074, -7.0278, 0.0 ], [ 110.360760001000017, -7.02795, 0.0 ], [ 110.360741528, -7.028213219, 0.0 ], [ 110.360720001, -7.028519999000025, 0.0 ], [ 110.36071, -7.02912999900002, 0.0 ], [ 110.360686332, -7.029212837999978, 0.0 ], [ 110.36067, -7.02927, 0.0 ], [ 110.360668, -7.029272, 0.0 ], [ 110.360570000999985, -7.029369998999982, 0.0 ], [ 110.360569, -7.029371, 0.0 ], [ 110.360544123000011, -7.029374929000028, 0.0 ], [ 110.36036, -7.029409999, 0.0 ], [ 110.360181123000018, -7.029395093, 0.0 ], [ 110.360120000999984, -7.02939, 0.0 ], [ 110.360035008000011, -7.029419997, 0.0 ], [ 110.35995247, -7.02944912800001, 0.0 ], [ 110.35995, -7.02945, 0.0 ], [ 110.359909710000011, -7.029508604, 0.0 ], [ 110.359842617000027, -7.029606193, 0.0 ], [ 110.35984, -7.02961, 0.0 ], [ 110.359810994999975, -7.029747766000014, 0.0 ], [ 110.359799999000018, -7.029799998999977, 0.0 ], [ 110.359779999000011, -7.029980001000013, 0.0 ], [ 110.359760000999984, -7.03013, 0.0 ], [ 110.359721665, -7.030176002000019, 0.0 ], [ 110.359710001, -7.030189999000015, 0.0 ], [ 110.359666995999987, -7.030233002999978, 0.0 ], [ 110.35954, -7.030359998999984, 0.0 ], [ 110.359320001000015, -7.030490000999976, 0.0 ], [ 110.359316478999972, -7.030491552, 0.0 ], [ 110.358770027, -7.03073236, 0.0 ], [ 110.358733, -7.030749, 0.0 ], [ 110.358709749000013, -7.030758250000019, 0.0 ], [ 110.35846, -7.030860001, 0.0 ], [ 110.35828, -7.030869999, 0.0 ], [ 110.35794, -7.030820001, 0.0 ], [ 110.3575, -7.03066, 0.0 ], [ 110.35733000099998, -7.03061, 0.0 ], [ 110.357195074, -7.030578252999987, 0.0 ], [ 110.35716, -7.03057, 0.0 ], [ 110.357076006999989, -7.030611997, 0.0 ], [ 110.357021, -7.030637, 0.0 ], [ 110.357001993999972, -7.030656007, 0.0 ], [ 110.35693, -7.03072000100002, 0.0 ], [ 110.35692, -7.030820001, 0.0 ], [ 110.35693, -7.030929999000023, 0.0 ], [ 110.357069998999975, -7.03115999900001, 0.0 ], [ 110.35726, -7.03137, 0.0 ], [ 110.357435409, -7.031573474000027, 0.0 ], [ 110.35751, -7.031660000999977, 0.0 ], [ 110.357534869, -7.031705594000016, 0.0 ], [ 110.35763, -7.031879999000012, 0.0 ], [ 110.357664538999984, -7.03199052399998, 0.0 ], [ 110.357680001, -7.032039999, 0.0 ], [ 110.357702474, -7.032174842000018, 0.0 ], [ 110.357709600000021, -7.032217600000024, 0.0 ], [ 110.35771, -7.03222, 0.0 ], [ 110.357680001, -7.03235, 0.0 ], [ 110.35756, -7.03252, 0.0 ], [ 110.35733000099998, -7.032719999, 0.0 ], [ 110.357064843999979, -7.032915984, 0.0 ], [ 110.35687, -7.03306, 0.0 ], [ 110.356793632, -7.033096366, 0.0 ], [ 110.356450000999985, -7.03326, 0.0 ], [ 110.356188212, -7.033313548000024, 0.0 ], [ 110.356007, -7.033354001000021, 0.0 ], [ 110.3557, -7.033342, 0.0 ], [ 110.355604167000024, -7.033317001, 0.0 ], [ 110.35545, -7.03328, 0.0 ], [ 110.355100000999983, -7.032919999, 0.0 ], [ 110.35472, -7.032509999000013, 0.0 ], [ 110.354466064, -7.032223296999973, 0.0 ], [ 110.35441, -7.032159998999987, 0.0 ], [ 110.35422, -7.031999999, 0.0 ], [ 110.354139990000021, -7.031914988999972, 0.0 ], [ 110.354061, -7.031827, 0.0 ], [ 110.353919, -7.031796000999975, 0.0 ], [ 110.353854819999981, -7.031809312, 0.0 ], [ 110.35378, -7.03182, 0.0 ], [ 110.353710001000024, -7.031899999000018, 0.0 ], [ 110.353697163999982, -7.031923104999976, 0.0 ], [ 110.35361, -7.032079999000018, 0.0 ], [ 110.35341, -7.03246, 0.0 ], [ 110.35331, -7.03254, 0.0 ], [ 110.353089518, -7.032623630999979, 0.0 ], [ 110.353020001, -7.03265, 0.0 ], [ 110.35277411200002, -7.032760225, 0.0 ], [ 110.352729, -7.03278, 0.0 ], [ 110.352709015000016, -7.032800985, 0.0 ], [ 110.352650000999972, -7.032859998999982, 0.0 ], [ 110.352640147999978, -7.032882990000019, 0.0 ], [ 110.352587, -7.032997, 0.0 ], [ 110.352553651, -7.033098661, 0.0 ], [ 110.35252, -7.033189999, 0.0 ], [ 110.352473007000015, -7.033301607999988, 0.0 ], [ 110.35244, -7.03338, 0.0 ], [ 110.35223, -7.03367, 0.0 ], [ 110.35212, -7.03377, 0.0 ], [ 110.352118213999972, -7.033770945000015, 0.0 ], [ 110.352104417000021, -7.033778250000012, 0.0 ], [ 110.35195, -7.033860001, 0.0 ], [ 110.351702756, -7.033935546, 0.0 ], [ 110.351590000999977, -7.033969999000021, 0.0 ], [ 110.35147, -7.03407, 0.0 ], [ 110.351441500000021, -7.034103249999987, 0.0 ], [ 110.351353, -7.034203, 0.0 ], [ 110.35135005, -7.034209939999982, 0.0 ], [ 110.35135, -7.03421, 0.0 ], [ 110.351090000999989, -7.03482, 0.0 ], [ 110.351, -7.03509999900001, 0.0 ], [ 110.350900430000024, -7.035393968, 0.0 ], [ 110.350793, -7.035711143000015, 0.0 ], [ 110.35079132300001, -7.035716094, 0.0 ], [ 110.350789999000028, -7.03572, 0.0 ], [ 110.350769999000022, -7.03573, 0.0 ], [ 110.35075, -7.03574, 0.0 ], [ 110.350748781999982, -7.035743837999973, 0.0 ], [ 110.35055, -7.03637, 0.0 ], [ 110.35048, -7.036599998999975, 0.0 ], [ 110.349470000999986, -7.037829999, 0.0 ], [ 110.34936, -7.03796, 0.0 ], [ 110.349229998999988, -7.03804, 0.0 ], [ 110.349090000999979, -7.03807, 0.0 ], [ 110.348859764999986, -7.038028887, 0.0 ], [ 110.348807, -7.038021, 0.0 ], [ 110.34858699900002, -7.037941, 0.0 ], [ 110.348468, -7.03786100100001, 0.0 ], [ 110.348395, -7.037742001000026, 0.0 ], [ 110.348387, -7.037617, 0.0 ], [ 110.348478, -7.037443, 0.0 ], [ 110.348479019000024, -7.037441961000013, 0.0 ], [ 110.348928, -7.036984001, 0.0 ], [ 110.348983125000018, -7.036921563000021, 0.0 ], [ 110.34903, -7.03687, 0.0 ], [ 110.349039125, -7.036828940000021, 0.0 ], [ 110.349053998999977, -7.036779, 0.0 ], [ 110.349024061000023, -7.036722931999975, 0.0 ], [ 110.349000000999979, -7.036670001, 0.0 ], [ 110.34885, -7.036570000999973, 0.0 ], [ 110.34855, -7.03648, 0.0 ], [ 110.347702016000028, -7.036136995, 0.0 ], [ 110.34766, -7.03612, 0.0 ], [ 110.34745, -7.03597, 0.0 ], [ 110.347342345000015, -7.035881067999981, 0.0 ], [ 110.34722, -7.035779999, 0.0 ], [ 110.347095959, -7.035727771999973, 0.0 ], [ 110.347033, -7.035699, 0.0 ], [ 110.347007279000024, -7.035695869, 0.0 ], [ 110.34692, -7.03568, 0.0 ], [ 110.346858097999984, -7.035715373000016, 0.0 ], [ 110.346776, -7.035757, 0.0 ], [ 110.346672, -7.035854, 0.0 ], [ 110.346669125, -7.035862450000025, 0.0 ], [ 110.34662, -7.036, 0.0 ], [ 110.3466, -7.036220001, 0.0 ], [ 110.346459999, -7.03700999900002, 0.0 ], [ 110.346446263000018, -7.037174849, 0.0 ], [ 110.34644, -7.037249998999982, 0.0 ], [ 110.346409559, -7.037334558999987, 0.0 ], [ 110.346353, -7.037497, 0.0 ], [ 110.3462, -7.037851, 0.0 ], [ 110.346198475999984, -7.037858127, 0.0 ], [ 110.346166, -7.03801, 0.0 ], [ 110.346156, -7.03806, 0.0 ], [ 110.34618, -7.0382, 0.0 ], [ 110.34619, -7.038270001, 0.0 ], [ 110.346288352999977, -7.038442117999978, 0.0 ], [ 110.346309, -7.038479, 0.0 ], [ 110.346321199999977, -7.038494934000028, 0.0 ], [ 110.346492, -7.038718001, 0.0 ], [ 110.346695583999974, -7.03925877, 0.0 ], [ 110.346780001000013, -7.039480001000015, 0.0 ], [ 110.346831160000022, -7.039668893, 0.0 ], [ 110.346911, -7.039959, 0.0 ], [ 110.346934374999989, -7.040130625000018, 0.0 ], [ 110.34695, -7.040240000999972, 0.0 ], [ 110.34694255, -7.040307056000017, 0.0 ], [ 110.346932, -7.04042, 0.0 ], [ 110.346810999000013, -7.040713, 0.0 ], [ 110.346778971999981, -7.040768609999986, 0.0 ], [ 110.346720001, -7.040880001, 0.0 ], [ 110.346695313999987, -7.040896456999974, 0.0 ], [ 110.346688, -7.040904, 0.0 ], [ 110.346441998999978, -7.041005, 0.0 ], [ 110.346316031000015, -7.041011270000013, 0.0 ], [ 110.346221, -7.041016, 0.0 ], [ 110.345966933999989, -7.041029373000015, 0.0 ], [ 110.345955, -7.04103, 0.0 ], [ 110.345954026000015, -7.041029849999973, 0.0 ], [ 110.345858341999985, -7.041015078999976, 0.0 ], [ 110.345521, -7.040963, 0.0 ], [ 110.345275, -7.040877, 0.0 ], [ 110.345162991, -7.04083433, 0.0 ], [ 110.345086, -7.040805001000024, 0.0 ], [ 110.345006, -7.040809, 0.0 ], [ 110.34484, -7.040946, 0.0 ], [ 110.344789546000015, -7.041013067, 0.0 ], [ 110.34476, -7.041049999, 0.0 ], [ 110.344758748, -7.041054006000024, 0.0 ], [ 110.344758, -7.041055, 0.0 ], [ 110.344752952000022, -7.041072553, 0.0 ], [ 110.34471000100001, -7.04121, 0.0 ], [ 110.344731063999973, -7.041452236, 0.0 ], [ 110.34475, -7.041669999000021, 0.0 ], [ 110.344919999000012, -7.04259, 0.0 ], [ 110.34501, -7.043059998999979, 0.0 ], [ 110.34507, -7.04342, 0.0 ], [ 110.34507, -7.043799998999987, 0.0 ], [ 110.345017788, -7.044071504999977, 0.0 ], [ 110.344975, -7.044323, 0.0 ], [ 110.344781, -7.045098, 0.0 ], [ 110.34454999899998, -7.045589999000015, 0.0 ], [ 110.343847999, -7.046644, 0.0 ], [ 110.343686354, -7.046792359999984, 0.0 ], [ 110.343560001000014, -7.046909998999979, 0.0 ], [ 110.34328, -7.04711, 0.0 ], [ 110.343240111999989, -7.047138395, 0.0 ], [ 110.342694, -7.047531000999982, 0.0 ], [ 110.342423999, -7.047689000999981, 0.0 ], [ 110.342404956999985, -7.047696518, 0.0 ], [ 110.342120001000012, -7.047819999000012, 0.0 ], [ 110.341849412999977, -7.047847752999985, 0.0 ], [ 110.34173, -7.04786, 0.0 ], [ 110.341360001, -7.047909999000012, 0.0 ], [ 110.340796307, -7.04799406, 0.0 ], [ 110.340218, -7.048074, 0.0 ], [ 110.340047932, -7.048118236999983, 0.0 ], [ 110.34004, -7.04812, 0.0 ], [ 110.33993, -7.048189998999987, 0.0 ], [ 110.33987, -7.048299999, 0.0 ], [ 110.33987, -7.048430000999986, 0.0 ], [ 110.339911996000012, -7.048506993, 0.0 ], [ 110.339985999000021, -7.048655, 0.0 ], [ 110.340458, -7.049039, 0.0 ], [ 110.340599575, -7.049187626, 0.0 ], [ 110.340979999000012, -7.049587, 0.0 ], [ 110.341179, -7.049837, 0.0 ], [ 110.34129, -7.050085001000014, 0.0 ], [ 110.341316338000013, -7.050184064, 0.0 ], [ 110.341360001, -7.050340001, 0.0 ], [ 110.341371636000019, -7.05053780999998, 0.0 ], [ 110.341382, -7.05068, 0.0 ], [ 110.341376421, -7.050747983, 0.0 ], [ 110.341369999, -7.05087, 0.0 ], [ 110.34131, -7.05102, 0.0 ], [ 110.34121, -7.051129999000011, 0.0 ], [ 110.341114803999972, -7.051163998, 0.0 ], [ 110.341074, -7.051182, 0.0 ], [ 110.340969482999981, -7.051172819999977, 0.0 ], [ 110.340930001, -7.051169999000024, 0.0 ], [ 110.340927653, -7.051169145000017, 0.0 ], [ 110.340926, -7.051169, 0.0 ], [ 110.340843468, -7.051138533000028, 0.0 ], [ 110.34071, -7.051089999, 0.0 ], [ 110.340697764000026, -7.051084754999977, 0.0 ], [ 110.34064, -7.051060001, 0.0 ], [ 110.340510000999984, -7.05104, 0.0 ], [ 110.340391982000028, -7.051082149000024, 0.0 ], [ 110.340367, -7.05109, 0.0 ], [ 110.340238999, -7.051203, 0.0 ], [ 110.340187414000013, -7.051295453000023, 0.0 ], [ 110.34016, -7.05134, 0.0 ], [ 110.34014, -7.05166, 0.0 ], [ 110.340167925, -7.051738189, 0.0 ], [ 110.340189, -7.051805001, 0.0 ], [ 110.340309, -7.051973, 0.0 ], [ 110.340448192999986, -7.052087721000021, 0.0 ], [ 110.34058, -7.0522, 0.0 ], [ 110.340879420000022, -7.05234472, 0.0 ], [ 110.340889362999974, -7.05234679, 0.0 ], [ 110.341179, -7.052487000999974, 0.0 ], [ 110.341541, -7.052688, 0.0 ], [ 110.341826, -7.052894001000027, 0.0 ], [ 110.341925, -7.052995, 0.0 ], [ 110.341925425999989, -7.05299566399998, 0.0 ], [ 110.341934, -7.053009, 0.0 ], [ 110.341969, -7.053097, 0.0 ], [ 110.341968882, -7.053097482999988, 0.0 ], [ 110.34197, -7.053099998999983, 0.0 ], [ 110.34194, -7.05323, 0.0 ], [ 110.341911063, -7.05325893700001, 0.0 ], [ 110.341854, -7.053327, 0.0 ], [ 110.341764150000017, -7.053369057999987, 0.0 ], [ 110.341710001000024, -7.053400001, 0.0 ], [ 110.34126, -7.05331, 0.0 ], [ 110.341159571, -7.053271372999973, 0.0 ], [ 110.34087, -7.053159999, 0.0 ], [ 110.34067, -7.05307000099998, 0.0 ], [ 110.34051, -7.053050000999974, 0.0 ], [ 110.340508812999985, -7.053050236999979, 0.0 ], [ 110.340497017000018, -7.053052595999986, 0.0 ], [ 110.340460001, -7.053059999000027, 0.0 ], [ 110.340440122000018, -7.053067455000019, 0.0 ], [ 110.340385, -7.053082, 0.0 ], [ 110.340301, -7.053146, 0.0 ], [ 110.340263, -7.053236, 0.0 ], [ 110.340498127999979, -7.053638842, 0.0 ], [ 110.340500578, -7.053648426, 0.0 ], [ 110.34069, -7.05397, 0.0 ], [ 110.340755553, -7.054060526, 0.0 ], [ 110.3409, -7.054264, 0.0 ], [ 110.341096999, -7.054539, 0.0 ], [ 110.341466, -7.054938, 0.0 ], [ 110.341731, -7.055132, 0.0 ], [ 110.34194, -7.055272001, 0.0 ], [ 110.342334, -7.055653, 0.0 ], [ 110.34245, -7.055806, 0.0 ], [ 110.342488, -7.055919001, 0.0 ], [ 110.342474, -7.056031, 0.0 ], [ 110.342379, -7.056186, 0.0 ], [ 110.342227998999988, -7.056322, 0.0 ], [ 110.342095, -7.056386001000021, 0.0 ], [ 110.341802084, -7.05637985300001, 0.0 ], [ 110.341402034999987, -7.05624111100002, 0.0 ], [ 110.341119428000013, -7.056188060000011, 0.0 ], [ 110.340889380000021, -7.056235602000015, 0.0 ], [ 110.340779108, -7.056288097, 0.0 ], [ 110.340702312000019, -7.056383717000017, 0.0 ], [ 110.340649494, -7.056465014000025, 0.0 ], [ 110.340630071000021, -7.056609471, 0.0 ], [ 110.340629998999987, -7.056609998999988, 0.0 ], [ 110.340520001000016, -7.056809999, 0.0 ], [ 110.340370463999989, -7.056949566000014, 0.0 ], [ 110.34037, -7.05695, 0.0 ], [ 110.340369969, -7.056950051, 0.0 ], [ 110.340369, -7.056951001000016, 0.0 ], [ 110.340275, -7.057103, 0.0 ], [ 110.340249, -7.057145000999981, 0.0 ], [ 110.340104102999987, -7.057610135, 0.0 ], [ 110.33999, -7.05797, 0.0 ], [ 110.339937403000022, -7.058205138, 0.0 ], [ 110.339846792, -7.058610219, 0.0 ], [ 110.339841875, -7.058616560000019, 0.0 ], [ 110.339735236000024, -7.058754067999985, 0.0 ], [ 110.339634333999982, -7.058954959, 0.0 ], [ 110.339626699, -7.059270858, 0.0 ], [ 110.339780815999973, -7.059554676, 0.0 ], [ 110.339820078, -7.059741406, 0.0 ], [ 110.339873545999978, -7.060046621000026, 0.0 ], [ 110.339779635000014, -7.060387526999989, 0.0 ], [ 110.339642529, -7.060778629000026, 0.0 ], [ 110.339519745000018, -7.061205652000012, 0.0 ], [ 110.339468994000015, -7.061517900000013, 0.0 ], [ 110.339518543, -7.06176301, 0.0 ], [ 110.339519124, -7.061775633000025, 0.0 ], [ 110.339427, -7.062244, 0.0 ], [ 110.339395105999984, -7.062503967, 0.0 ], [ 110.339392606, -7.062511751999978, 0.0 ], [ 110.33937000100002, -7.06267, 0.0 ], [ 110.33937000100002, -7.062920001, 0.0 ], [ 110.339388962999976, -7.062983208, 0.0 ], [ 110.339397, -7.063016001, 0.0 ], [ 110.339399512, -7.063018371999988, 0.0 ], [ 110.339401055999986, -7.063019829999973, 0.0 ], [ 110.339520790999984, -7.063000594000016, 0.0 ], [ 110.339660993, -7.062961304, 0.0 ], [ 110.339901893, -7.062864719, 0.0 ], [ 110.340096104999986, -7.062750118, 0.0 ], [ 110.340239882999981, -7.062721601000021, 0.0 ], [ 110.340430224999977, -7.062800848999984, 0.0 ], [ 110.340577328, -7.062962602000027, 0.0 ], [ 110.34074, -7.063250000999972, 0.0 ], [ 110.340791185, -7.063333757, 0.0 ], [ 110.34096, -7.063609999, 0.0 ], [ 110.341240001000017, -7.064110001000017, 0.0 ], [ 110.341341101000012, -7.064264310999988, 0.0 ], [ 110.341429999000013, -7.064400001000024, 0.0 ], [ 110.34166021599998, -7.064619065999977, 0.0 ], [ 110.341785744999981, -7.064791556999978, 0.0 ], [ 110.341785507, -7.064960284, 0.0 ], [ 110.341695365000021, -7.065175548000013, 0.0 ], [ 110.341554212, -7.065320605000011, 0.0 ], [ 110.341549513000018, -7.065325433999988, 0.0 ], [ 110.3414, -7.065630000999988, 0.0 ], [ 110.341362073000028, -7.065737461000026, 0.0 ], [ 110.34134, -7.065793, 0.0 ], [ 110.341316, -7.066094, 0.0 ], [ 110.341351998999983, -7.06642, 0.0 ], [ 110.341455, -7.066724001000011, 0.0 ], [ 110.342421, -7.067918, 0.0 ], [ 110.342573, -7.068122, 0.0 ], [ 110.342637, -7.068264000999989, 0.0 ], [ 110.342663760999983, -7.068632722000018, 0.0 ], [ 110.34266, -7.06864, 0.0 ], [ 110.342534375000014, -7.068943594000018, 0.0 ], [ 110.34242, -7.069215, 0.0 ], [ 110.342342, -7.069405, 0.0 ], [ 110.342341809, -7.069405704000019, 0.0 ], [ 110.34234, -7.06941, 0.0 ], [ 110.342327037000018, -7.069459999, 0.0 ], [ 110.34227, -7.069679999000016, 0.0 ], [ 110.342209998999977, -7.06977, 0.0 ], [ 110.342209479000019, -7.069770237, 0.0 ], [ 110.342208998999979, -7.069771, 0.0 ], [ 110.3421, -7.069823000999975, 0.0 ], [ 110.34193, -7.069826, 0.0 ], [ 110.34159441700001, -7.069690477, 0.0 ], [ 110.341358, -7.069595, 0.0 ], [ 110.341252307, -7.06955465599998, 0.0 ], [ 110.34117, -7.069519999000022, 0.0 ], [ 110.34099, -7.069510001000026, 0.0 ], [ 110.340870000999985, -7.069550000999982, 0.0 ], [ 110.340800001, -7.069619999, 0.0 ], [ 110.34079944299998, -7.069622510999977, 0.0 ], [ 110.340796, -7.069626001000017, 0.0 ], [ 110.340791636, -7.069657641, 0.0 ], [ 110.34078, -7.06971, 0.0 ], [ 110.34085, -7.069840000999989, 0.0 ], [ 110.340996210000014, -7.069972285, 0.0 ], [ 110.34106, -7.070029998999985, 0.0 ], [ 110.341125980000015, -7.070072567000011, 0.0 ], [ 110.341414558, -7.070192012, 0.0 ], [ 110.34163005, -7.070276080999975, 0.0 ], [ 110.341935293, -7.070423098, 0.0 ], [ 110.342060845999981, -7.070578839, 0.0 ], [ 110.342144420000011, -7.070773407, 0.0 ], [ 110.342180039000027, -7.070997825, 0.0 ], [ 110.342152187000011, -7.071120377999989, 0.0 ], [ 110.342149999000014, -7.071130000999972, 0.0 ], [ 110.34225, -7.071420000999979, 0.0 ], [ 110.342284178, -7.071494052, 0.0 ], [ 110.342284856999981, -7.071494471999983, 0.0 ], [ 110.34231, -7.071553, 0.0 ], [ 110.342335580999986, -7.071525853000026, 0.0 ], [ 110.342487604999974, -7.071619908, 0.0 ], [ 110.342702899000017, -7.071845178, 0.0 ], [ 110.342994938, -7.072013119000019, 0.0 ], [ 110.343186334999984, -7.072195275000013, 0.0 ], [ 110.343406361, -7.072463630000016, 0.0 ], [ 110.343549630999973, -7.072798886999976, 0.0 ], [ 110.343697657, -7.073158084, 0.0 ], [ 110.343786607000027, -7.073614201999987, 0.0 ], [ 110.34385, -7.07377999800002, 0.0 ], [ 110.34387067199998, -7.073850874000016, 0.0 ], [ 110.34392, -7.07402, 0.0 ], [ 110.344239430000016, -7.074672168, 0.0 ], [ 110.344636, -7.075487, 0.0 ], [ 110.344742, -7.075738, 0.0 ], [ 110.344758249999984, -7.075779275, 0.0 ], [ 110.34484, -7.076, 0.0 ], [ 110.34486, -7.07604, 0.0 ], [ 110.34487, -7.07606, 0.0 ], [ 110.344877581999981, -7.076150970000015, 0.0 ], [ 110.344880000999979, -7.076180001000012, 0.0 ], [ 110.34489249, -7.076232453999978, 0.0 ], [ 110.344927, -7.076393000999985, 0.0 ], [ 110.345005, -7.076582, 0.0 ], [ 110.345091815999979, -7.07664818, 0.0 ], [ 110.34513, -7.07668, 0.0 ], [ 110.345351627000014, -7.076726171000018, 0.0 ], [ 110.345357845000024, -7.076725617000022, 0.0 ], [ 110.345623187, -7.076701916, 0.0 ], [ 110.345826841000019, -7.076690236, 0.0 ], [ 110.345928562999973, -7.076759185000014, 0.0 ], [ 110.345970331, -7.076869932000022, 0.0 ], [ 110.345942152000021, -7.077120834000027, 0.0 ], [ 110.345944, -7.077137000999983, 0.0 ], [ 110.345691, -7.077755, 0.0 ], [ 110.345461, -7.078054001, 0.0 ], [ 110.345139148999976, -7.078491797000027, 0.0 ], [ 110.345139, -7.078492, 0.0 ], [ 110.345047, -7.078686, 0.0 ], [ 110.345024282, -7.078872889000024, 0.0 ], [ 110.34499, -7.079129997999985, 0.0 ], [ 110.345014341000024, -7.079367321, 0.0 ], [ 110.345027, -7.07952, 0.0 ], [ 110.345089, -7.079776, 0.0 ], [ 110.345089157000018, -7.079776345000028, 0.0 ], [ 110.345090001000017, -7.079779998999982, 0.0 ], [ 110.345140001, -7.07989999900002, 0.0 ], [ 110.34523, -7.07998, 0.0 ], [ 110.345351606, -7.079997371, 0.0 ], [ 110.34544, -7.08000999799998, 0.0 ], [ 110.345719998999982, -7.079999999, 0.0 ], [ 110.34601, -7.07992, 0.0 ], [ 110.346230000999981, -7.079839999, 0.0 ], [ 110.346330001000013, -7.07985, 0.0 ], [ 110.346332435000022, -7.079851825999981, 0.0 ], [ 110.346490002, -7.07997, 0.0 ], [ 110.346515216, -7.079997016, 0.0 ], [ 110.34663, -7.080120001000012, 0.0 ], [ 110.3467, -7.080289999, 0.0 ], [ 110.346708365999973, -7.080373651, 0.0 ], [ 110.346720001, -7.080489998000019, 0.0 ], [ 110.34663, -7.08087, 0.0 ], [ 110.346583604999978, -7.080998478000026, 0.0 ], [ 110.346499999, -7.081230001, 0.0 ], [ 110.34637, -7.08153, 0.0 ], [ 110.34617, -7.081979998, 0.0 ], [ 110.346033927, -7.082167099, 0.0 ], [ 110.346011, -7.0822, 0.0 ], [ 110.346062, -7.082229, 0.0 ], [ 110.346853, -7.082472, 0.0 ], [ 110.34701, -7.082526, 0.0 ], [ 110.347111, -7.082608, 0.0 ], [ 110.347182998999983, -7.082772001000023, 0.0 ], [ 110.347203, -7.082941, 0.0 ], [ 110.347131, -7.083154, 0.0 ], [ 110.346955375, -7.083324624999989, 0.0 ], [ 110.346849999000028, -7.083427, 0.0 ], [ 110.346784748, -7.083500690999983, 0.0 ], [ 110.346730001000026, -7.083559998999988, 0.0 ], [ 110.34668930700002, -7.083654951000028, 0.0 ], [ 110.346669, -7.083699, 0.0 ], [ 110.346666, -7.083769, 0.0 ], [ 110.346794, -7.083915, 0.0 ], [ 110.346834409999985, -7.083954409, 0.0 ], [ 110.346915, -7.084033, 0.0 ], [ 110.346971, -7.084147, 0.0 ], [ 110.34697, -7.084256, 0.0 ], [ 110.34697, -7.08426, 0.0 ], [ 110.346909999, -7.084359999000014, 0.0 ], [ 110.346867816999975, -7.084369373000015, 0.0 ], [ 110.346824, -7.084387, 0.0 ], [ 110.346722582999973, -7.084408651999979, 0.0 ], [ 110.346646, -7.084425, 0.0 ], [ 110.34655266599998, -7.084474924, 0.0 ], [ 110.346517883999979, -7.084493527, 0.0 ], [ 110.346517, -7.084494, 0.0 ], [ 110.346495991999973, -7.084530014, 0.0 ], [ 110.346459999, -7.08459, 0.0 ], [ 110.34651, -7.084949999, 0.0 ], [ 110.346510868, -7.084956939999984, 0.0 ], [ 110.34649156, -7.084983546999979, 0.0 ], [ 110.34647836, -7.085001737000027, 0.0 ], [ 110.346111135, -7.085000052, 0.0 ], [ 110.346338048, -7.086166017999972, 0.0 ], [ 110.346268704000011, -7.086904518999972, 0.0 ], [ 110.346222, -7.087733957000012, 0.0 ], [ 110.346107887000016, -7.087921280999979, 0.0 ], [ 110.345993795000027, -7.088108617999978, 0.0 ], [ 110.344615639999972, -7.088308822999977, 0.0 ], [ 110.344055084, -7.088388262000024, 0.0 ], [ 110.344035151000014, -7.088391087, 0.0 ], [ 110.343025389, -7.088534186, 0.0 ], [ 110.34299938700002, -7.088683565, 0.0 ], [ 110.342860272999985, -7.088987210000028, 0.0 ], [ 110.342705973000022, -7.089189407999982, 0.0 ], [ 110.342462496, -7.089399575000016, 0.0 ], [ 110.342278298999986, -7.089611256000012, 0.0 ], [ 110.342276547999973, -7.089613268, 0.0 ], [ 110.342251395, -7.089642175, 0.0 ], [ 110.34240487, -7.090022933, 0.0 ], [ 110.342593376000025, -7.090373801999988, 0.0 ], [ 110.342595847999974, -7.090378402, 0.0 ], [ 110.34263124, -7.090444277000017, 0.0 ], [ 110.342652423, -7.090499522000016, 0.0 ], [ 110.342654587000027, -7.090505166000014, 0.0 ], [ 110.342792762999977, -7.090865529999974, 0.0 ], [ 110.342881745, -7.090995201999988, 0.0 ], [ 110.343214986000021, -7.091705616000013, 0.0 ], [ 110.343360572, -7.091932526999983, 0.0 ], [ 110.34361155, -7.09215149, 0.0 ], [ 110.343822147000026, -7.09226514, 0.0 ], [ 110.34408143600001, -7.092338375, 0.0 ], [ 110.344381060999979, -7.092549311000028, 0.0 ], [ 110.344433171999981, -7.092649418, 0.0 ], [ 110.344434630000023, -7.092652219, 0.0 ], [ 110.34447806999998, -7.092735670000025, 0.0 ], [ 110.344404715, -7.093018948, 0.0 ], [ 110.344201731999988, -7.093253463, 0.0 ], [ 110.344039348000024, -7.093439456, 0.0 ], [ 110.343917493, -7.093625506000024, 0.0 ], [ 110.343828051, -7.093819699, 0.0 ], [ 110.343630642999983, -7.094186268999977, 0.0 ], [ 110.343585458, -7.094374640000012, 0.0 ], [ 110.343594533999976, -7.094457289, 0.0 ], [ 110.343603017000021, -7.094534544999988, 0.0 ], [ 110.343638672999987, -7.094859261000011, 0.0 ], [ 110.344082868999976, -7.095320087, 0.0 ], [ 110.344086810000022, -7.09532417600002, 0.0 ], [ 110.34409150099998, -7.095329042, 0.0 ], [ 110.34414101599998, -7.095380410000018, 0.0 ], [ 110.344164173000024, -7.095459463, 0.0 ], [ 110.344230419999974, -7.095685619999983, 0.0 ], [ 110.344274930999973, -7.095972820999975, 0.0 ], [ 110.344328476999976, -7.096224142999972, 0.0 ], [ 110.34441797, -7.096466541999973, 0.0 ], [ 110.344624351, -7.096637322, 0.0 ], [ 110.34483315, -7.096764536000023, 0.0 ], [ 110.344836567000016, -7.096766618, 0.0 ], [ 110.344852156, -7.096776116, 0.0 ], [ 110.34495152, -7.096915478000028, 0.0 ], [ 110.344856478, -7.097054562999972, 0.0 ], [ 110.344854925999982, -7.097056834, 0.0 ], [ 110.344856817, -7.097058043, 0.0 ], [ 110.344904617, -7.097088610000014, 0.0 ], [ 110.344943913, -7.097114472999976, 0.0 ], [ 110.344938409, -7.097143919000018, 0.0 ], [ 110.344885326, -7.097371495, 0.0 ], [ 110.344674608, -7.098274882999988, 0.0 ], [ 110.344793798000012, -7.098482656999977, 0.0 ], [ 110.345173209, -7.099309198000014, 0.0 ], [ 110.345138596000027, -7.099393032000023, 0.0 ], [ 110.345106011999974, -7.099505470999986, 0.0 ], [ 110.345083359, -7.099583639, 0.0 ], [ 110.345060715999978, -7.099646382, 0.0 ], [ 110.345042138999986, -7.099697859, 0.0 ], [ 110.345016147000024, -7.099769884000011, 0.0 ], [ 110.345217860999981, -7.100207773000022, 0.0 ], [ 110.344907826, -7.100284725, 0.0 ], [ 110.344775503999983, -7.10031756799998, 0.0 ], [ 110.34422119200002, -7.100335121, 0.0 ], [ 110.343662305, -7.100174772, 0.0 ], [ 110.343382953, -7.100030775, 0.0 ], [ 110.343111519999979, -7.099934656000016, 0.0 ], [ 110.343087921, -7.099679330000015, 0.0 ], [ 110.343071387, -7.09936335499998, 0.0 ], [ 110.343008833999988, -7.099251692999985, 0.0 ], [ 110.342836465, -7.099188812000023, 0.0 ], [ 110.342809013000021, -7.099204745, 0.0 ], [ 110.342699560000028, -7.099268272000018, 0.0 ], [ 110.342710080000018, -7.099364802000025, 0.0 ], [ 110.342656148, -7.099479584, 0.0 ], [ 110.342339571000025, -7.09970888700002, 0.0 ], [ 110.34208436199998, -7.09989267200001, 0.0 ], [ 110.341934561000016, -7.10000055, 0.0 ], [ 110.341921921, -7.100009652999972, 0.0 ], [ 110.341915545, -7.100014245000011, 0.0 ], [ 110.34187190199998, -7.100045673000011, 0.0 ], [ 110.341847840000014, -7.100241709999978, 0.0 ], [ 110.341847307000023, -7.100286676999986, 0.0 ], [ 110.341844047, -7.100561745, 0.0 ], [ 110.340004645000022, -7.101608124999984, 0.0 ], [ 110.339457585, -7.101651055, 0.0 ], [ 110.339063435000014, -7.101869034, 0.0 ], [ 110.338384534, -7.102305146999981, 0.0 ], [ 110.33792857100002, -7.103197632999979, 0.0 ], [ 110.337604442999975, -7.103950060999978, 0.0 ], [ 110.337528870000028, -7.104125495, 0.0 ], [ 110.337218423000024, -7.104545057, 0.0 ], [ 110.336971845999983, -7.104640427, 0.0 ], [ 110.336819830000024, -7.104699223000011, 0.0 ], [ 110.336244527000019, -7.10460998100001, 0.0 ], [ 110.335544126, -7.103952882999977, 0.0 ], [ 110.335416725000016, -7.103833357999974, 0.0 ], [ 110.335362824000015, -7.103815589000021, 0.0 ], [ 110.334753539000019, -7.103614735, 0.0 ], [ 110.334645782, -7.103579212, 0.0 ], [ 110.33402643300002, -7.103340366999987, 0.0 ], [ 110.333508310000013, -7.103028925999979, 0.0 ], [ 110.332977686, -7.10214818999998, 0.0 ], [ 110.332972251, -7.102139169, 0.0 ], [ 110.332959650000021, -7.100883969999984, 0.0 ], [ 110.332919561999972, -7.100741089999985, 0.0 ], [ 110.332877033999978, -7.100516519, 0.0 ], [ 110.332775035999987, -7.10012394, 0.0 ], [ 110.3326513, -7.099758427999973, 0.0 ], [ 110.332617630000016, -7.099628908999989, 0.0 ], [ 110.332438618000026, -7.099300202999984, 0.0 ], [ 110.332319265000024, -7.099121556, 0.0 ], [ 110.33221955099998, -7.099080440000023, 0.0 ], [ 110.332191964, -7.09910521, 0.0 ], [ 110.332151974999988, -7.099141115, 0.0 ], [ 110.331948442, -7.099323864999974, 0.0 ], [ 110.331615718000023, -7.099461774000019, 0.0 ], [ 110.331149916000015, -7.099492489, 0.0 ], [ 110.330879654, -7.099621981999974, 0.0 ], [ 110.330868613, -7.099627272000021, 0.0 ], [ 110.330720553, -7.099698213000011, 0.0 ], [ 110.330528549, -7.100602674000015, 0.0 ], [ 110.330410471999983, -7.100965417, 0.0 ], [ 110.330352963999985, -7.101142088000017, 0.0 ], [ 110.330062957999985, -7.101122357, 0.0 ], [ 110.330010636, -7.101118797000026, 0.0 ], [ 110.32989180200002, -7.101110711999979, 0.0 ], [ 110.32987627, -7.101109655000016, 0.0 ], [ 110.329693111999973, -7.101209929, 0.0 ], [ 110.329671113000018, -7.101221973, 0.0 ], [ 110.329654318999985, -7.10123116699998, 0.0 ], [ 110.32955819, -7.101283793999983, 0.0 ], [ 110.329511380999975, -7.101383602999988, 0.0 ], [ 110.329416754000022, -7.101585372999978, 0.0 ], [ 110.32936922, -7.101686729, 0.0 ], [ 110.329341823, -7.101745146999974, 0.0 ], [ 110.329283170999986, -7.101870209000026, 0.0 ], [ 110.329229554, -7.101984534999985, 0.0 ], [ 110.329223437999985, -7.101997575999974, 0.0 ], [ 110.329130228, -7.102063037, 0.0 ], [ 110.329004585, -7.102151274999983, 0.0 ], [ 110.328921179000019, -7.102219354999988, 0.0 ], [ 110.327951805999987, -7.102217951, 0.0 ], [ 110.326862419, -7.10219271699998, 0.0 ], [ 110.326763316999973, -7.102195189999975, 0.0 ], [ 110.325190838000026, -7.102234435000014, 0.0 ], [ 110.324637618999986, -7.101785987000028, 0.0 ], [ 110.324494825999977, -7.101714415, 0.0 ], [ 110.324431077999975, -7.101682462999975, 0.0 ], [ 110.324200578999978, -7.101654336000024, 0.0 ], [ 110.323989798000014, -7.101733432, 0.0 ], [ 110.323811541999987, -7.101925513000026, 0.0 ], [ 110.3236407, -7.102109606, 0.0 ], [ 110.323555449000025, -7.102165088, 0.0 ], [ 110.32334894600001, -7.102299480999989, 0.0 ] ] ] ] } },
{ "type": "Feature", "properties": { "KDCPUM": "33.74.01", "NAMOBJ": "Semarang Tengah", "kec_id": "kec_12" }, "geometry": { "type": "MultiPolygon", "coordinates": [ [ [ [ 110.423691411999982, -6.989517315, 0.0 ], [ 110.423110953, -6.989227148, 0.0 ], [ 110.422998681000024, -6.989190827000016, 0.0 ], [ 110.422897976, -6.989181658, 0.0 ], [ 110.422757924999985, -6.989190532, 0.0 ], [ 110.422651485000017, -6.989244675, 0.0 ], [ 110.422527835999972, -6.989488752999989, 0.0 ], [ 110.422359355000026, -6.989841320999972, 0.0 ], [ 110.422118502999979, -6.98968725200001, 0.0 ], [ 110.421224443000028, -6.989279108, 0.0 ], [ 110.419749089, -6.988571741999976, 0.0 ], [ 110.418298059, -6.987873449, 0.0 ], [ 110.417896814000017, -6.987710134, 0.0 ], [ 110.417338587000017, -6.987519490000011, 0.0 ], [ 110.415479737, -6.986947320000013, 0.0 ], [ 110.415053823, -6.986829200999978, 0.0 ], [ 110.414016748999984, -6.986547502, 0.0 ], [ 110.413798999, -6.986474869, 0.0 ], [ 110.413651094999977, -6.986429455, 0.0 ], [ 110.411589320000019, -6.985477108999987, 0.0 ], [ 110.410130804, -6.98481016300002, 0.0 ], [ 110.410084314000017, -6.984728206999989, 0.0 ], [ 110.410037043999978, -6.984617169999979, 0.0 ], [ 110.410036562000016, -6.984613798, 0.0 ], [ 110.410019589, -6.984495341000013, 0.0 ], [ 110.410024473000021, -6.983840304000012, 0.0 ], [ 110.410025952000012, -6.983741507, 0.0 ], [ 110.410030114999984, -6.983661661999975, 0.0 ], [ 110.410015241999986, -6.983639988999983, 0.0 ], [ 110.409910930000024, -6.983652039, 0.0 ], [ 110.409868953, -6.98364116099998, 0.0 ], [ 110.409619928999973, -6.983475734000024, 0.0 ], [ 110.409555075000014, -6.983345725999982, 0.0 ], [ 110.409526660999973, -6.983321330000024, 0.0 ], [ 110.40951391599998, -6.983327676999977, 0.0 ], [ 110.40949684200001, -6.983336179, 0.0 ], [ 110.409455336, -6.983457294, 0.0 ], [ 110.408553730999984, -6.984087093000028, 0.0 ], [ 110.408537602000024, -6.984098361, 0.0 ], [ 110.40841797600001, -6.984044442000027, 0.0 ], [ 110.408317303999979, -6.983999066000024, 0.0 ], [ 110.408194259000027, -6.983943596000017, 0.0 ], [ 110.408174411, -6.983934649, 0.0 ], [ 110.408132893000015, -6.983915935000027, 0.0 ], [ 110.408132693000027, -6.983915844000023, 0.0 ], [ 110.408104981, -6.983903354, 0.0 ], [ 110.408098092999978, -6.983900248, 0.0 ], [ 110.408086911999987, -6.983895207999979, 0.0 ], [ 110.408080949, -6.983892520999973, 0.0 ], [ 110.408077981000019, -6.983891183000026, 0.0 ], [ 110.408061971999985, -6.983883967, 0.0 ], [ 110.408054424, -6.983880565, 0.0 ], [ 110.408050872999979, -6.983878964999974, 0.0 ], [ 110.408037826999987, -6.983873083, 0.0 ], [ 110.408029981000027, -6.983869546, 0.0 ], [ 110.408029915999975, -6.983869517000016, 0.0 ], [ 110.408013886, -6.98386229099998, 0.0 ], [ 110.408005705, -6.983858603999977, 0.0 ], [ 110.407991039000024, -6.983851992999973, 0.0 ], [ 110.40700826, -6.98340899599998, 0.0 ], [ 110.406656812999984, -6.983245735000025, 0.0 ], [ 110.406308165999974, -6.983084157, 0.0 ], [ 110.405565422999985, -6.982739939, 0.0 ], [ 110.403016539000021, -6.981558681000024, 0.0 ], [ 110.402451166, -6.981214236000028, 0.0 ], [ 110.401833206, -6.981068724000011, 0.0 ], [ 110.401818400000025, -6.980028474999983, 0.0 ], [ 110.401426650000019, -6.977522377000014, 0.0 ], [ 110.402410675, -6.97745126, 0.0 ], [ 110.403066226000021, -6.977397817, 0.0 ], [ 110.405151703, -6.97723763099998, 0.0 ], [ 110.406861468999978, -6.977090476, 0.0 ], [ 110.407016230000011, -6.977077157999986, 0.0 ], [ 110.407551050999984, -6.976969283000017, 0.0 ], [ 110.408037507000017, -6.976852302, 0.0 ], [ 110.408436557000016, -6.976726165, 0.0 ], [ 110.40846316, -6.976717152999981, 0.0 ], [ 110.408930436, -6.976554919000023, 0.0 ], [ 110.409301794999976, -6.976401610999972, 0.0 ], [ 110.40974001, -6.976176021000015, 0.0 ], [ 110.410597564, -6.975661499000012, 0.0 ], [ 110.411660805, -6.974903002000019, 0.0 ], [ 110.412583386999984, -6.974189555, 0.0 ], [ 110.412674582000022, -6.974334397, 0.0 ], [ 110.412790120000011, -6.974470223000026, 0.0 ], [ 110.412891037, -6.974533666000013, 0.0 ], [ 110.412936305000017, -6.974587800999984, 0.0 ], [ 110.413219430000026, -6.974757190999981, 0.0 ], [ 110.413354342, -6.974815635000027, 0.0 ], [ 110.413733262, -6.974055302000011, 0.0 ], [ 110.413908197000012, -6.973974108999982, 0.0 ], [ 110.41490574300002, -6.973486888000025, 0.0 ], [ 110.414928385999985, -6.973477871999989, 0.0 ], [ 110.417380579999985, -6.972323077, 0.0 ], [ 110.41988660200002, -6.971095970000022, 0.0 ], [ 110.420749659000023, -6.970677957000021, 0.0 ], [ 110.421588281000027, -6.970271777999983, 0.0 ], [ 110.421656340000027, -6.970238814000027, 0.0 ], [ 110.422287274999974, -6.969950128999983, 0.0 ], [ 110.422356902, -6.969923078000022, 0.0 ], [ 110.42255048200002, -6.969859996000025, 0.0 ], [ 110.423196199000017, -6.96974319200001, 0.0 ], [ 110.423626586000012, -6.969662308000011, 0.0 ], [ 110.423810812999989, -6.969662533000019, 0.0 ], [ 110.423856683999986, -6.969662589999984, 0.0 ], [ 110.424634019999985, -6.968920486, 0.0 ], [ 110.424723589, -6.969006404000027, 0.0 ], [ 110.424794350000013, -6.969107452, 0.0 ], [ 110.425092154000026, -6.968840157999978, 0.0 ], [ 110.425200048000022, -6.968750624999984, 0.0 ], [ 110.42546487300001, -6.968723809999972, 0.0 ], [ 110.426110568000013, -6.968625094, 0.0 ], [ 110.426607150999985, -6.968544286999986, 0.0 ], [ 110.427103746, -6.968454434000023, 0.0 ], [ 110.427749351999978, -6.968428078999978, 0.0 ], [ 110.428395001000013, -6.968365543, 0.0 ], [ 110.4287261, -6.968275487000028, 0.0 ], [ 110.429206373999989, -6.968113248, 0.0 ], [ 110.429802517999974, -6.967815464000012, 0.0 ], [ 110.430249812999989, -6.967553683, 0.0 ], [ 110.430614140999978, -6.967355119999979, 0.0 ], [ 110.430941463000011, -6.967160483999976, 0.0 ], [ 110.430959628999972, -6.967149682000013, 0.0 ], [ 110.43101673000001, -6.969445126999972, 0.0 ], [ 110.431032712999979, -6.969797921, 0.0 ], [ 110.431054211, -6.970268315, 0.0 ], [ 110.431114865999973, -6.972285542, 0.0 ], [ 110.431170012999985, -6.974176127000021, 0.0 ], [ 110.431179249000024, -6.974492731, 0.0 ], [ 110.431179483, -6.97449895, 0.0 ], [ 110.431241472000011, -6.97614814100001, 0.0 ], [ 110.431243386, -6.976202415999978, 0.0 ], [ 110.431309883999972, -6.977830692999987, 0.0 ], [ 110.431376480999973, -6.979142377000016, 0.0 ], [ 110.431410341, -6.979685150000023, 0.0 ], [ 110.43151108, -6.981539606000013, 0.0 ], [ 110.431557664000024, -6.983493497999973, 0.0 ], [ 110.431607870999983, -6.985492623000027, 0.0 ], [ 110.431608959000016, -6.985528805, 0.0 ], [ 110.431685259, -6.987238503000015, 0.0 ], [ 110.431786838999983, -6.988866821999977, 0.0 ], [ 110.431861444999981, -6.990106149999974, 0.0 ], [ 110.431918042, -6.991499230999977, 0.0 ], [ 110.431981590000021, -6.993227005, 0.0 ], [ 110.431984033999981, -6.99424915100002, 0.0 ], [ 110.43145447500001, -6.994203285000026, 0.0 ], [ 110.431184369, -6.994139640000014, 0.0 ], [ 110.430711873, -6.993931022000027, 0.0 ], [ 110.430045147999977, -6.993613622, 0.0 ], [ 110.428838671999983, -6.993024199999979, 0.0 ], [ 110.428067055999975, -6.992652398000018, 0.0 ], [ 110.427541996, -6.992398486000013, 0.0 ], [ 110.426774059000024, -6.992026685999974, 0.0 ], [ 110.426673397, -6.991981335, 0.0 ], [ 110.426002946999972, -6.991643614999987, 0.0 ], [ 110.425377325999989, -6.991328478000014, 0.0 ], [ 110.425093177, -6.99118340299998, 0.0 ], [ 110.424657183000022, -6.990974823999977, 0.0 ], [ 110.424376124, -6.990847843999973, 0.0 ], [ 110.423940424000023, -6.990630217999978, 0.0 ], [ 110.423713651000014, -6.990530439999986, 0.0 ], [ 110.424088883000024, -6.989762027999973, 0.0 ], [ 110.423691411999982, -6.989517315, 0.0 ] ] ] ] } },
{ "type": "Feature", "properties": { "KDCPUM": "33.74.12", "NAMOBJ": "Gunungpati", "kec_id": "kec_06" }, "geometry": { "type": "MultiPolygon", "coordinates": [ [ [ [ 110.37811432, -7.104520186, 0.0 ], [ 110.378219494, -7.104011495, 0.0 ], [ 110.378501282, -7.103287766, 0.0 ], [ 110.378632402, -7.102909579000027, 0.0 ], [ 110.378750565000018, -7.102453093, 0.0 ], [ 110.378868711, -7.102009654000028, 0.0 ], [ 110.378894990999981, -7.101892266999982, 0.0 ], [ 110.379130616, -7.101501172999974, 0.0 ], [ 110.379483511999979, -7.101318987000013, 0.0 ], [ 110.379483617, -7.101240705, 0.0 ], [ 110.379288050000014, -7.100979504, 0.0 ], [ 110.379118553000012, -7.100757478999981, 0.0 ], [ 110.378818287, -7.100652701, 0.0 ], [ 110.378583221999975, -7.100626292000015, 0.0 ], [ 110.378452558999982, -7.100665258, 0.0 ], [ 110.378308746000016, -7.100769441000011, 0.0 ], [ 110.378086655, -7.100808285000028, 0.0 ], [ 110.377903710999988, -7.10087327399998, 0.0 ], [ 110.377773205999972, -7.100794817, 0.0 ], [ 110.377642665, -7.100742454, 0.0 ], [ 110.377485843999978, -7.100807479000025, 0.0 ], [ 110.377328794, -7.101042114, 0.0 ], [ 110.377171815, -7.101224560999981, 0.0 ], [ 110.377093519000027, -7.101172268000028, 0.0 ], [ 110.377080633, -7.101041781, 0.0 ], [ 110.377080896, -7.100846075999982, 0.0 ], [ 110.376983490999976, -7.100434966000023, 0.0 ], [ 110.376905599, -7.100082593000025, 0.0 ], [ 110.376801479, -7.099808467, 0.0 ], [ 110.376618799000028, -7.099677752, 0.0 ], [ 110.376331438000022, -7.099690413000019, 0.0 ], [ 110.376148618, -7.099664072999985, 0.0 ], [ 110.376109681, -7.099481363, 0.0 ], [ 110.375940467000021, -7.099050584999986, 0.0 ], [ 110.375823251999975, -7.098802535, 0.0 ], [ 110.375640678000025, -7.098593537999989, 0.0 ], [ 110.375640942000018, -7.098397834000025, 0.0 ], [ 110.375798167000028, -7.09803273, 0.0 ], [ 110.376033775, -7.097654685, 0.0 ], [ 110.376360793, -7.097289809000017, 0.0 ], [ 110.376439474999984, -7.097055069000021, 0.0 ], [ 110.376374555999973, -7.096767949000025, 0.0 ], [ 110.376218316, -7.096402424000019, 0.0 ], [ 110.376101399999982, -7.095932575, 0.0 ], [ 110.376102103, -7.095410696999977, 0.0 ], [ 110.376180749000014, -7.095202051, 0.0 ], [ 110.376363726000022, -7.095110967999972, 0.0 ], [ 110.376494440999977, -7.095032861999982, 0.0 ], [ 110.376155488, -7.094562715999984, 0.0 ], [ 110.375919969999984, -7.094875527, 0.0 ], [ 110.375632118999988, -7.095253502, 0.0 ], [ 110.375357065, -7.095827198999984, 0.0 ], [ 110.375055906, -7.096387812999978, 0.0 ], [ 110.37490456, -7.096569776000024, 0.0 ], [ 110.374302275, -7.096357478000016, 0.0 ], [ 110.373827139000014, -7.09618924199998, 0.0 ], [ 110.373352078999972, -7.095965141000022, 0.0 ], [ 110.373198152999976, -7.096062696999979, 0.0 ], [ 110.373128020000024, -7.096230198, 0.0 ], [ 110.373029735999978, -7.096537322000017, 0.0 ], [ 110.372993866, -7.097214636999979, 0.0 ], [ 110.37297891999998, -7.097926895, 0.0 ], [ 110.373006089, -7.098513514, 0.0 ], [ 110.372921217999988, -7.099239644000022, 0.0 ], [ 110.372724457, -7.099993555000026, 0.0 ], [ 110.372989668, -7.100315137, 0.0 ], [ 110.373128914, -7.100734312999975, 0.0 ], [ 110.373170329, -7.101125423999974, 0.0 ], [ 110.372942111999976, -7.101939459, 0.0 ], [ 110.372977411000022, -7.102304193, 0.0 ], [ 110.373041022999985, -7.102904938999984, 0.0 ], [ 110.373191139000028, -7.103062458000011, 0.0 ], [ 110.373441289000027, -7.103355975, 0.0 ], [ 110.373677201000021, -7.10359226700001, 0.0 ], [ 110.37371621, -7.103860472, 0.0 ], [ 110.373794189000023, -7.104425483999989, 0.0 ], [ 110.373764897, -7.10491169300002, 0.0 ], [ 110.373671496999975, -7.105161841999973, 0.0 ], [ 110.373363254000026, -7.105476056999976, 0.0 ], [ 110.373008358999982, -7.105879593, 0.0 ], [ 110.372778945999983, -7.106129556999974, 0.0 ], [ 110.372370521, -7.106415033000019, 0.0 ], [ 110.372005105000028, -7.106657663000021, 0.0 ], [ 110.371996900999989, -7.106674426999973, 0.0 ], [ 110.371868714000016, -7.106936356, 0.0 ], [ 110.371682250999982, -7.107186378, 0.0 ], [ 110.371517342, -7.107379224, 0.0 ], [ 110.371338232000028, -7.107486242, 0.0 ], [ 110.371094723999988, -7.10757172000001, 0.0 ], [ 110.371034060999989, -7.107583458000022, 0.0 ], [ 110.37075742899998, -7.107223633999979, 0.0 ], [ 110.370562913000015, -7.106920942999977, 0.0 ], [ 110.370297717000028, -7.106746583000017, 0.0 ], [ 110.370148422, -7.106738093999979, 0.0 ], [ 110.369974074000027, -7.106853856999976, 0.0 ], [ 110.36982459799998, -7.106977938999989, 0.0 ], [ 110.369633491, -7.107217965000018, 0.0 ], [ 110.369575167999983, -7.107408455999973, 0.0 ], [ 110.369583293, -7.107532752999987, 0.0 ], [ 110.369690922000018, -7.107682042000022, 0.0 ], [ 110.369657528, -7.107839424000019, 0.0 ], [ 110.369553087999975, -7.108014149999974, 0.0 ], [ 110.369449684000017, -7.108187140999974, 0.0 ], [ 110.369258576, -7.108427166000013, 0.0 ], [ 110.369026038000015, -7.108633992000023, 0.0 ], [ 110.369025812000018, -7.108799705000024, 0.0 ], [ 110.369033564, -7.109197429, 0.0 ], [ 110.368933868, -7.109313293000014, 0.0 ], [ 110.368801105999978, -7.109346255, 0.0 ], [ 110.368602007, -7.109362555000018, 0.0 ], [ 110.368361490999973, -7.10933737, 0.0 ], [ 110.368179096, -7.109270836, 0.0 ], [ 110.368146063999973, -7.109163077, 0.0 ], [ 110.36814621100001, -7.109055362999982, 0.0 ], [ 110.368221011, -7.108947751000017, 0.0 ], [ 110.368287494000015, -7.108856699, 0.0 ], [ 110.36837893, -7.108715967000023, 0.0 ], [ 110.368486989000019, -7.108550401, 0.0 ], [ 110.368491323, -7.108413692999989, 0.0 ], [ 110.368392057, -7.108214701, 0.0 ], [ 110.368305957000018, -7.108136300000012, 0.0 ], [ 110.368300927, -7.108131720000017, 0.0 ], [ 110.368325936000019, -7.108040610999979, 0.0 ], [ 110.368356737, -7.108036551, 0.0 ], [ 110.368450380000013, -7.108024209, 0.0 ], [ 110.36849199, -7.107924837999974, 0.0 ], [ 110.368525418, -7.107742598000016, 0.0 ], [ 110.368521599000019, -7.107712715, 0.0 ], [ 110.368492590000017, -7.107485697000016, 0.0 ], [ 110.368376553000019, -7.107419252999989, 0.0 ], [ 110.368169126999987, -7.107460399, 0.0 ], [ 110.368028160999984, -7.107427063999978, 0.0 ], [ 110.367870673000027, -7.107343991999983, 0.0 ], [ 110.367688311999984, -7.107252601000027, 0.0 ], [ 110.367398063, -7.10720249100001, 0.0 ], [ 110.367177938999987, -7.10743004699998, 0.0 ], [ 110.366829343, -7.107586998999977, 0.0 ], [ 110.366721374, -7.10768628, 0.0 ], [ 110.366547059000027, -7.107777183999985, 0.0 ], [ 110.366422603, -7.107801871, 0.0 ], [ 110.366289943000027, -7.107760262, 0.0 ], [ 110.366190349000021, -7.107801554, 0.0 ], [ 110.366173521, -7.107975529999976, 0.0 ], [ 110.366057303, -7.108041657, 0.0 ], [ 110.365907917000015, -7.108099451999976, 0.0 ], [ 110.365758643999982, -7.108074391, 0.0 ], [ 110.365543025000022, -7.108040953, 0.0 ], [ 110.365236230999983, -7.107957676000012, 0.0 ], [ 110.364887907000025, -7.107915771000023, 0.0 ], [ 110.364688855, -7.107898927, 0.0 ], [ 110.364664072999972, -7.10782432100001, 0.0 ], [ 110.364697456999977, -7.10767522499998, 0.0 ], [ 110.364797165000027, -7.107551076, 0.0 ], [ 110.364830594000011, -7.107368837000024, 0.0 ], [ 110.36477273600002, -7.10721961500002, 0.0 ], [ 110.364590443999987, -7.107078509000019, 0.0 ], [ 110.364333454000018, -7.106970443000023, 0.0 ], [ 110.364113761999988, -7.106883142000015, 0.0 ], [ 110.364072447000012, -7.106767085, 0.0 ], [ 110.364147328, -7.106601474, 0.0 ], [ 110.364255354000022, -7.106460766, 0.0 ], [ 110.364280466000025, -7.106295085999989, 0.0 ], [ 110.364270354999974, -7.106098039000017, 0.0 ], [ 110.364264309000021, -7.105980208, 0.0 ], [ 110.364098948999981, -7.105590554, 0.0 ], [ 110.363850801000012, -7.10508478700001, 0.0 ], [ 110.36362828, -7.104642855, 0.0 ], [ 110.363482685, -7.104357627000013, 0.0 ], [ 110.363343056000019, -7.104260238999984, 0.0 ], [ 110.363220823, -7.104174983, 0.0 ], [ 110.363048374000016, -7.104115089, 0.0 ], [ 110.362922304, -7.104108286999974, 0.0 ], [ 110.36276958000002, -7.104180992000011, 0.0 ], [ 110.362736201000018, -7.104326774000015, 0.0 ], [ 110.362649762, -7.104452596999977, 0.0 ], [ 110.362483667, -7.104598196999973, 0.0 ], [ 110.362403745, -7.104810201000021, 0.0 ], [ 110.362253785, -7.104922225999985, 0.0 ], [ 110.362244321999981, -7.104929294999977, 0.0 ], [ 110.362011767000013, -7.105147717000023, 0.0 ], [ 110.361892158999979, -7.105266867000012, 0.0 ], [ 110.361785949000023, -7.105293234999976, 0.0 ], [ 110.361666569000022, -7.105246670999975, 0.0 ], [ 110.361580431999982, -7.105153751999978, 0.0 ], [ 110.361578576, -7.105119533, 0.0 ], [ 110.361573960999976, -7.105034429999989, 0.0 ], [ 110.361560863000022, -7.104908469, 0.0 ], [ 110.361434975, -7.104769095999984, 0.0 ], [ 110.361236002, -7.104695908, 0.0 ], [ 110.360890969000025, -7.104675547, 0.0 ], [ 110.360685223000019, -7.104701778, 0.0 ], [ 110.360585685999979, -7.10470164100002, 0.0 ], [ 110.36036668700001, -7.104714596, 0.0 ], [ 110.359775459, -7.104891292, 0.0 ], [ 110.359605511999973, -7.104941965000023, 0.0 ], [ 110.359524702999977, -7.105026699, 0.0 ], [ 110.359499046, -7.105153931000018, 0.0 ], [ 110.359498829000017, -7.105310895, 0.0 ], [ 110.359456223999985, -7.105408408000017, 0.0 ], [ 110.359405231999972, -7.105429549, 0.0 ], [ 110.359341529, -7.105429461000028, 0.0 ], [ 110.359269348999987, -7.105416634, 0.0 ], [ 110.359218439000017, -7.105378384, 0.0 ], [ 110.359146340999985, -7.105306165, 0.0 ], [ 110.359010534, -7.105238101, 0.0 ], [ 110.358836457999985, -7.105203922999976, 0.0 ], [ 110.358679339999981, -7.105190978999985, 0.0 ], [ 110.358462783999983, -7.105165225, 0.0 ], [ 110.358314141999983, -7.105165020000015, 0.0 ], [ 110.358241915, -7.105186130999982, 0.0 ], [ 110.358239748000017, -7.105217945, 0.0 ], [ 110.358218471999976, -7.105247612000028, 0.0 ], [ 110.35821837200001, -7.105319730000019, 0.0 ], [ 110.358205237, -7.105603944, 0.0 ], [ 110.358183508000025, -7.105960263999975, 0.0 ], [ 110.357979586, -7.106010889, 0.0 ], [ 110.357631315, -7.106027375, 0.0 ], [ 110.357334107999975, -7.105971813999986, 0.0 ], [ 110.357098532, -7.105880279000019, 0.0 ], [ 110.356856575999984, -7.105795097999987, 0.0 ], [ 110.356584815000019, -7.105765024999982, 0.0 ], [ 110.35632569400002, -7.105807088, 0.0 ], [ 110.35609634399998, -7.105819495999981, 0.0 ], [ 110.355883939000023, -7.105861624, 0.0 ], [ 110.355679915999985, -7.105984365999973, 0.0 ], [ 110.355512659999988, -7.106070065999972, 0.0 ], [ 110.35539092, -7.106132444000025, 0.0 ], [ 110.355323098999975, -7.106039020000026, 0.0 ], [ 110.355246890999979, -7.105869223000013, 0.0 ], [ 110.355222346, -7.105834945000026, 0.0 ], [ 110.355107014999987, -7.105673884999987, 0.0 ], [ 110.355050544, -7.105586085000027, 0.0 ], [ 110.355009413, -7.105618599000024, 0.0 ], [ 110.354924422000011, -7.105656661000012, 0.0 ], [ 110.354805473, -7.105681950000019, 0.0 ], [ 110.354686577999985, -7.105669057, 0.0 ], [ 110.354610175, -7.105639255000028, 0.0 ], [ 110.354542319000018, -7.105571284, 0.0 ], [ 110.354470263999985, -7.10546936999998, 0.0 ], [ 110.354411062, -7.105286869999986, 0.0 ], [ 110.354424051000024, -7.105108713, 0.0 ], [ 110.354371039, -7.105055611000012, 0.0 ], [ 110.354243827, -7.104915439000024, 0.0 ], [ 110.354078488000027, -7.104707338000026, 0.0 ], [ 110.353972511, -7.104567196, 0.0 ], [ 110.353921714000023, -7.104448342000012, 0.0 ], [ 110.353841047, -7.104431260000013, 0.0 ], [ 110.353777284999978, -7.104473594000012, 0.0 ], [ 110.35370922200002, -7.104554102, 0.0 ], [ 110.353653904999987, -7.104630386, 0.0 ], [ 110.353632652999977, -7.104643082999985, 0.0 ], [ 110.353565598999978, -7.104677181, 0.0 ], [ 110.353473736000012, -7.104723895, 0.0 ], [ 110.353375449, -7.104773876000024, 0.0 ], [ 110.353268738, -7.104691643000024, 0.0 ], [ 110.353211400000021, -7.104560229000015, 0.0 ], [ 110.353178733999982, -7.104415168, 0.0 ], [ 110.35311306, -7.104368562, 0.0 ], [ 110.353076939, -7.104192628000021, 0.0 ], [ 110.352979565999988, -7.104089515999988, 0.0 ], [ 110.35297953700001, -7.104089484999975, 0.0 ], [ 110.352928517, -7.104035457, 0.0 ], [ 110.352877606999982, -7.103997205999974, 0.0 ], [ 110.352877631000013, -7.103980236999973, 0.0 ], [ 110.352881931000013, -7.103942061999987, 0.0 ], [ 110.352916603999972, -7.103904070999988, 0.0 ], [ 110.352924466, -7.103895457000021, 0.0 ], [ 110.352941553999983, -7.103823363, 0.0 ], [ 110.352920367000024, -7.103789394999978, 0.0 ], [ 110.352814271999989, -7.103734096999972, 0.0 ], [ 110.35277699, -7.103608625999982, 0.0 ], [ 110.352861212, -7.103213160999985, 0.0 ], [ 110.352880563999975, -7.10294312000002, 0.0 ], [ 110.352883674, -7.102899728000011, 0.0 ], [ 110.352885430000015, -7.102875229, 0.0 ], [ 110.352879707999989, -7.102721062, 0.0 ], [ 110.352867671000013, -7.102701162000017, 0.0 ], [ 110.352839150000023, -7.102654009, 0.0 ], [ 110.352827779999984, -7.102635212, 0.0 ], [ 110.352761257, -7.102525233, 0.0 ], [ 110.352565759000015, -7.102240358000017, 0.0 ], [ 110.352544717, -7.102209288999973, 0.0 ], [ 110.352500971999973, -7.102144699, 0.0 ], [ 110.352383561000011, -7.101971343, 0.0 ], [ 110.352376771000024, -7.101961317000018, 0.0 ], [ 110.352287679000028, -7.10176314, 0.0 ], [ 110.352077722, -7.101296107999985, 0.0 ], [ 110.352038882999977, -7.101193259000013, 0.0 ], [ 110.351883513000018, -7.100781833999974, 0.0 ], [ 110.351844228, -7.100677804999975, 0.0 ], [ 110.351648206, -7.100078280999981, 0.0 ], [ 110.351594057999989, -7.099874457, 0.0 ], [ 110.351564817999986, -7.099764392999987, 0.0 ], [ 110.351529501000016, -7.099631454000018, 0.0 ], [ 110.351507852, -7.099549963000015, 0.0 ], [ 110.351379946, -7.099027808000017, 0.0 ], [ 110.351375873, -7.09901118, 0.0 ], [ 110.351358716, -7.098941142, 0.0 ], [ 110.351359528999978, -7.098917024, 0.0 ], [ 110.351359839999986, -7.098907786999973, 0.0 ], [ 110.351378278000027, -7.098360647, 0.0 ], [ 110.351331892000019, -7.098014139999975, 0.0 ], [ 110.351309727, -7.097994785000026, 0.0 ], [ 110.350966740999979, -7.097695279, 0.0 ], [ 110.350923629000022, -7.097628826, 0.0 ], [ 110.350845138000011, -7.097507843000017, 0.0 ], [ 110.350750487000028, -7.097118679, 0.0 ], [ 110.350750700999981, -7.096966152999983, 0.0 ], [ 110.350751050999975, -7.096716059000016, 0.0 ], [ 110.350666946, -7.096528676, 0.0 ], [ 110.350663286999975, -7.096526095, 0.0 ], [ 110.35035631400001, -7.096309527000017, 0.0 ], [ 110.350002030999974, -7.096059582, 0.0 ], [ 110.349852477000013, -7.095750384999974, 0.0 ], [ 110.349822229999972, -7.095555236, 0.0 ], [ 110.349816311999973, -7.095517055000016, 0.0 ], [ 110.349814198, -7.095503415999985, 0.0 ], [ 110.34980602600001, -7.095450695000011, 0.0 ], [ 110.349766962, -7.09516841300001, 0.0 ], [ 110.349759757000015, -7.095116352, 0.0 ], [ 110.349604867999972, -7.094847319999985, 0.0 ], [ 110.349320553999974, -7.094603956000014, 0.0 ], [ 110.34891724900001, -7.094144814, 0.0 ], [ 110.348798667999972, -7.094003562000012, 0.0 ], [ 110.348628123000026, -7.093827558999976, 0.0 ], [ 110.348360619, -7.093216472, 0.0 ], [ 110.348332696, -7.093002985, 0.0 ], [ 110.34830523, -7.092955551999978, 0.0 ], [ 110.348304057, -7.092938076999985, 0.0 ], [ 110.348288103000016, -7.09270049600002, 0.0 ], [ 110.348284214999978, -7.092642591000015, 0.0 ], [ 110.348269257000027, -7.09253429, 0.0 ], [ 110.34826576, -7.092528449999975, 0.0 ], [ 110.348121283000012, -7.092287168999974, 0.0 ], [ 110.347959418000016, -7.091767240000024, 0.0 ], [ 110.347946574, -7.091743715, 0.0 ], [ 110.347771292, -7.091422673000011, 0.0 ], [ 110.347704494000027, -7.091225166000015, 0.0 ], [ 110.347624318999976, -7.090988109000023, 0.0 ], [ 110.347501486999988, -7.090700718, 0.0 ], [ 110.347509248, -7.090572015000021, 0.0 ], [ 110.347510539999973, -7.090550590000021, 0.0 ], [ 110.347515507000026, -7.09046822800002, 0.0 ], [ 110.347562445, -7.090132702, 0.0 ], [ 110.347575446, -7.090039764999972, 0.0 ], [ 110.347626368000022, -7.08965370300001, 0.0 ], [ 110.347702675, -7.089438046999987, 0.0 ], [ 110.347703153, -7.089436697, 0.0 ], [ 110.347796045, -7.089215694000018, 0.0 ], [ 110.347900883000023, -7.089087181000025, 0.0 ], [ 110.348021765999988, -7.08899889700001, 0.0 ], [ 110.348098325000024, -7.088942714999973, 0.0 ], [ 110.348199065000017, -7.088866465000024, 0.0 ], [ 110.34825956200001, -7.088782116, 0.0 ], [ 110.348255638000012, -7.088709740000013, 0.0 ], [ 110.348155136, -7.088617124999985, 0.0 ], [ 110.348154236000028, -7.088616272000024, 0.0 ], [ 110.348152342, -7.088614480999979, 0.0 ], [ 110.347762855999974, -7.088246044000016, 0.0 ], [ 110.347581633, -7.088081537, 0.0 ], [ 110.347298629000022, -7.087712985, 0.0 ], [ 110.347089499999981, -7.087231259000021, 0.0 ], [ 110.346953712000015, -7.087015839, 0.0 ], [ 110.346914211000012, -7.08687985, 0.0 ], [ 110.346916955999973, -7.086773586999982, 0.0 ], [ 110.346917115999986, -7.086767399, 0.0 ], [ 110.346917226000016, -7.086763135000012, 0.0 ], [ 110.346920209000018, -7.086647637999988, 0.0 ], [ 110.346997500999976, -7.086310731000026, 0.0 ], [ 110.346984356, -7.086141390000023, 0.0 ], [ 110.346975466, -7.086119097, 0.0 ], [ 110.346952686, -7.086111476999974, 0.0 ], [ 110.346952523000027, -7.086111422999977, 0.0 ], [ 110.346950882999977, -7.086110873999985, 0.0 ], [ 110.346908583000015, -7.086096725, 0.0 ], [ 110.346828303999985, -7.086083244, 0.0 ], [ 110.34674802, -7.08607422, 0.0 ], [ 110.346623148999981, -7.08604730899998, 0.0 ], [ 110.346542984, -7.085953623000023, 0.0 ], [ 110.346533237000017, -7.085813189000021, 0.0 ], [ 110.346533151000017, -7.085811948000014, 0.0 ], [ 110.346522162999975, -7.085653628999978, 0.0 ], [ 110.346521780999979, -7.085648131000028, 0.0 ], [ 110.346483786000022, -7.085100674999978, 0.0 ], [ 110.34647836, -7.085001737000027, 0.0 ], [ 110.34649156, -7.084983546999979, 0.0 ], [ 110.346510868, -7.084956939999984, 0.0 ], [ 110.34651, -7.084949999, 0.0 ], [ 110.346459999, -7.08459, 0.0 ], [ 110.346495991999973, -7.084530014, 0.0 ], [ 110.346517, -7.084494, 0.0 ], [ 110.346517883999979, -7.084493527, 0.0 ], [ 110.34655266599998, -7.084474924, 0.0 ], [ 110.346646, -7.084425, 0.0 ], [ 110.346722582999973, -7.084408651999979, 0.0 ], [ 110.346824, -7.084387, 0.0 ], [ 110.346867816999975, -7.084369373000015, 0.0 ], [ 110.346909999, -7.084359999000014, 0.0 ], [ 110.34697, -7.08426, 0.0 ], [ 110.34697, -7.084256, 0.0 ], [ 110.346971, -7.084147, 0.0 ], [ 110.346915, -7.084033, 0.0 ], [ 110.346834409999985, -7.083954409, 0.0 ], [ 110.346794, -7.083915, 0.0 ], [ 110.346666, -7.083769, 0.0 ], [ 110.346669, -7.083699, 0.0 ], [ 110.34668930700002, -7.083654951000028, 0.0 ], [ 110.346730001000026, -7.083559998999988, 0.0 ], [ 110.346784748, -7.083500690999983, 0.0 ], [ 110.346849999000028, -7.083427, 0.0 ], [ 110.346955375, -7.083324624999989, 0.0 ], [ 110.347131, -7.083154, 0.0 ], [ 110.347203, -7.082941, 0.0 ], [ 110.347182998999983, -7.082772001000023, 0.0 ], [ 110.347111, -7.082608, 0.0 ], [ 110.34701, -7.082526, 0.0 ], [ 110.346853, -7.082472, 0.0 ], [ 110.346062, -7.082229, 0.0 ], [ 110.346011, -7.0822, 0.0 ], [ 110.346033927, -7.082167099, 0.0 ], [ 110.34617, -7.081979998, 0.0 ], [ 110.34637, -7.08153, 0.0 ], [ 110.346499999, -7.081230001, 0.0 ], [ 110.346583604999978, -7.080998478000026, 0.0 ], [ 110.34663, -7.08087, 0.0 ], [ 110.346720001, -7.080489998000019, 0.0 ], [ 110.346708365999973, -7.080373651, 0.0 ], [ 110.3467, -7.080289999, 0.0 ], [ 110.34663, -7.080120001000012, 0.0 ], [ 110.346515216, -7.079997016, 0.0 ], [ 110.346490002, -7.07997, 0.0 ], [ 110.346332435000022, -7.079851825999981, 0.0 ], [ 110.346330001000013, -7.07985, 0.0 ], [ 110.346230000999981, -7.079839999, 0.0 ], [ 110.34601, -7.07992, 0.0 ], [ 110.345719998999982, -7.079999999, 0.0 ], [ 110.34544, -7.08000999799998, 0.0 ], [ 110.345351606, -7.079997371, 0.0 ], [ 110.34523, -7.07998, 0.0 ], [ 110.345140001, -7.07989999900002, 0.0 ], [ 110.345090001000017, -7.079779998999982, 0.0 ], [ 110.345089157000018, -7.079776345000028, 0.0 ], [ 110.345089, -7.079776, 0.0 ], [ 110.345027, -7.07952, 0.0 ], [ 110.345014341000024, -7.079367321, 0.0 ], [ 110.34499, -7.079129997999985, 0.0 ], [ 110.345024282, -7.078872889000024, 0.0 ], [ 110.345047, -7.078686, 0.0 ], [ 110.345139, -7.078492, 0.0 ], [ 110.345139148999976, -7.078491797000027, 0.0 ], [ 110.345461, -7.078054001, 0.0 ], [ 110.345691, -7.077755, 0.0 ], [ 110.345944, -7.077137000999983, 0.0 ], [ 110.345942152000021, -7.077120834000027, 0.0 ], [ 110.345970331, -7.076869932000022, 0.0 ], [ 110.345928562999973, -7.076759185000014, 0.0 ], [ 110.345826841000019, -7.076690236, 0.0 ], [ 110.345623187, -7.076701916, 0.0 ], [ 110.345357845000024, -7.076725617000022, 0.0 ], [ 110.345351627000014, -7.076726171000018, 0.0 ], [ 110.34513, -7.07668, 0.0 ], [ 110.345091815999979, -7.07664818, 0.0 ], [ 110.345005, -7.076582, 0.0 ], [ 110.344927, -7.076393000999985, 0.0 ], [ 110.34489249, -7.076232453999978, 0.0 ], [ 110.344880000999979, -7.076180001000012, 0.0 ], [ 110.344877581999981, -7.076150970000015, 0.0 ], [ 110.34487, -7.07606, 0.0 ], [ 110.34486, -7.07604, 0.0 ], [ 110.34484, -7.076, 0.0 ], [ 110.344758249999984, -7.075779275, 0.0 ], [ 110.344742, -7.075738, 0.0 ], [ 110.344636, -7.075487, 0.0 ], [ 110.344239430000016, -7.074672168, 0.0 ], [ 110.34392, -7.07402, 0.0 ], [ 110.34387067199998, -7.073850874000016, 0.0 ], [ 110.34385, -7.07377999800002, 0.0 ], [ 110.343786607000027, -7.073614201999987, 0.0 ], [ 110.343697657, -7.073158084, 0.0 ], [ 110.343549630999973, -7.072798886999976, 0.0 ], [ 110.343406361, -7.072463630000016, 0.0 ], [ 110.343186334999984, -7.072195275000013, 0.0 ], [ 110.342994938, -7.072013119000019, 0.0 ], [ 110.342702899000017, -7.071845178, 0.0 ], [ 110.342487604999974, -7.071619908, 0.0 ], [ 110.342335580999986, -7.071525853000026, 0.0 ], [ 110.34231, -7.071553, 0.0 ], [ 110.342284856999981, -7.071494471999983, 0.0 ], [ 110.342284178, -7.071494052, 0.0 ], [ 110.34225, -7.071420000999979, 0.0 ], [ 110.342149999000014, -7.071130000999972, 0.0 ], [ 110.342152187000011, -7.071120377999989, 0.0 ], [ 110.342180039000027, -7.070997825, 0.0 ], [ 110.342144420000011, -7.070773407, 0.0 ], [ 110.342060845999981, -7.070578839, 0.0 ], [ 110.341935293, -7.070423098, 0.0 ], [ 110.34163005, -7.070276080999975, 0.0 ], [ 110.341414558, -7.070192012, 0.0 ], [ 110.341125980000015, -7.070072567000011, 0.0 ], [ 110.34106, -7.070029998999985, 0.0 ], [ 110.340996210000014, -7.069972285, 0.0 ], [ 110.34085, -7.069840000999989, 0.0 ], [ 110.34078, -7.06971, 0.0 ], [ 110.340791636, -7.069657641, 0.0 ], [ 110.340796, -7.069626001000017, 0.0 ], [ 110.34079944299998, -7.069622510999977, 0.0 ], [ 110.340800001, -7.069619999, 0.0 ], [ 110.340870000999985, -7.069550000999982, 0.0 ], [ 110.34099, -7.069510001000026, 0.0 ], [ 110.34117, -7.069519999000022, 0.0 ], [ 110.341252307, -7.06955465599998, 0.0 ], [ 110.341358, -7.069595, 0.0 ], [ 110.34159441700001, -7.069690477, 0.0 ], [ 110.34193, -7.069826, 0.0 ], [ 110.3421, -7.069823000999975, 0.0 ], [ 110.342208998999979, -7.069771, 0.0 ], [ 110.342209479000019, -7.069770237, 0.0 ], [ 110.342209998999977, -7.06977, 0.0 ], [ 110.34227, -7.069679999000016, 0.0 ], [ 110.342327037000018, -7.069459999, 0.0 ], [ 110.34234, -7.06941, 0.0 ], [ 110.342341809, -7.069405704000019, 0.0 ], [ 110.342342, -7.069405, 0.0 ], [ 110.34242, -7.069215, 0.0 ], [ 110.342534375000014, -7.068943594000018, 0.0 ], [ 110.34266, -7.06864, 0.0 ], [ 110.342663760999983, -7.068632722000018, 0.0 ], [ 110.342637, -7.068264000999989, 0.0 ], [ 110.342573, -7.068122, 0.0 ], [ 110.342421, -7.067918, 0.0 ], [ 110.341455, -7.066724001000011, 0.0 ], [ 110.341351998999983, -7.06642, 0.0 ], [ 110.341316, -7.066094, 0.0 ], [ 110.34134, -7.065793, 0.0 ], [ 110.341362073000028, -7.065737461000026, 0.0 ], [ 110.3414, -7.065630000999988, 0.0 ], [ 110.341549513000018, -7.065325433999988, 0.0 ], [ 110.341554212, -7.065320605000011, 0.0 ], [ 110.341695365000021, -7.065175548000013, 0.0 ], [ 110.341785507, -7.064960284, 0.0 ], [ 110.341785744999981, -7.064791556999978, 0.0 ], [ 110.34166021599998, -7.064619065999977, 0.0 ], [ 110.341429999000013, -7.064400001000024, 0.0 ], [ 110.341341101000012, -7.064264310999988, 0.0 ], [ 110.341240001000017, -7.064110001000017, 0.0 ], [ 110.34096, -7.063609999, 0.0 ], [ 110.340791185, -7.063333757, 0.0 ], [ 110.34074, -7.063250000999972, 0.0 ], [ 110.340577328, -7.062962602000027, 0.0 ], [ 110.340430224999977, -7.062800848999984, 0.0 ], [ 110.340239882999981, -7.062721601000021, 0.0 ], [ 110.340096104999986, -7.062750118, 0.0 ], [ 110.339901893, -7.062864719, 0.0 ], [ 110.339660993, -7.062961304, 0.0 ], [ 110.339520790999984, -7.063000594000016, 0.0 ], [ 110.339401055999986, -7.063019829999973, 0.0 ], [ 110.339399512, -7.063018371999988, 0.0 ], [ 110.339397, -7.063016001, 0.0 ], [ 110.339388962999976, -7.062983208, 0.0 ], [ 110.33937000100002, -7.062920001, 0.0 ], [ 110.33937000100002, -7.06267, 0.0 ], [ 110.339392606, -7.062511751999978, 0.0 ], [ 110.339395105999984, -7.062503967, 0.0 ], [ 110.339427, -7.062244, 0.0 ], [ 110.339519124, -7.061775633000025, 0.0 ], [ 110.339518543, -7.06176301, 0.0 ], [ 110.339468994000015, -7.061517900000013, 0.0 ], [ 110.339519745000018, -7.061205652000012, 0.0 ], [ 110.339642529, -7.060778629000026, 0.0 ], [ 110.339779635000014, -7.060387526999989, 0.0 ], [ 110.339873545999978, -7.060046621000026, 0.0 ], [ 110.339820078, -7.059741406, 0.0 ], [ 110.339780815999973, -7.059554676, 0.0 ], [ 110.339626699, -7.059270858, 0.0 ], [ 110.339634333999982, -7.058954959, 0.0 ], [ 110.339735236000024, -7.058754067999985, 0.0 ], [ 110.339841875, -7.058616560000019, 0.0 ], [ 110.339846792, -7.058610219, 0.0 ], [ 110.339937403000022, -7.058205138, 0.0 ], [ 110.33999, -7.05797, 0.0 ], [ 110.340104102999987, -7.057610135, 0.0 ], [ 110.340249, -7.057145000999981, 0.0 ], [ 110.340275, -7.057103, 0.0 ], [ 110.340369, -7.056951001000016, 0.0 ], [ 110.340369969, -7.056950051, 0.0 ], [ 110.34037, -7.05695, 0.0 ], [ 110.340370463999989, -7.056949566000014, 0.0 ], [ 110.340520001000016, -7.056809999, 0.0 ], [ 110.340629998999987, -7.056609998999988, 0.0 ], [ 110.340630071000021, -7.056609471, 0.0 ], [ 110.340649494, -7.056465014000025, 0.0 ], [ 110.340702312000019, -7.056383717000017, 0.0 ], [ 110.340779108, -7.056288097, 0.0 ], [ 110.340889380000021, -7.056235602000015, 0.0 ], [ 110.341119428000013, -7.056188060000011, 0.0 ], [ 110.341402034999987, -7.05624111100002, 0.0 ], [ 110.341802084, -7.05637985300001, 0.0 ], [ 110.342095, -7.056386001000021, 0.0 ], [ 110.342227998999988, -7.056322, 0.0 ], [ 110.342379, -7.056186, 0.0 ], [ 110.342474, -7.056031, 0.0 ], [ 110.342488, -7.055919001, 0.0 ], [ 110.34245, -7.055806, 0.0 ], [ 110.342334, -7.055653, 0.0 ], [ 110.34194, -7.055272001, 0.0 ], [ 110.341731, -7.055132, 0.0 ], [ 110.341466, -7.054938, 0.0 ], [ 110.341096999, -7.054539, 0.0 ], [ 110.3409, -7.054264, 0.0 ], [ 110.340755553, -7.054060526, 0.0 ], [ 110.34069, -7.05397, 0.0 ], [ 110.340500578, -7.053648426, 0.0 ], [ 110.340498127999979, -7.053638842, 0.0 ], [ 110.340263, -7.053236, 0.0 ], [ 110.340301, -7.053146, 0.0 ], [ 110.340385, -7.053082, 0.0 ], [ 110.340440122000018, -7.053067455000019, 0.0 ], [ 110.340460001, -7.053059999000027, 0.0 ], [ 110.340497017000018, -7.053052595999986, 0.0 ], [ 110.340508812999985, -7.053050236999979, 0.0 ], [ 110.34051, -7.053050000999974, 0.0 ], [ 110.34067, -7.05307000099998, 0.0 ], [ 110.34087, -7.053159999, 0.0 ], [ 110.341159571, -7.053271372999973, 0.0 ], [ 110.34126, -7.05331, 0.0 ], [ 110.341710001000024, -7.053400001, 0.0 ], [ 110.341764150000017, -7.053369057999987, 0.0 ], [ 110.341854, -7.053327, 0.0 ], [ 110.341911063, -7.05325893700001, 0.0 ], [ 110.34194, -7.05323, 0.0 ], [ 110.34197, -7.053099998999983, 0.0 ], [ 110.341968882, -7.053097482999988, 0.0 ], [ 110.341969, -7.053097, 0.0 ], [ 110.341934, -7.053009, 0.0 ], [ 110.341925425999989, -7.05299566399998, 0.0 ], [ 110.341925, -7.052995, 0.0 ], [ 110.341826, -7.052894001000027, 0.0 ], [ 110.341541, -7.052688, 0.0 ], [ 110.341179, -7.052487000999974, 0.0 ], [ 110.340889362999974, -7.05234679, 0.0 ], [ 110.340879420000022, -7.05234472, 0.0 ], [ 110.34058, -7.0522, 0.0 ], [ 110.340448192999986, -7.052087721000021, 0.0 ], [ 110.340309, -7.051973, 0.0 ], [ 110.340189, -7.051805001, 0.0 ], [ 110.340167925, -7.051738189, 0.0 ], [ 110.34014, -7.05166, 0.0 ], [ 110.34016, -7.05134, 0.0 ], [ 110.340187414000013, -7.051295453000023, 0.0 ], [ 110.340238999, -7.051203, 0.0 ], [ 110.340367, -7.05109, 0.0 ], [ 110.340391982000028, -7.051082149000024, 0.0 ], [ 110.340510000999984, -7.05104, 0.0 ], [ 110.34064, -7.051060001, 0.0 ], [ 110.340697764000026, -7.051084754999977, 0.0 ], [ 110.34071, -7.051089999, 0.0 ], [ 110.340843468, -7.051138533000028, 0.0 ], [ 110.340926, -7.051169, 0.0 ], [ 110.340927653, -7.051169145000017, 0.0 ], [ 110.340930001, -7.051169999000024, 0.0 ], [ 110.340969482999981, -7.051172819999977, 0.0 ], [ 110.341074, -7.051182, 0.0 ], [ 110.341114803999972, -7.051163998, 0.0 ], [ 110.34121, -7.051129999000011, 0.0 ], [ 110.34131, -7.05102, 0.0 ], [ 110.341369999, -7.05087, 0.0 ], [ 110.341376421, -7.050747983, 0.0 ], [ 110.341382, -7.05068, 0.0 ], [ 110.341371636000019, -7.05053780999998, 0.0 ], [ 110.341360001, -7.050340001, 0.0 ], [ 110.341316338000013, -7.050184064, 0.0 ], [ 110.34129, -7.050085001000014, 0.0 ], [ 110.341179, -7.049837, 0.0 ], [ 110.340979999000012, -7.049587, 0.0 ], [ 110.340599575, -7.049187626, 0.0 ], [ 110.340458, -7.049039, 0.0 ], [ 110.339985999000021, -7.048655, 0.0 ], [ 110.339911996000012, -7.048506993, 0.0 ], [ 110.33987, -7.048430000999986, 0.0 ], [ 110.33987, -7.048299999, 0.0 ], [ 110.33993, -7.048189998999987, 0.0 ], [ 110.34004, -7.04812, 0.0 ], [ 110.340047932, -7.048118236999983, 0.0 ], [ 110.340218, -7.048074, 0.0 ], [ 110.340796307, -7.04799406, 0.0 ], [ 110.341360001, -7.047909999000012, 0.0 ], [ 110.34173, -7.04786, 0.0 ], [ 110.341849412999977, -7.047847752999985, 0.0 ], [ 110.342120001000012, -7.047819999000012, 0.0 ], [ 110.342404956999985, -7.047696518, 0.0 ], [ 110.342423999, -7.047689000999981, 0.0 ], [ 110.342694, -7.047531000999982, 0.0 ], [ 110.343240111999989, -7.047138395, 0.0 ], [ 110.34328, -7.04711, 0.0 ], [ 110.343560001000014, -7.046909998999979, 0.0 ], [ 110.343686354, -7.046792359999984, 0.0 ], [ 110.343847999, -7.046644, 0.0 ], [ 110.34454999899998, -7.045589999000015, 0.0 ], [ 110.344781, -7.045098, 0.0 ], [ 110.344975, -7.044323, 0.0 ], [ 110.345017788, -7.044071504999977, 0.0 ], [ 110.34507, -7.043799998999987, 0.0 ], [ 110.34507, -7.04342, 0.0 ], [ 110.34501, -7.043059998999979, 0.0 ], [ 110.344919999000012, -7.04259, 0.0 ], [ 110.34475, -7.041669999000021, 0.0 ], [ 110.344731063999973, -7.041452236, 0.0 ], [ 110.34471000100001, -7.04121, 0.0 ], [ 110.344752952000022, -7.041072553, 0.0 ], [ 110.344758, -7.041055, 0.0 ], [ 110.344758748, -7.041054006000024, 0.0 ], [ 110.34476, -7.041049999, 0.0 ], [ 110.344789546000015, -7.041013067, 0.0 ], [ 110.34484, -7.040946, 0.0 ], [ 110.345006, -7.040809, 0.0 ], [ 110.345086, -7.040805001000024, 0.0 ], [ 110.345162991, -7.04083433, 0.0 ], [ 110.345275, -7.040877, 0.0 ], [ 110.345521, -7.040963, 0.0 ], [ 110.345858341999985, -7.041015078999976, 0.0 ], [ 110.345954026000015, -7.041029849999973, 0.0 ], [ 110.345955, -7.04103, 0.0 ], [ 110.345966933999989, -7.041029373000015, 0.0 ], [ 110.346221, -7.041016, 0.0 ], [ 110.346316031000015, -7.041011270000013, 0.0 ], [ 110.346441998999978, -7.041005, 0.0 ], [ 110.346688, -7.040904, 0.0 ], [ 110.346695313999987, -7.040896456999974, 0.0 ], [ 110.346720001, -7.040880001, 0.0 ], [ 110.346778971999981, -7.040768609999986, 0.0 ], [ 110.346810999000013, -7.040713, 0.0 ], [ 110.346932, -7.04042, 0.0 ], [ 110.34694255, -7.040307056000017, 0.0 ], [ 110.34695, -7.040240000999972, 0.0 ], [ 110.346934374999989, -7.040130625000018, 0.0 ], [ 110.346911, -7.039959, 0.0 ], [ 110.346831160000022, -7.039668893, 0.0 ], [ 110.346780001000013, -7.039480001000015, 0.0 ], [ 110.346695583999974, -7.03925877, 0.0 ], [ 110.346492, -7.038718001, 0.0 ], [ 110.346321199999977, -7.038494934000028, 0.0 ], [ 110.346309, -7.038479, 0.0 ], [ 110.346288352999977, -7.038442117999978, 0.0 ], [ 110.34619, -7.038270001, 0.0 ], [ 110.34618, -7.0382, 0.0 ], [ 110.346156, -7.03806, 0.0 ], [ 110.346166, -7.03801, 0.0 ], [ 110.346198475999984, -7.037858127, 0.0 ], [ 110.3462, -7.037851, 0.0 ], [ 110.346353, -7.037497, 0.0 ], [ 110.346409559, -7.037334558999987, 0.0 ], [ 110.34644, -7.037249998999982, 0.0 ], [ 110.346446263000018, -7.037174849, 0.0 ], [ 110.346459999, -7.03700999900002, 0.0 ], [ 110.3466, -7.036220001, 0.0 ], [ 110.34662, -7.036, 0.0 ], [ 110.346669125, -7.035862450000025, 0.0 ], [ 110.346672, -7.035854, 0.0 ], [ 110.346776, -7.035757, 0.0 ], [ 110.346858097999984, -7.035715373000016, 0.0 ], [ 110.34692, -7.03568, 0.0 ], [ 110.347007279000024, -7.035695869, 0.0 ], [ 110.347033, -7.035699, 0.0 ], [ 110.347095959, -7.035727771999973, 0.0 ], [ 110.34722, -7.035779999, 0.0 ], [ 110.347342345000015, -7.035881067999981, 0.0 ], [ 110.34745, -7.03597, 0.0 ], [ 110.34766, -7.03612, 0.0 ], [ 110.347702016000028, -7.036136995, 0.0 ], [ 110.34855, -7.03648, 0.0 ], [ 110.34885, -7.036570000999973, 0.0 ], [ 110.349000000999979, -7.036670001, 0.0 ], [ 110.349024061000023, -7.036722931999975, 0.0 ], [ 110.349053998999977, -7.036779, 0.0 ], [ 110.349039125, -7.036828940000021, 0.0 ], [ 110.34903, -7.03687, 0.0 ], [ 110.348983125000018, -7.036921563000021, 0.0 ], [ 110.348928, -7.036984001, 0.0 ], [ 110.348479019000024, -7.037441961000013, 0.0 ], [ 110.348478, -7.037443, 0.0 ], [ 110.348387, -7.037617, 0.0 ], [ 110.348395, -7.037742001000026, 0.0 ], [ 110.348468, -7.03786100100001, 0.0 ], [ 110.34858699900002, -7.037941, 0.0 ], [ 110.348807, -7.038021, 0.0 ], [ 110.348859764999986, -7.038028887, 0.0 ], [ 110.349090000999979, -7.03807, 0.0 ], [ 110.349229998999988, -7.03804, 0.0 ], [ 110.34936, -7.03796, 0.0 ], [ 110.349470000999986, -7.037829999, 0.0 ], [ 110.35048, -7.036599998999975, 0.0 ], [ 110.35055, -7.03637, 0.0 ], [ 110.350748781999982, -7.035743837999973, 0.0 ], [ 110.35075, -7.03574, 0.0 ], [ 110.350769999000022, -7.03573, 0.0 ], [ 110.350789999000028, -7.03572, 0.0 ], [ 110.35079132300001, -7.035716094, 0.0 ], [ 110.350793, -7.035711143000015, 0.0 ], [ 110.350900430000024, -7.035393968, 0.0 ], [ 110.351, -7.03509999900001, 0.0 ], [ 110.351090000999989, -7.03482, 0.0 ], [ 110.35135, -7.03421, 0.0 ], [ 110.35135005, -7.034209939999982, 0.0 ], [ 110.351353, -7.034203, 0.0 ], [ 110.351441500000021, -7.034103249999987, 0.0 ], [ 110.35147, -7.03407, 0.0 ], [ 110.351590000999977, -7.033969999000021, 0.0 ], [ 110.351702756, -7.033935546, 0.0 ], [ 110.35195, -7.033860001, 0.0 ], [ 110.352104417000021, -7.033778250000012, 0.0 ], [ 110.352118213999972, -7.033770945000015, 0.0 ], [ 110.35212, -7.03377, 0.0 ], [ 110.35223, -7.03367, 0.0 ], [ 110.35244, -7.03338, 0.0 ], [ 110.352473007000015, -7.033301607999988, 0.0 ], [ 110.35252, -7.033189999, 0.0 ], [ 110.352553651, -7.033098661, 0.0 ], [ 110.352587, -7.032997, 0.0 ], [ 110.352640147999978, -7.032882990000019, 0.0 ], [ 110.352650000999972, -7.032859998999982, 0.0 ], [ 110.352709015000016, -7.032800985, 0.0 ], [ 110.352729, -7.03278, 0.0 ], [ 110.35277411200002, -7.032760225, 0.0 ], [ 110.353020001, -7.03265, 0.0 ], [ 110.353089518, -7.032623630999979, 0.0 ], [ 110.35331, -7.03254, 0.0 ], [ 110.35341, -7.03246, 0.0 ], [ 110.35361, -7.032079999000018, 0.0 ], [ 110.353697163999982, -7.031923104999976, 0.0 ], [ 110.353710001000024, -7.031899999000018, 0.0 ], [ 110.35378, -7.03182, 0.0 ], [ 110.353854819999981, -7.031809312, 0.0 ], [ 110.353919, -7.031796000999975, 0.0 ], [ 110.354061, -7.031827, 0.0 ], [ 110.354139990000021, -7.031914988999972, 0.0 ], [ 110.35422, -7.031999999, 0.0 ], [ 110.35441, -7.032159998999987, 0.0 ], [ 110.354466064, -7.032223296999973, 0.0 ], [ 110.35472, -7.032509999000013, 0.0 ], [ 110.355100000999983, -7.032919999, 0.0 ], [ 110.35545, -7.03328, 0.0 ], [ 110.355604167000024, -7.033317001, 0.0 ], [ 110.3557, -7.033342, 0.0 ], [ 110.356007, -7.033354001000021, 0.0 ], [ 110.356188212, -7.033313548000024, 0.0 ], [ 110.356450000999985, -7.03326, 0.0 ], [ 110.356793632, -7.033096366, 0.0 ], [ 110.35687, -7.03306, 0.0 ], [ 110.357064843999979, -7.032915984, 0.0 ], [ 110.35733000099998, -7.032719999, 0.0 ], [ 110.35756, -7.03252, 0.0 ], [ 110.357680001, -7.03235, 0.0 ], [ 110.35771, -7.03222, 0.0 ], [ 110.357709600000021, -7.032217600000024, 0.0 ], [ 110.357702474, -7.032174842000018, 0.0 ], [ 110.357680001, -7.032039999, 0.0 ], [ 110.357664538999984, -7.03199052399998, 0.0 ], [ 110.35763, -7.031879999000012, 0.0 ], [ 110.357534869, -7.031705594000016, 0.0 ], [ 110.35751, -7.031660000999977, 0.0 ], [ 110.357435409, -7.031573474000027, 0.0 ], [ 110.35726, -7.03137, 0.0 ], [ 110.357069998999975, -7.03115999900001, 0.0 ], [ 110.35693, -7.030929999000023, 0.0 ], [ 110.35692, -7.030820001, 0.0 ], [ 110.35693, -7.03072000100002, 0.0 ], [ 110.357001993999972, -7.030656007, 0.0 ], [ 110.357021, -7.030637, 0.0 ], [ 110.357076006999989, -7.030611997, 0.0 ], [ 110.35716, -7.03057, 0.0 ], [ 110.357195074, -7.030578252999987, 0.0 ], [ 110.35733000099998, -7.03061, 0.0 ], [ 110.3575, -7.03066, 0.0 ], [ 110.35794, -7.030820001, 0.0 ], [ 110.35828, -7.030869999, 0.0 ], [ 110.35846, -7.030860001, 0.0 ], [ 110.358709749000013, -7.030758250000019, 0.0 ], [ 110.358733, -7.030749, 0.0 ], [ 110.358770027, -7.03073236, 0.0 ], [ 110.359316478999972, -7.030491552, 0.0 ], [ 110.359320001000015, -7.030490000999976, 0.0 ], [ 110.35954, -7.030359998999984, 0.0 ], [ 110.359666995999987, -7.030233002999978, 0.0 ], [ 110.359710001, -7.030189999000015, 0.0 ], [ 110.359721665, -7.030176002000019, 0.0 ], [ 110.359760000999984, -7.03013, 0.0 ], [ 110.359779999000011, -7.029980001000013, 0.0 ], [ 110.359799999000018, -7.029799998999977, 0.0 ], [ 110.359810994999975, -7.029747766000014, 0.0 ], [ 110.35984, -7.02961, 0.0 ], [ 110.359842617000027, -7.029606193, 0.0 ], [ 110.359909710000011, -7.029508604, 0.0 ], [ 110.35995, -7.02945, 0.0 ], [ 110.35995247, -7.02944912800001, 0.0 ], [ 110.360035008000011, -7.029419997, 0.0 ], [ 110.360120000999984, -7.02939, 0.0 ], [ 110.360181123000018, -7.029395093, 0.0 ], [ 110.36036, -7.029409999, 0.0 ], [ 110.360544123000011, -7.029374929000028, 0.0 ], [ 110.360569, -7.029371, 0.0 ], [ 110.360570000999985, -7.029369998999982, 0.0 ], [ 110.360668, -7.029272, 0.0 ], [ 110.36067, -7.02927, 0.0 ], [ 110.360686332, -7.029212837999978, 0.0 ], [ 110.36071, -7.02912999900002, 0.0 ], [ 110.360720001, -7.028519999000025, 0.0 ], [ 110.360741528, -7.028213219, 0.0 ], [ 110.360760001000017, -7.02795, 0.0 ], [ 110.36074, -7.0278, 0.0 ], [ 110.360736342999985, -7.027795500000025, 0.0 ], [ 110.36061, -7.02764, 0.0 ], [ 110.360416021999981, -7.027494515, 0.0 ], [ 110.360373024000012, -7.027462268000022, 0.0 ], [ 110.360370000999978, -7.027459998999973, 0.0 ], [ 110.360342032, -7.027407168000025, 0.0 ], [ 110.360275, -7.027288000999988, 0.0 ], [ 110.360308, -7.027135000999976, 0.0 ], [ 110.360406110999975, -7.027019861999975, 0.0 ], [ 110.360430001, -7.026989999000023, 0.0 ], [ 110.360507024000015, -7.026956988999984, 0.0 ], [ 110.360572, -7.026927, 0.0 ], [ 110.360792, -7.026938001000019, 0.0 ], [ 110.361044, -7.027026, 0.0 ], [ 110.361329, -7.027246, 0.0 ], [ 110.361625, -7.027433, 0.0 ], [ 110.361794496000016, -7.027508980999983, 0.0 ], [ 110.361944, -7.027576, 0.0 ], [ 110.362064426000018, -7.027607327, 0.0 ], [ 110.36224, -7.027660001000015, 0.0 ], [ 110.362445310999988, -7.027634335000016, 0.0 ], [ 110.362480001, -7.027629999, 0.0 ], [ 110.362537326999984, -7.027608502000021, 0.0 ], [ 110.36272, -7.02754, 0.0 ], [ 110.362870000999976, -7.02741, 0.0 ], [ 110.362928636999982, -7.027333039999974, 0.0 ], [ 110.36303, -7.027199999, 0.0 ], [ 110.363188263999973, -7.026978429999986, 0.0 ], [ 110.36323, -7.026919998999972, 0.0 ], [ 110.36378, -7.026189999, 0.0 ], [ 110.36391, -7.02596, 0.0 ], [ 110.36394408000001, -7.025897293000014, 0.0 ], [ 110.36416, -7.0255, 0.0 ], [ 110.364269762, -7.025217757, 0.0 ], [ 110.364300001, -7.02514, 0.0 ], [ 110.36444, -7.02427, 0.0 ], [ 110.364440343000012, -7.024262791000012, 0.0 ], [ 110.364459999000019, -7.023849999, 0.0 ], [ 110.364420001999974, -7.02351, 0.0 ], [ 110.364351388999978, -7.023297926, 0.0 ], [ 110.364310000999978, -7.023169999, 0.0 ], [ 110.364203482999983, -7.023030708000022, 0.0 ], [ 110.364179, -7.022998001000019, 0.0 ], [ 110.364011074000018, -7.022935028, 0.0 ], [ 110.36391766700001, -7.022900000999982, 0.0 ], [ 110.363914998999974, -7.022899, 0.0 ], [ 110.363707, -7.022898, 0.0 ], [ 110.363457084, -7.022922993, 0.0 ], [ 110.36338, -7.022929998999984, 0.0 ], [ 110.363354909, -7.022937168999988, 0.0 ], [ 110.36303, -7.023029999000016, 0.0 ], [ 110.362690000999976, -7.02309, 0.0 ], [ 110.36245, -7.023040001000027, 0.0 ], [ 110.362386015000027, -7.022954686, 0.0 ], [ 110.362356, -7.022918, 0.0 ], [ 110.362341112000024, -7.022816109000019, 0.0 ], [ 110.362320001, -7.0227, 0.0 ], [ 110.362345824999977, -7.022612198, 0.0 ], [ 110.362368, -7.022524, 0.0 ], [ 110.362456, -7.022393001000012, 0.0 ], [ 110.362786, -7.022031, 0.0 ], [ 110.362917, -7.021867000999976, 0.0 ], [ 110.363184382999975, -7.021553607999977, 0.0 ], [ 110.363488718999974, -7.021189402, 0.0 ], [ 110.363530001000015, -7.021139999000013, 0.0 ], [ 110.364179611, -7.020372989, 0.0 ], [ 110.36436, -7.020159998999986, 0.0 ], [ 110.364359443000012, -7.020158365999976, 0.0 ], [ 110.364354588000026, -7.020144141, 0.0 ], [ 110.364526744999978, -7.019951440999989, 0.0 ], [ 110.364544877000014, -7.019933374, 0.0 ], [ 110.364575452, -7.019913294, 0.0 ], [ 110.364902249000011, -7.019698678, 0.0 ], [ 110.36504731399998, -7.019545101, 0.0 ], [ 110.365167410000026, -7.019445766, 0.0 ], [ 110.365306176999979, -7.019346454000015, 0.0 ], [ 110.365596053, -7.019229253999981, 0.0 ], [ 110.36585478, -7.019130104999988, 0.0 ], [ 110.366151038999988, -7.019103369, 0.0 ], [ 110.366503845000011, -7.019103844000028, 0.0 ], [ 110.366661411, -7.019122147000019, 0.0 ], [ 110.366831314000024, -7.019221876000017, 0.0 ], [ 110.367039057, -7.019375931000013, 0.0 ], [ 110.367713478999974, -7.019729911000013, 0.0 ], [ 110.368094636000023, -7.019929967, 0.0 ], [ 110.36811030299998, -7.019938189000015, 0.0 ], [ 110.36821820199998, -7.020282060999989, 0.0 ], [ 110.368254477, -7.020444927000028, 0.0 ], [ 110.368281804999981, -7.020641752000017, 0.0 ], [ 110.368290904999981, -7.020707292, 0.0 ], [ 110.368390681999983, -7.020987836000018, 0.0 ], [ 110.368399699, -7.021014985000022, 0.0 ], [ 110.368566344999977, -7.021223252000027, 0.0 ], [ 110.368774667000025, -7.021368259999974, 0.0 ], [ 110.368910140000025, -7.021404624000013, 0.0 ], [ 110.369097979, -7.021422966999978, 0.0 ], [ 110.369567451000023, -7.021351235, 0.0 ], [ 110.369583896, -7.021352841, 0.0 ], [ 110.369846001999974, -7.021482, 0.0 ], [ 110.370504002000018, -7.021812, 0.0 ], [ 110.370666195000013, -7.021884936999982, 0.0 ], [ 110.370719624, -7.021913598000026, 0.0 ], [ 110.371015949000025, -7.022049676, 0.0 ], [ 110.37118955699998, -7.022131318999982, 0.0 ], [ 110.371384975000012, -7.022194899999988, 0.0 ], [ 110.37152217, -7.022213173000011, 0.0 ], [ 110.371703304, -7.022168189000013, 0.0 ], [ 110.371906035999984, -7.022050870999976, 0.0 ], [ 110.372123309000017, -7.02185215999998, 0.0 ], [ 110.372304342, -7.021671493999975, 0.0 ], [ 110.372572328999979, -7.021418582000024, 0.0 ], [ 110.37271006200001, -7.021246904, 0.0 ], [ 110.372833403000016, -7.021048068000027, 0.0 ], [ 110.372949420999987, -7.020822087999989, 0.0 ], [ 110.373018022, -7.02066548900001, 0.0 ], [ 110.37303654599998, -7.020623205, 0.0 ], [ 110.373108909999985, -7.020460484000012, 0.0 ], [ 110.373210367000013, -7.020333983, 0.0 ], [ 110.373362421000024, -7.020243731, 0.0 ], [ 110.373630225999989, -7.020126499000014, 0.0 ], [ 110.373786446999986, -7.020090526999979, 0.0 ], [ 110.373991311, -7.020072707, 0.0 ], [ 110.374185373999978, -7.020091057, 0.0 ], [ 110.374318277999976, -7.020145507999985, 0.0 ], [ 110.374572681000018, -7.020317709999972, 0.0 ], [ 110.374838317000012, -7.020553247, 0.0 ], [ 110.374993169, -7.020698180000011, 0.0 ], [ 110.375125974000014, -7.020824990999984, 0.0 ], [ 110.375148016000026, -7.020841298999983, 0.0 ], [ 110.375272951, -7.020933733999982, 0.0 ], [ 110.375397319, -7.021024351999984, 0.0 ], [ 110.375657333, -7.02123274500002, 0.0 ], [ 110.375917386000026, -7.021413998000014, 0.0 ], [ 110.376217576999977, -7.021622442000023, 0.0 ], [ 110.376582756, -7.021894291000024, 0.0 ], [ 110.376863421, -7.022076492999986, 0.0 ], [ 110.377082, -7.022289, 0.0 ], [ 110.377306, -7.022447, 0.0 ], [ 110.377501, -7.022624, 0.0 ], [ 110.377864, -7.022959001, 0.0 ], [ 110.378188998999974, -7.023183, 0.0 ], [ 110.378384999, -7.023192000999984, 0.0 ], [ 110.378487, -7.023136001000012, 0.0 ], [ 110.378534, -7.023099, 0.0 ], [ 110.378562, -7.022941001, 0.0 ], [ 110.378572, -7.022681, 0.0 ], [ 110.378565356000024, -7.022447731, 0.0 ], [ 110.378563, -7.022365, 0.0 ], [ 110.378563, -7.022216, 0.0 ], [ 110.378564596999979, -7.022208982, 0.0 ], [ 110.378584099000022, -7.021960262999983, 0.0 ], [ 110.37863078700002, -7.02174323600002, 0.0 ], [ 110.378701019, -7.021481011, 0.0 ], [ 110.378778851999982, -7.021245932, 0.0 ], [ 110.378848704, -7.021056069999986, 0.0 ], [ 110.378937525000026, -7.020857190000015, 0.0 ], [ 110.378979141, -7.020810289999986, 0.0 ], [ 110.379073817, -7.020703595999976, 0.0 ], [ 110.379115953999985, -7.020504652999989, 0.0 ], [ 110.379082598000025, -7.020269429, 0.0 ], [ 110.379041143, -7.019952782000018, 0.0 ], [ 110.379024582, -7.01985326, 0.0 ], [ 110.37903325100001, -7.019717591000017, 0.0 ], [ 110.379058611, -7.019581943, 0.0 ], [ 110.37912557300001, -7.019437304, 0.0 ], [ 110.379192925999973, -7.019211257, 0.0 ], [ 110.379344218000028, -7.018840594999972, 0.0 ], [ 110.379445194000027, -7.018433682000023, 0.0 ], [ 110.379504396000016, -7.017954353, 0.0 ], [ 110.379496285000016, -7.017881980000027, 0.0 ], [ 110.379479713000023, -7.017791503000012, 0.0 ], [ 110.379487989999973, -7.01773724100002, 0.0 ], [ 110.379513241999973, -7.017683002000012, 0.0 ], [ 110.379664053, -7.017674155, 0.0 ], [ 110.379898587000014, -7.017683510999973, 0.0 ], [ 110.379990487999976, -7.017719813999975, 0.0 ], [ 110.380132656, -7.017828545999976, 0.0 ], [ 110.38022472199998, -7.017955304999987, 0.0 ], [ 110.380350019, -7.018199697, 0.0 ], [ 110.380375078999975, -7.018290185000012, 0.0 ], [ 110.38068402, -7.018941863, 0.0 ], [ 110.381168871, -7.019648048000022, 0.0 ], [ 110.381385964, -7.020010151, 0.0 ], [ 110.381728923000026, -7.020399558, 0.0 ], [ 110.381988411, -7.020580807999977, 0.0 ], [ 110.382298059999982, -7.02069880800002, 0.0 ], [ 110.382582661000015, -7.020717272000013, 0.0 ], [ 110.382817314000022, -7.020636172000025, 0.0 ], [ 110.38303541800002, -7.020446504, 0.0 ], [ 110.383069103000025, -7.020220414, 0.0 ], [ 110.383094675999985, -7.019921948999979, 0.0 ], [ 110.383095067999989, -7.019623447000015, 0.0 ], [ 110.3831791, -7.019406468, 0.0 ], [ 110.383269321, -7.019216632, 0.0 ], [ 110.383305643000028, -7.01913527, 0.0 ], [ 110.383386713999982, -7.019017786, 0.0 ], [ 110.383457895, -7.018891242999985, 0.0 ], [ 110.383497601999977, -7.01860184200001, 0.0 ], [ 110.383462181000027, -7.018429932, 0.0 ], [ 110.383451572000013, -7.018321373, 0.0 ], [ 110.383473324000022, -7.018131446999973, 0.0 ], [ 110.383505389999982, -7.018059124999979, 0.0 ], [ 110.383587166999973, -7.018050188000018, 0.0 ], [ 110.383681191999983, -7.017977945999974, 0.0 ], [ 110.383789461, -7.017833360999987, 0.0 ], [ 110.383897338999986, -7.017770187, 0.0 ], [ 110.384050473, -7.017716114, 0.0 ], [ 110.384427942, -7.017680428, 0.0 ], [ 110.384496916999979, -7.017725744000018, 0.0 ], [ 110.384556885999984, -7.017734868, 0.0 ], [ 110.385123232000012, -7.017572793999989, 0.0 ], [ 110.3854351, -7.017509883, 0.0 ], [ 110.385896549, -7.017510489000017, 0.0 ], [ 110.386614778000023, -7.017601881000019, 0.0 ], [ 110.387071655, -7.017638659999989, 0.0 ], [ 110.387389841000015, -7.017594014999986, 0.0 ], [ 110.387466, -7.0179, 0.0 ], [ 110.387631, -7.018365, 0.0 ], [ 110.387736, -7.01862, 0.0 ], [ 110.387833, -7.018747001, 0.0 ], [ 110.388035, -7.018913, 0.0 ], [ 110.3882, -7.019033, 0.0 ], [ 110.388644, -7.019313001, 0.0 ], [ 110.38885, -7.019432000999984, 0.0 ], [ 110.38898, -7.019497, 0.0 ], [ 110.389186, -7.019519, 0.0 ], [ 110.389587, -7.019563, 0.0 ], [ 110.389749, -7.019585001, 0.0 ], [ 110.389999, -7.019661, 0.0 ], [ 110.390367, -7.019846, 0.0 ], [ 110.390627, -7.019954, 0.0 ], [ 110.390822, -7.020063, 0.0 ], [ 110.390864998999973, -7.020128, 0.0 ], [ 110.390898, -7.020236, 0.0 ], [ 110.390898, -7.020398, 0.0 ], [ 110.390885998999977, -7.020560000999978, 0.0 ], [ 110.390951, -7.020712, 0.0 ], [ 110.391059999, -7.020885, 0.0 ], [ 110.391157, -7.02094, 0.0 ], [ 110.391309, -7.020961, 0.0 ], [ 110.391461, -7.020929, 0.0 ], [ 110.391916, -7.020822, 0.0 ], [ 110.392252, -7.02067, 0.0 ], [ 110.392578, -7.020509, 0.0 ], [ 110.392903, -7.02026, 0.0 ], [ 110.393055, -7.02013, 0.0 ], [ 110.393142, -7.019979, 0.0 ], [ 110.393262, -7.019784, 0.0 ], [ 110.393392, -7.019655, 0.0 ], [ 110.393587, -7.019525, 0.0 ], [ 110.393707, -7.019482, 0.0 ], [ 110.393848, -7.01946, 0.0 ], [ 110.393966998999986, -7.019493, 0.0 ], [ 110.394183, -7.019677, 0.0 ], [ 110.395114, -7.020653, 0.0 ], [ 110.395667, -7.021227, 0.0 ], [ 110.396078, -7.021695, 0.0 ], [ 110.396386, -7.022105, 0.0 ], [ 110.396591, -7.022339, 0.0 ], [ 110.396737, -7.022559, 0.0 ], [ 110.396883, -7.022852, 0.0 ], [ 110.396971, -7.022926, 0.0 ], [ 110.397191, -7.023087, 0.0 ], [ 110.397381, -7.023146, 0.0 ], [ 110.397645, -7.023175001000027, 0.0 ], [ 110.398246, -7.023176001000024, 0.0 ], [ 110.398437, -7.023191, 0.0 ], [ 110.398642, -7.023235000999989, 0.0 ], [ 110.398965, -7.023353, 0.0 ], [ 110.399199, -7.02347, 0.0 ], [ 110.399287, -7.023543001, 0.0 ], [ 110.399331, -7.023660001, 0.0 ], [ 110.399331, -7.023997, 0.0 ], [ 110.399329998999974, -7.02429, 0.0 ], [ 110.399315, -7.024436, 0.0 ], [ 110.399329998999974, -7.024597001000018, 0.0 ], [ 110.399373, -7.024875, 0.0 ], [ 110.399387999, -7.025022, 0.0 ], [ 110.399344, -7.025139, 0.0 ], [ 110.399241, -7.025402, 0.0 ], [ 110.399226, -7.025505, 0.0 ], [ 110.399255, -7.025593001, 0.0 ], [ 110.399358, -7.025710001, 0.0 ], [ 110.399548, -7.025842, 0.0 ], [ 110.399827, -7.025945001000025, 0.0 ], [ 110.400164, -7.026106, 0.0 ], [ 110.400603, -7.02637, 0.0 ], [ 110.400794, -7.026458, 0.0 ], [ 110.400999, -7.026634, 0.0 ], [ 110.401248, -7.026898001, 0.0 ], [ 110.401438, -7.027147, 0.0 ], [ 110.401672, -7.027499, 0.0 ], [ 110.402001999, -7.027868, 0.0 ], [ 110.402038, -7.027909, 0.0 ], [ 110.402317, -7.028283000999977, 0.0 ], [ 110.402935, -7.028916, 0.0 ], [ 110.403193, -7.029174, 0.0 ], [ 110.403307999, -7.029275, 0.0 ], [ 110.403668, -7.029505, 0.0 ], [ 110.403911999, -7.029721, 0.0 ], [ 110.404113, -7.030023, 0.0 ], [ 110.404184999, -7.030224, 0.0 ], [ 110.404227, -7.030554, 0.0 ], [ 110.404213, -7.030913, 0.0 ], [ 110.404155, -7.031244, 0.0 ], [ 110.404082, -7.031588, 0.0 ], [ 110.403996, -7.031861, 0.0 ], [ 110.403895, -7.032019, 0.0 ], [ 110.403722, -7.032119, 0.0 ], [ 110.403564, -7.032191, 0.0 ], [ 110.40352, -7.032277, 0.0 ], [ 110.40352, -7.032406, 0.0 ], [ 110.403592, -7.03255, 0.0 ], [ 110.403807, -7.032966000999977, 0.0 ], [ 110.404051, -7.033369, 0.0 ], [ 110.404165998999986, -7.033627001000013, 0.0 ], [ 110.40423, -7.03381, 0.0 ], [ 110.404252, -7.033872, 0.0 ], [ 110.404252, -7.03403, 0.0 ], [ 110.404277, -7.034281, 0.0 ], [ 110.404308, -7.034453, 0.0 ], [ 110.404386, -7.034687, 0.0 ], [ 110.404558, -7.034812, 0.0 ], [ 110.404949, -7.035094, 0.0 ], [ 110.405214, -7.035391, 0.0 ], [ 110.405417, -7.035719, 0.0 ], [ 110.405526, -7.035969001000012, 0.0 ], [ 110.405479, -7.036219001, 0.0 ], [ 110.405338, -7.036484, 0.0 ], [ 110.405025, -7.036811, 0.0 ], [ 110.404759, -7.037060000999986, 0.0 ], [ 110.404602, -7.037357, 0.0 ], [ 110.404523, -7.03756, 0.0 ], [ 110.404523, -7.037778, 0.0 ], [ 110.404554, -7.038059, 0.0 ], [ 110.404648, -7.03834, 0.0 ], [ 110.404757, -7.038528, 0.0 ], [ 110.404772, -7.038700001, 0.0 ], [ 110.404725, -7.038871, 0.0 ], [ 110.404568, -7.039152, 0.0 ], [ 110.404412, -7.039417, 0.0 ], [ 110.40427, -7.039729, 0.0 ], [ 110.404223, -7.040057, 0.0 ], [ 110.404238, -7.0404, 0.0 ], [ 110.404285, -7.040775, 0.0 ], [ 110.404355, -7.041117000999975, 0.0 ], [ 110.404482, -7.041402, 0.0 ], [ 110.40464, -7.041607, 0.0 ], [ 110.404703, -7.04175, 0.0 ], [ 110.404671, -7.041845, 0.0 ], [ 110.404575998999974, -7.042003, 0.0 ], [ 110.404575998999974, -7.042082, 0.0 ], [ 110.404591, -7.042208001, 0.0 ], [ 110.404702, -7.042557000999977, 0.0 ], [ 110.404906999, -7.043095, 0.0 ], [ 110.405018, -7.043395, 0.0 ], [ 110.405112, -7.043728000999977, 0.0 ], [ 110.405128, -7.043965001, 0.0 ], [ 110.405143, -7.044519, 0.0 ], [ 110.405126, -7.045436, 0.0 ], [ 110.405125, -7.045863, 0.0 ], [ 110.405125, -7.046211, 0.0 ], [ 110.405156, -7.046433, 0.0 ], [ 110.405267, -7.046686, 0.0 ], [ 110.405489, -7.046971, 0.0 ], [ 110.405742, -7.047256, 0.0 ], [ 110.405932, -7.04743, 0.0 ], [ 110.406042, -7.047557, 0.0 ], [ 110.406139, -7.047703, 0.0 ], [ 110.406224, -7.047873, 0.0 ], [ 110.406241, -7.048111, 0.0 ], [ 110.406207, -7.048417, 0.0 ], [ 110.406109, -7.048827, 0.0 ], [ 110.406052, -7.049063, 0.0 ], [ 110.405933, -7.049606, 0.0 ], [ 110.405864, -7.050082, 0.0 ], [ 110.405846, -7.050354, 0.0 ], [ 110.405862999000021, -7.05049, 0.0 ], [ 110.405914, -7.050643, 0.0 ], [ 110.405982, -7.050745, 0.0 ], [ 110.406118, -7.050898, 0.0 ], [ 110.406237, -7.051085, 0.0 ], [ 110.406322, -7.051256001000013, 0.0 ], [ 110.406373, -7.051443, 0.0 ], [ 110.406458, -7.051664, 0.0 ], [ 110.406525999, -7.051851, 0.0 ], [ 110.406628, -7.051987, 0.0 ], [ 110.406764, -7.052191000999983, 0.0 ], [ 110.406934, -7.052344, 0.0 ], [ 110.406968, -7.052463, 0.0 ], [ 110.406967, -7.052599, 0.0 ], [ 110.406865, -7.052735, 0.0 ], [ 110.406729, -7.052871, 0.0 ], [ 110.406592, -7.052905, 0.0 ], [ 110.40632, -7.052887, 0.0 ], [ 110.406082, -7.05287, 0.0 ], [ 110.405894, -7.052887, 0.0 ], [ 110.405792, -7.053006, 0.0 ], [ 110.405673, -7.053209001000027, 0.0 ], [ 110.405621, -7.053413, 0.0 ], [ 110.405689, -7.0536, 0.0 ], [ 110.405893, -7.053906, 0.0 ], [ 110.406096999, -7.054145001, 0.0 ], [ 110.406232999, -7.054366, 0.0 ], [ 110.406284, -7.054638, 0.0 ], [ 110.406283, -7.05491, 0.0 ], [ 110.406334, -7.055158001, 0.0 ], [ 110.406427999000016, -7.055371001000026, 0.0 ], [ 110.406521, -7.055584001, 0.0 ], [ 110.406561, -7.055798, 0.0 ], [ 110.406547, -7.056104, 0.0 ], [ 110.406533, -7.056357, 0.0 ], [ 110.406493, -7.05661, 0.0 ], [ 110.406493, -7.05677, 0.0 ], [ 110.406519, -7.057116, 0.0 ], [ 110.406544999, -7.057343001, 0.0 ], [ 110.406518, -7.05751600100001, 0.0 ], [ 110.406491, -7.057729, 0.0 ], [ 110.406464, -7.057982, 0.0 ], [ 110.406437, -7.058275, 0.0 ], [ 110.406384, -7.058515, 0.0 ], [ 110.40629, -7.058701, 0.0 ], [ 110.406155999000021, -7.058914, 0.0 ], [ 110.406089, -7.059127, 0.0 ], [ 110.405995, -7.059393, 0.0 ], [ 110.405888, -7.059726, 0.0 ], [ 110.405795, -7.059899, 0.0 ], [ 110.405688, -7.060019, 0.0 ], [ 110.405514, -7.060139, 0.0 ], [ 110.405327, -7.060232, 0.0 ], [ 110.40522, -7.060298, 0.0 ], [ 110.405186, -7.060324001000026, 0.0 ], [ 110.40506, -7.060418, 0.0 ], [ 110.404993, -7.060511, 0.0 ], [ 110.40494, -7.060591, 0.0 ], [ 110.40493, -7.060768, 0.0 ], [ 110.404964, -7.060957, 0.0 ], [ 110.405204, -7.061334, 0.0 ], [ 110.405444, -7.061592001, 0.0 ], [ 110.405598, -7.061763, 0.0 ], [ 110.405649, -7.061917, 0.0 ], [ 110.405752, -7.062140000999989, 0.0 ], [ 110.405939999, -7.062483, 0.0 ], [ 110.40606, -7.062689, 0.0 ], [ 110.406146, -7.062946, 0.0 ], [ 110.406282, -7.063392, 0.0 ], [ 110.406350998999983, -7.063752, 0.0 ], [ 110.406282, -7.063957, 0.0 ], [ 110.406178, -7.064403001000017, 0.0 ], [ 110.405971, -7.065002, 0.0 ], [ 110.405799, -7.065516, 0.0 ], [ 110.405696, -7.06579, 0.0 ], [ 110.405678, -7.066064, 0.0 ], [ 110.405712, -7.066253001, 0.0 ], [ 110.405832, -7.066476, 0.0 ], [ 110.406106, -7.066956001, 0.0 ], [ 110.40614, -7.067127, 0.0 ], [ 110.406071, -7.067264, 0.0 ], [ 110.405745998999976, -7.067533, 0.0 ], [ 110.405510999, -7.067681, 0.0 ], [ 110.405374999, -7.067804, 0.0 ], [ 110.405213, -7.068001, 0.0 ], [ 110.405114, -7.068224000999976, 0.0 ], [ 110.405065, -7.068409, 0.0 ], [ 110.405052, -7.068508, 0.0 ], [ 110.405064, -7.068742, 0.0 ], [ 110.405076, -7.069014, 0.0 ], [ 110.405064, -7.069137, 0.0 ], [ 110.405039, -7.069236000999979, 0.0 ], [ 110.404989, -7.069347, 0.0 ], [ 110.404926999, -7.069458, 0.0 ], [ 110.404778, -7.069767, 0.0 ], [ 110.404729, -7.069903, 0.0 ], [ 110.404704, -7.070001, 0.0 ], [ 110.404728, -7.070113000999982, 0.0 ], [ 110.404789999, -7.070211001000018, 0.0 ], [ 110.404938, -7.070446001, 0.0 ], [ 110.405025, -7.070594, 0.0 ], [ 110.405062, -7.07073, 0.0 ], [ 110.405074, -7.070866, 0.0 ], [ 110.405074, -7.07101400099998, 0.0 ], [ 110.404974, -7.071323001, 0.0 ], [ 110.404750998999987, -7.071706, 0.0 ], [ 110.404696, -7.071791001, 0.0 ], [ 110.404528, -7.072051, 0.0 ], [ 110.404453, -7.072236, 0.0 ], [ 110.404382, -7.072399001, 0.0 ], [ 110.404356, -7.072524, 0.0 ], [ 110.404369, -7.072598, 0.0 ], [ 110.404431, -7.072723, 0.0 ], [ 110.404555, -7.072822, 0.0 ], [ 110.404742, -7.072922001, 0.0 ], [ 110.404953, -7.073046, 0.0 ], [ 110.405276, -7.073183, 0.0 ], [ 110.405549999000016, -7.07332, 0.0 ], [ 110.405736, -7.07342, 0.0 ], [ 110.405873, -7.073531, 0.0 ], [ 110.405985, -7.073743001000025, 0.0 ], [ 110.406047, -7.073917000999984, 0.0 ], [ 110.406034, -7.074078, 0.0 ], [ 110.405984, -7.074227, 0.0 ], [ 110.405884, -7.074388000999988, 0.0 ], [ 110.405747, -7.074488, 0.0 ], [ 110.405623, -7.074525, 0.0 ], [ 110.405287, -7.074599001000024, 0.0 ], [ 110.404925999, -7.07471, 0.0 ], [ 110.404677, -7.074759, 0.0 ], [ 110.404453, -7.074759, 0.0 ], [ 110.404329, -7.074722, 0.0 ], [ 110.404229, -7.074622001000023, 0.0 ], [ 110.404155, -7.074473, 0.0 ], [ 110.404118, -7.074274, 0.0 ], [ 110.404081, -7.074150001000021, 0.0 ], [ 110.40382, -7.074038, 0.0 ], [ 110.403683, -7.074001, 0.0 ], [ 110.403483999, -7.074025, 0.0 ], [ 110.403309, -7.074137, 0.0 ], [ 110.403123, -7.074273, 0.0 ], [ 110.402998, -7.07441, 0.0 ], [ 110.402923, -7.074558, 0.0 ], [ 110.402886, -7.07467, 0.0 ], [ 110.402897999, -7.07477, 0.0 ], [ 110.402997, -7.074869, 0.0 ], [ 110.403258, -7.075043, 0.0 ], [ 110.403607, -7.075267, 0.0 ], [ 110.403805, -7.075404, 0.0 ], [ 110.403954, -7.075566, 0.0 ], [ 110.404004, -7.075752001000012, 0.0 ], [ 110.403979, -7.075876, 0.0 ], [ 110.403867, -7.075963, 0.0 ], [ 110.403605, -7.076087, 0.0 ], [ 110.403257, -7.076198001000023, 0.0 ], [ 110.402846, -7.076322, 0.0 ], [ 110.402523, -7.076445, 0.0 ], [ 110.402286, -7.076594, 0.0 ], [ 110.402087, -7.076793, 0.0 ], [ 110.401987, -7.077004, 0.0 ], [ 110.401999, -7.07719, 0.0 ], [ 110.402073, -7.077401, 0.0 ], [ 110.402185, -7.077501, 0.0 ], [ 110.402409, -7.077613, 0.0 ], [ 110.402571, -7.077601, 0.0 ], [ 110.402807, -7.077514, 0.0 ], [ 110.403131, -7.077291001, 0.0 ], [ 110.403343, -7.077179, 0.0 ], [ 110.403505, -7.07713, 0.0 ], [ 110.403666, -7.077142, 0.0 ], [ 110.403778, -7.077205, 0.0 ], [ 110.40389, -7.077317, 0.0 ], [ 110.403964, -7.077478, 0.0 ], [ 110.404026, -7.07764, 0.0 ], [ 110.404065, -7.077883, 0.0 ], [ 110.404129, -7.078036, 0.0 ], [ 110.404171, -7.078086, 0.0 ], [ 110.404321, -7.078266000999974, 0.0 ], [ 110.40441, -7.07847, 0.0 ], [ 110.404422, -7.078649, 0.0 ], [ 110.404371, -7.078687, 0.0 ], [ 110.404204999, -7.078713000999983, 0.0 ], [ 110.403898, -7.078687, 0.0 ], [ 110.403681, -7.078661, 0.0 ], [ 110.40354, -7.078699, 0.0 ], [ 110.403438, -7.078763, 0.0 ], [ 110.403401, -7.0788, 0.0 ], [ 110.403092, -7.07912, 0.0 ], [ 110.402784, -7.079464, 0.0 ], [ 110.402387, -7.079898, 0.0 ], [ 110.402259, -7.080051, 0.0 ], [ 110.402234, -7.080178000999979, 0.0 ], [ 110.402233, -7.080331, 0.0 ], [ 110.402284, -7.080587001000026, 0.0 ], [ 110.402335, -7.080893, 0.0 ], [ 110.402334, -7.081314, 0.0 ], [ 110.402321, -7.081787, 0.0 ], [ 110.402332999, -7.082029001000024, 0.0 ], [ 110.402359, -7.082157, 0.0 ], [ 110.402409998999985, -7.082195, 0.0 ], [ 110.402551, -7.082208001000026, 0.0 ], [ 110.402922, -7.082132, 0.0 ], [ 110.403331, -7.082018, 0.0 ], [ 110.403560998999978, -7.08198, 0.0 ], [ 110.403702, -7.08198, 0.0 ], [ 110.403881, -7.082031001000018, 0.0 ], [ 110.404021, -7.082133, 0.0 ], [ 110.404136, -7.082287, 0.0 ], [ 110.4042, -7.082593, 0.0 ], [ 110.404238, -7.082721, 0.0 ], [ 110.404275, -7.083012, 0.0 ], [ 110.404289, -7.083418, 0.0 ], [ 110.404273, -7.084042, 0.0 ], [ 110.404229, -7.084317, 0.0 ], [ 110.404084, -7.084607001, 0.0 ], [ 110.403996, -7.084839000999978, 0.0 ], [ 110.403763, -7.085071001000017, 0.0 ], [ 110.403443, -7.085418, 0.0 ], [ 110.403356, -7.085549, 0.0 ], [ 110.403312, -7.085824, 0.0 ], [ 110.403326, -7.085984, 0.0 ], [ 110.403413, -7.086114, 0.0 ], [ 110.403602, -7.086303000999976, 0.0 ], [ 110.403833999000028, -7.086492, 0.0 ], [ 110.404037, -7.086709000999974, 0.0 ], [ 110.404153, -7.086898, 0.0 ], [ 110.404197, -7.087087, 0.0 ], [ 110.404196, -7.087348, 0.0 ], [ 110.404094, -7.087565, 0.0 ], [ 110.403876, -7.087971, 0.0 ], [ 110.403672, -7.088347000999988, 0.0 ], [ 110.403497, -7.088637, 0.0 ], [ 110.403381, -7.08891300099998, 0.0 ], [ 110.403295, -7.089224, 0.0 ], [ 110.403173, -7.089601, 0.0 ], [ 110.403078, -7.089923, 0.0 ], [ 110.403037, -7.090354, 0.0 ], [ 110.40305, -7.090771, 0.0 ], [ 110.403103, -7.091121, 0.0 ], [ 110.403157, -7.091592, 0.0 ], [ 110.403183, -7.091794, 0.0 ], [ 110.403156, -7.091969, 0.0 ], [ 110.403129, -7.092131000999984, 0.0 ], [ 110.403066, -7.092318, 0.0 ], [ 110.402958, -7.092546, 0.0 ], [ 110.402708, -7.092811, 0.0 ], [ 110.402305, -7.093209, 0.0 ], [ 110.401856, -7.0935, 0.0 ], [ 110.401648, -7.093676, 0.0 ], [ 110.401337, -7.093954, 0.0 ], [ 110.40121, -7.094084001, 0.0 ], [ 110.401134, -7.094254, 0.0 ], [ 110.401135, -7.094384, 0.0 ], [ 110.40117, -7.094459, 0.0 ], [ 110.401251, -7.094633, 0.0 ], [ 110.401425, -7.094834, 0.0 ], [ 110.401901, -7.095303, 0.0 ], [ 110.401968, -7.095472, 0.0 ], [ 110.401975, -7.095667, 0.0 ], [ 110.401902, -7.095867, 0.0 ], [ 110.401766, -7.096013001000017, 0.0 ], [ 110.401535, -7.096147, 0.0 ], [ 110.401049, -7.096396, 0.0 ], [ 110.401043, -7.096489, 0.0 ], [ 110.401121, -7.096651, 0.0 ], [ 110.401295, -7.097095, 0.0 ], [ 110.401324, -7.097419001, 0.0 ], [ 110.401281, -7.097743, 0.0 ], [ 110.401182999000014, -7.097917, 0.0 ], [ 110.400965, -7.098249, 0.0 ], [ 110.400986, -7.098386, 0.0 ], [ 110.401021, -7.09860500100001, 0.0 ], [ 110.401169, -7.099095001000023, 0.0 ], [ 110.40122, -7.099426000999983, 0.0 ], [ 110.401171, -7.099609, 0.0 ], [ 110.400985, -7.100063, 0.0 ], [ 110.400674, -7.100522, 0.0 ], [ 110.400193, -7.101115, 0.0 ], [ 110.399068, -7.102899001000026, 0.0 ], [ 110.398995, -7.103279, 0.0 ], [ 110.399128, -7.103866, 0.0 ], [ 110.399374, -7.104376, 0.0 ], [ 110.399376, -7.104589, 0.0 ], [ 110.399319, -7.104742, 0.0 ], [ 110.399204, -7.104837, 0.0 ], [ 110.399107, -7.10482, 0.0 ], [ 110.39893, -7.104718, 0.0 ], [ 110.398217, -7.104264001, 0.0 ], [ 110.398081999, -7.104312, 0.0 ], [ 110.397766, -7.104529, 0.0 ], [ 110.397656, -7.104669, 0.0 ], [ 110.397634, -7.104854, 0.0 ], [ 110.397671999000011, -7.105595, 0.0 ], [ 110.397783, -7.105796, 0.0 ], [ 110.398085, -7.106145, 0.0 ], [ 110.398517, -7.106449, 0.0 ], [ 110.398855, -7.106575, 0.0 ], [ 110.400534, -7.107209001, 0.0 ], [ 110.400821, -7.107408, 0.0 ], [ 110.401067, -7.107677001000013, 0.0 ], [ 110.401503, -7.10827, 0.0 ], [ 110.401615, -7.108619, 0.0 ], [ 110.401688, -7.108862, 0.0 ], [ 110.401863999, -7.109444, 0.0 ], [ 110.401907893999976, -7.10973278199998, 0.0 ], [ 110.401886871999977, -7.109776129000011, 0.0 ], [ 110.401827977999972, -7.109835655999973, 0.0 ], [ 110.40178475, -7.109879348, 0.0 ], [ 110.401284802000021, -7.110384673, 0.0 ], [ 110.401028917000019, -7.11064331, 0.0 ], [ 110.400825031000011, -7.110799762999989, 0.0 ], [ 110.400061404999974, -7.111385738000024, 0.0 ], [ 110.399492666000015, -7.111860778, 0.0 ], [ 110.399492618000011, -7.111860816999979, 0.0 ], [ 110.399414159, -7.111926351000022, 0.0 ], [ 110.398825645999977, -7.112499656000011, 0.0 ], [ 110.398812177000025, -7.11281276699998, 0.0 ], [ 110.398485385000015, -7.113008047999983, 0.0 ], [ 110.398368119999986, -7.112786097000026, 0.0 ], [ 110.398139421999986, -7.112948823000011, 0.0 ], [ 110.398002057999975, -7.113046560999976, 0.0 ], [ 110.397728530999984, -7.11326455699998, 0.0 ], [ 110.397413678000021, -7.113515489, 0.0 ], [ 110.397296267, -7.113865808000014, 0.0 ], [ 110.397295665, -7.113867605, 0.0 ], [ 110.396981831, -7.114141184, 0.0 ], [ 110.396819758, -7.114457205, 0.0 ], [ 110.396667552999986, -7.114753984, 0.0 ], [ 110.39652996, -7.115247539999984, 0.0 ], [ 110.396033207000016, -7.115412031, 0.0 ], [ 110.395824152999978, -7.115463945999977, 0.0 ], [ 110.395524078999983, -7.115202614, 0.0 ], [ 110.395210721000012, -7.115110876000017, 0.0 ], [ 110.395053999000027, -7.115097624999976, 0.0 ], [ 110.39494984800001, -7.114836548000028, 0.0 ], [ 110.394728434, -7.11435352, 0.0 ], [ 110.394898438999974, -7.114197177999984, 0.0 ], [ 110.395091776000015, -7.114275927999984, 0.0 ], [ 110.395316187, -7.114367334, 0.0 ], [ 110.395591433999982, -7.11363706100002, 0.0 ], [ 110.395278658, -7.113101726000025, 0.0 ], [ 110.39495236, -7.112918641000022, 0.0 ], [ 110.394625804999976, -7.112931262000018, 0.0 ], [ 110.394416649999982, -7.113061458, 0.0 ], [ 110.394154992999972, -7.113387290999981, 0.0 ], [ 110.393828231999976, -7.113556475, 0.0 ], [ 110.393462699, -7.113412478999976, 0.0 ], [ 110.393064417, -7.113340199, 0.0 ], [ 110.393059388999973, -7.113339188, 0.0 ], [ 110.392280933, -7.113182607999988, 0.0 ], [ 110.391301509000016, -7.113037804999976, 0.0 ], [ 110.390779238999983, -7.112893601, 0.0 ], [ 110.390753287999985, -7.112763097000027, 0.0 ], [ 110.390792643999987, -7.112632679, 0.0 ], [ 110.39080601500001, -7.112397849999979, 0.0 ], [ 110.390653932000021, -7.112180220000027, 0.0 ], [ 110.390623499000014, -7.112136669999984, 0.0 ], [ 110.390179771000021, -7.111862099, 0.0 ], [ 110.39003206000001, -7.111814966, 0.0 ], [ 110.389970839, -7.111822683000014, 0.0 ], [ 110.389417174000016, -7.112180220000027, 0.0 ], [ 110.389376034, -7.112206786, 0.0 ], [ 110.388813667000022, -7.112754017999976, 0.0 ], [ 110.388172946999987, -7.113288098999988, 0.0 ], [ 110.387650330999975, -7.113404832000015, 0.0 ], [ 110.387323794, -7.113404399999979, 0.0 ], [ 110.387219024999979, -7.11361301300002, 0.0 ], [ 110.387186644999986, -7.113676251000015, 0.0 ], [ 110.387130265999986, -7.113786356, 0.0 ], [ 110.386878544000012, -7.114277959, 0.0 ], [ 110.386420750000013, -7.114760091, 0.0 ], [ 110.386028453, -7.115098793000016, 0.0 ], [ 110.385623424000016, -7.115189585, 0.0 ], [ 110.385231734, -7.115071641999975, 0.0 ], [ 110.384996834999981, -7.114914766000027, 0.0 ], [ 110.384670696, -7.114614252000024, 0.0 ], [ 110.384880114999987, -7.114288355999975, 0.0 ], [ 110.384514271, -7.114379198999984, 0.0 ], [ 110.384370698999987, -7.11430072600001, 0.0 ], [ 110.383992332, -7.113987095000027, 0.0 ], [ 110.38394837300001, -7.113955293, 0.0 ], [ 110.383815872000014, -7.113859435999984, 0.0 ], [ 110.38374332799998, -7.113806953999983, 0.0 ], [ 110.38373132800001, -7.113817137000012, 0.0 ], [ 110.383639811000023, -7.113882250000017, 0.0 ], [ 110.383508918000018, -7.114090827999973, 0.0 ], [ 110.383260732, -7.114103543999988, 0.0 ], [ 110.383234800000025, -7.11395999299998, 0.0 ], [ 110.383352737, -7.113673117000019, 0.0 ], [ 110.383379347000016, -7.113307836999979, 0.0 ], [ 110.383242691000021, -7.112896498, 0.0 ], [ 110.383236244999978, -7.112877095999977, 0.0 ], [ 110.383289031, -7.112472708999974, 0.0 ], [ 110.382995470000026, -7.112230948999979, 0.0 ], [ 110.382773879000013, -7.111891432999982, 0.0 ], [ 110.382551939, -7.111812854999982, 0.0 ], [ 110.382308368, -7.111409665999986, 0.0 ], [ 110.382252188, -7.11131667, 0.0 ], [ 110.382212494999976, -7.111076798999989, 0.0 ], [ 110.382174448, -7.110846875, 0.0 ], [ 110.382206060999977, -7.110451033, 0.0 ], [ 110.382227581999985, -7.11018155, 0.0 ], [ 110.382261151000023, -7.109496628999977, 0.0 ], [ 110.382078709999973, -7.109183257999973, 0.0 ], [ 110.381843885000023, -7.108974193, 0.0 ], [ 110.381569700999989, -7.108895545, 0.0 ], [ 110.381099667, -7.108764447999988, 0.0 ], [ 110.380917, -7.108620686999984, 0.0 ], [ 110.380551369999978, -7.108554964, 0.0 ], [ 110.38038127599998, -7.108776535, 0.0 ], [ 110.380158831000017, -7.109076318, 0.0 ], [ 110.380014841, -7.109310971000014, 0.0 ], [ 110.380066789000011, -7.109532839, 0.0 ], [ 110.379844273, -7.109884809999983, 0.0 ], [ 110.379517406, -7.110132265, 0.0 ], [ 110.379295449999972, -7.110066733, 0.0 ], [ 110.379049141, -7.110109181999974, 0.0 ], [ 110.378994969000019, -7.110118517999979, 0.0 ], [ 110.378498654, -7.110104805999981, 0.0 ], [ 110.378224260000025, -7.110182719000022, 0.0 ], [ 110.378106426999977, -7.11039131299998, 0.0 ], [ 110.377992098999982, -7.110545865, 0.0 ], [ 110.377923233999979, -7.110638959000028, 0.0 ], [ 110.377622312000028, -7.111016916999972, 0.0 ], [ 110.377243267999972, -7.111212111999976, 0.0 ], [ 110.376955566, -7.111472665, 0.0 ], [ 110.376942733000021, -7.111303037000027, 0.0 ], [ 110.377073681000013, -7.111055320999981, 0.0 ], [ 110.377296093999973, -7.110781633999977, 0.0 ], [ 110.37758369, -7.110599362000016, 0.0 ], [ 110.37762922600001, -7.110469154999976, 0.0 ], [ 110.377688584999987, -7.110299423000015, 0.0 ], [ 110.377467068999977, -7.109907716, 0.0 ], [ 110.37714122, -7.109398447, 0.0 ], [ 110.376841547000026, -7.108850071, 0.0 ], [ 110.376809315, -7.108651181000027, 0.0 ], [ 110.376790926000012, -7.108537712999976, 0.0 ], [ 110.376737918, -7.108210629999974, 0.0 ], [ 110.376594437, -7.108066920999988, 0.0 ], [ 110.376294502, -7.107714249000026, 0.0 ], [ 110.376268802000027, -7.107401087000028, 0.0 ], [ 110.376451941000028, -7.107192581999982, 0.0 ], [ 110.376661061999982, -7.107088487999988, 0.0 ], [ 110.376961525000013, -7.107049750999977, 0.0 ], [ 110.37707845, -7.107064068, 0.0 ], [ 110.377117473999988, -7.107068846, 0.0 ], [ 110.377118278000012, -7.107036914999981, 0.0 ], [ 110.377140735000012, -7.106442061, 0.0 ], [ 110.377145367000026, -7.106319368000015, 0.0 ], [ 110.377420426000015, -7.105745669999976, 0.0 ], [ 110.377849267999977, -7.105259983999986, 0.0 ], [ 110.378011513, -7.104865587, 0.0 ], [ 110.378035566999984, -7.104807113999982, 0.0 ], [ 110.378084882, -7.104627441, 0.0 ], [ 110.37811432, -7.104520186, 0.0 ] ] ] ] } },
{ "type": "Feature", "properties": { "KDCPUM": "33.74.02", "NAMOBJ": "Semarang Utara", "kec_id": "kec_14" }, "geometry": { "type": "MultiPolygon", "coordinates": [ [ [ [ 110.402410675, -6.97745126, 0.0 ], [ 110.401426650000019, -6.977522377000014, 0.0 ], [ 110.401347279, -6.976327272999981, 0.0 ], [ 110.401342539999973, -6.976255902999981, 0.0 ], [ 110.401316764, -6.975974405999978, 0.0 ], [ 110.401234327999987, -6.974365256999988, 0.0 ], [ 110.401009913999985, -6.972863421999989, 0.0 ], [ 110.400537424, -6.970230583999978, 0.0 ], [ 110.400532967, -6.970176305, 0.0 ], [ 110.400532919, -6.970176308000021, 0.0 ], [ 110.400409810999975, -6.968692687999976, 0.0 ], [ 110.400379718000011, -6.968330830000014, 0.0 ], [ 110.400168343000018, -6.966367690000027, 0.0 ], [ 110.400060048, -6.965879095999981, 0.0 ], [ 110.399844866000024, -6.964910955, 0.0 ], [ 110.399745581, -6.963789188000021, 0.0 ], [ 110.399742495999988, -6.961319764, 0.0 ], [ 110.399662291000027, -6.960767886999975, 0.0 ], [ 110.399597992, -6.960387895, 0.0 ], [ 110.399501660999988, -6.959835998000017, 0.0 ], [ 110.399426842000025, -6.959275081999976, 0.0 ], [ 110.399361821000014, -6.958795587999987, 0.0 ], [ 110.399029381, -6.957049386999984, 0.0 ], [ 110.398709544999974, -6.956072066, 0.0 ], [ 110.398088255, -6.955012954999972, 0.0 ], [ 110.397748676999981, -6.954433611000013, 0.0 ], [ 110.397163507000016, -6.953446907999989, 0.0 ], [ 110.397043205999978, -6.95314010200002, 0.0 ], [ 110.396496367, -6.951745505000019, 0.0 ], [ 110.396436804000018, -6.951583934999974, 0.0 ], [ 110.396327718, -6.951288026999976, 0.0 ], [ 110.396154679, -6.950818643, 0.0 ], [ 110.396153121999987, -6.950814417, 0.0 ], [ 110.395998460999976, -6.95039488499998, 0.0 ], [ 110.395880251999984, -6.950074229999984, 0.0 ], [ 110.395874666, -6.950059077, 0.0 ], [ 110.395852483999988, -6.949998904999973, 0.0 ], [ 110.395249944, -6.948473917, 0.0 ], [ 110.395848468, -6.948201913, 0.0 ], [ 110.395927154, -6.948166153999978, 0.0 ], [ 110.39593944, -6.948160570000027, 0.0 ], [ 110.396019259000013, -6.948124296, 0.0 ], [ 110.395970439, -6.947919259, 0.0 ], [ 110.395917887, -6.947809099999972, 0.0 ], [ 110.395879638999986, -6.947751612, 0.0 ], [ 110.395791261999989, -6.94756243, 0.0 ], [ 110.395750693000025, -6.94744750000001, 0.0 ], [ 110.395617261999973, -6.947137798000028, 0.0 ], [ 110.395537325000021, -6.946904350000011, 0.0 ], [ 110.395465229000024, -6.946781763, 0.0 ], [ 110.395430975000011, -6.946723521000024, 0.0 ], [ 110.395408280000026, -6.946678018999989, 0.0 ], [ 110.395401619999973, -6.946624225999983, 0.0 ], [ 110.395398796999984, -6.946601422000015, 0.0 ], [ 110.395372953999981, -6.946553231, 0.0 ], [ 110.395296052999981, -6.946409827000025, 0.0 ], [ 110.395272200000022, -6.946333212000013, 0.0 ], [ 110.39523757, -6.946256582, 0.0 ], [ 110.395127757000012, -6.945974034000017, 0.0 ], [ 110.395106267000017, -6.945922549999977, 0.0 ], [ 110.395077613000012, -6.945854305000012, 0.0 ], [ 110.39506567, -6.945829160000017, 0.0 ], [ 110.395008425000015, -6.945643607000022, 0.0 ], [ 110.394993385000021, -6.945586199, 0.0 ], [ 110.39496671500001, -6.9454844, 0.0 ], [ 110.394905951999988, -6.945240206999983, 0.0 ], [ 110.394875672000012, -6.94507139000001, 0.0 ], [ 110.394899413000019, -6.94503018, 0.0 ], [ 110.394913506000023, -6.945005717000015, 0.0 ], [ 110.394952767, -6.944991440000024, 0.0 ], [ 110.395012862999977, -6.944981868000013, 0.0 ], [ 110.395101469999986, -6.944990357, 0.0 ], [ 110.39519365000001, -6.94501440800002, 0.0 ], [ 110.395269040000017, -6.945057583, 0.0 ], [ 110.395308546000024, -6.945067207000022, 0.0 ], [ 110.395467858000018, -6.945036297, 0.0 ], [ 110.395528916999979, -6.945048341000017, 0.0 ], [ 110.39558278200002, -6.945067556000026, 0.0 ], [ 110.395596123000018, -6.945072992, 0.0 ], [ 110.395615066, -6.945077029, 0.0 ], [ 110.395626844, -6.945076315, 0.0 ], [ 110.395638621999979, -6.945071675, 0.0 ], [ 110.395663034999984, -6.945053299, 0.0 ], [ 110.395665034, -6.945035269000016, 0.0 ], [ 110.395671457999981, -6.945022197000014, 0.0 ], [ 110.395691824999972, -6.945015043000012, 0.0 ], [ 110.395716984999979, -6.945005502000015, 0.0 ], [ 110.395782872999973, -6.944987636, 0.0 ], [ 110.395870304000027, -6.944979370999988, 0.0 ], [ 110.395932562999974, -6.944989024, 0.0 ], [ 110.396039127, -6.945002322, 0.0 ], [ 110.396102566000025, -6.945026336000012, 0.0 ], [ 110.396128889000011, -6.945044318999976, 0.0 ], [ 110.396146518000023, -6.945047643, 0.0 ], [ 110.396155083999986, -6.945047166999984, 0.0 ], [ 110.396166982000011, -6.945045739000022, 0.0 ], [ 110.396177836999982, -6.945043511999984, 0.0 ], [ 110.396200755999985, -6.945032444, 0.0 ], [ 110.396221233, -6.945020279, 0.0 ], [ 110.396230512999978, -6.945015044, 0.0 ], [ 110.396240031, -6.94501290300002, 0.0 ], [ 110.396256924999989, -6.945010285000023, 0.0 ], [ 110.396257015, -6.945010261999983, 0.0 ], [ 110.396290599, -6.945011019, 0.0 ], [ 110.396428296000011, -6.945026751, 0.0 ], [ 110.396537276, -6.9450233, 0.0 ], [ 110.396595022999975, -6.945024752, 0.0 ], [ 110.396686632000012, -6.945025941999972, 0.0 ], [ 110.396741954999982, -6.945028916000012, 0.0 ], [ 110.396810316000028, -6.94502245000001, 0.0 ], [ 110.396851025999979, -6.945027289, 0.0 ], [ 110.396888150999985, -6.945026139, 0.0 ], [ 110.396971572999973, -6.945024156999978, 0.0 ], [ 110.397064967, -6.945022967999989, 0.0 ], [ 110.397136052, -6.945018077999976, 0.0 ], [ 110.39718635600002, -6.945012158999987, 0.0 ], [ 110.397229494999976, -6.944990674, 0.0 ], [ 110.397358269, -6.944960322999975, 0.0 ], [ 110.397372043000018, -6.944958546, 0.0 ], [ 110.397385811999982, -6.944960955999989, 0.0 ], [ 110.397396577999984, -6.944969945000025, 0.0 ], [ 110.397424113999989, -6.944975963, 0.0 ], [ 110.397452260000023, -6.944972409, 0.0 ], [ 110.39750316300001, -6.944966491, 0.0 ], [ 110.397516339, -6.944964114000015, 0.0 ], [ 110.397524721000025, -6.944965320999984, 0.0 ], [ 110.397540874000015, -6.944976112, 0.0 ], [ 110.397549245999983, -6.944984498999986, 0.0 ], [ 110.397561821000011, -6.944983318000027, 0.0 ], [ 110.397581611000021, -6.944959410000024, 0.0 ], [ 110.397606187, -6.94493909900001, 0.0 ], [ 110.397654110000019, -6.944921808, 0.0 ], [ 110.397806789000015, -6.944927387, 0.0 ], [ 110.397827746000019, -6.944927413000016, 0.0 ], [ 110.397957858999973, -6.944923625, 0.0 ], [ 110.398095448999982, -6.944915843999979, 0.0 ], [ 110.398101412000017, -6.944913394000025, 0.0 ], [ 110.398107266000011, -6.944910395000022, 0.0 ], [ 110.398114119000013, -6.944907683, 0.0 ], [ 110.398121171000014, -6.944905647999974, 0.0 ], [ 110.398139738, -6.944900884999981, 0.0 ], [ 110.398148118999984, -6.944902690999982, 0.0 ], [ 110.398204373999988, -6.944925497999975, 0.0 ], [ 110.398222331999989, -6.944929709, 0.0 ], [ 110.39824568, -6.944932731, 0.0 ], [ 110.398347471000022, -6.94493286, 0.0 ], [ 110.398444477, -6.94492879500001, 0.0 ], [ 110.39852112, -6.944927695, 0.0 ], [ 110.398661826000023, -6.944932062000021, 0.0 ], [ 110.398689360999981, -6.944938678000028, 0.0 ], [ 110.398783935999973, -6.944962133, 0.0 ], [ 110.398822841000026, -6.944974149000018, 0.0 ], [ 110.398841995999987, -6.944978360999983, 0.0 ], [ 110.398864754999977, -6.944974202000026, 0.0 ], [ 110.398893505, -6.944967057999975, 0.0 ], [ 110.399015078, -6.944949263000012, 0.0 ], [ 110.399136060999979, -6.944924287, 0.0 ], [ 110.399197720000018, -6.944935134, 0.0 ], [ 110.399227060999976, -6.944934573000012, 0.0 ], [ 110.399282357, -6.944936176999988, 0.0 ], [ 110.399351361000015, -6.944933203, 0.0 ], [ 110.399401903000012, -6.944933597999977, 0.0 ], [ 110.399433629999976, -6.944939622, 0.0 ], [ 110.399477941999976, -6.944937284, 0.0 ], [ 110.399576814999989, -6.944913572000019, 0.0 ], [ 110.399667829, -6.944904054, 0.0 ], [ 110.399745635999977, -6.944902322000019, 0.0 ], [ 110.399779777, -6.944893391, 0.0 ], [ 110.39980313, -6.944892224, 0.0 ], [ 110.399845099, -6.944876094999984, 0.0 ], [ 110.399883765000027, -6.944867171999988, 0.0 ], [ 110.399931901, -6.944864264999978, 0.0 ], [ 110.399979201, -6.944866718000014, 0.0 ], [ 110.400030102000017, -6.944862595000018, 0.0 ], [ 110.400078005000012, -6.94486086, 0.0 ], [ 110.400177034000023, -6.944851111, 0.0 ], [ 110.400263289, -6.944845757, 0.0 ], [ 110.400337647000015, -6.944839808999973, 0.0 ], [ 110.400422118, -6.944839214000012, 0.0 ], [ 110.400516702, -6.944839214000012, 0.0 ], [ 110.400598792999972, -6.944837429000017, 0.0 ], [ 110.400695365999979, -6.944837708000023, 0.0 ], [ 110.400738475000026, -6.944839557000023, 0.0 ], [ 110.40082170300002, -6.944840261000024, 0.0 ], [ 110.400901933, -6.944844551000017, 0.0 ], [ 110.400924085999975, -6.944845774999976, 0.0 ], [ 110.401010314000018, -6.944841097999984, 0.0 ], [ 110.40103966800001, -6.944830364999973, 0.0 ], [ 110.401076823999972, -6.944804684000019, 0.0 ], [ 110.401089403000014, -6.944800510999983, 0.0 ], [ 110.401101978999975, -6.944799331000013, 0.0 ], [ 110.401121135999972, -6.944801747999975, 0.0 ], [ 110.401175594, -6.94482575, 0.0 ], [ 110.401197721000017, -6.944847316999983, 0.0 ], [ 110.401249786999983, -6.944868923, 0.0 ], [ 110.401276721999977, -6.944876137, 0.0 ], [ 110.401338394, -6.944877411, 0.0 ], [ 110.401456364000012, -6.944867987, 0.0 ], [ 110.401508471, -6.944856685, 0.0 ], [ 110.401545597, -6.944854937, 0.0 ], [ 110.401638419999983, -6.944856346, 0.0 ], [ 110.401722236000012, -6.944852766, 0.0 ], [ 110.401751205999972, -6.944855394, 0.0 ], [ 110.401776903999973, -6.944862057000023, 0.0 ], [ 110.401798795, -6.944871099000011, 0.0 ], [ 110.401808788999972, -6.944882044, 0.0 ], [ 110.401828548000026, -6.945065903, 0.0 ], [ 110.401832115, -6.945086251000021, 0.0 ], [ 110.401830292999989, -6.945106592, 0.0 ], [ 110.401828412999976, -6.945173002999979, 0.0 ], [ 110.401826955, -6.945175425, 0.0 ], [ 110.401817612, -6.945190938999986, 0.0 ], [ 110.401814573000024, -6.945226835000028, 0.0 ], [ 110.401816939000014, -6.945249574, 0.0 ], [ 110.401831001, -6.945357624, 0.0 ], [ 110.401835439000024, -6.945391724999979, 0.0 ], [ 110.401836629, -6.945513076999987, 0.0 ], [ 110.401845482999988, -6.945595441000023, 0.0 ], [ 110.401856823, -6.945718949000025, 0.0 ], [ 110.401868241999978, -6.945780711, 0.0 ], [ 110.401886812999976, -6.945868329, 0.0 ], [ 110.401898271, -6.945898499, 0.0 ], [ 110.40190829, -6.945930103000023, 0.0 ], [ 110.401908182, -6.946016261000011, 0.0 ], [ 110.401898082, -6.94604784, 0.0 ], [ 110.401895157000013, -6.946088044000021, 0.0 ], [ 110.401893654999981, -6.94613973700001, 0.0 ], [ 110.401865664000013, -6.946210475999976, 0.0 ], [ 110.401856172, -6.946234463999986, 0.0 ], [ 110.401852313, -6.946254056999976, 0.0 ], [ 110.401848858999983, -6.946268642, 0.0 ], [ 110.401824448000013, -6.946320582999988, 0.0 ], [ 110.401797386, -6.94639859199998, 0.0 ], [ 110.401782621, -6.946441151999977, 0.0 ], [ 110.401766776999978, -6.946469852, 0.0 ], [ 110.401753440999983, -6.946482405999973, 0.0 ], [ 110.401740879999977, -6.946494229999985, 0.0 ], [ 110.401739754, -6.946515111999986, 0.0 ], [ 110.401737937, -6.946548794000023, 0.0 ], [ 110.401766496, -6.946692428, 0.0 ], [ 110.401767867999979, -6.94674412400002, 0.0 ], [ 110.401772139, -6.946775721, 0.0 ], [ 110.401769901000023, -6.946785111, 0.0 ], [ 110.401759137, -6.946830272, 0.0 ], [ 110.401753289999988, -6.946907807, 0.0 ], [ 110.401750334999974, -6.946972422999977, 0.0 ], [ 110.401746006999986, -6.946993368, 0.0 ], [ 110.401738766999983, -6.947028411000019, 0.0 ], [ 110.401737227000012, -6.947110259999988, 0.0 ], [ 110.401724205999983, -6.947179170000027, 0.0 ], [ 110.401726992000022, -6.947249537, 0.0 ], [ 110.401741211, -6.947368741, 0.0 ], [ 110.401815568000018, -6.947661773999982, 0.0 ], [ 110.401823987, -6.947822614000017, 0.0 ], [ 110.401846875, -6.947905929, 0.0 ], [ 110.401881279, -6.947973462999983, 0.0 ], [ 110.401937230999977, -6.948046768999973, 0.0 ], [ 110.401937665999981, -6.948049081000022, 0.0 ], [ 110.401947222999979, -6.948099911999975, 0.0 ], [ 110.401958589, -6.94820331699998, 0.0 ], [ 110.401972834, -6.948302416999979, 0.0 ], [ 110.401965580000024, -6.948356975000024, 0.0 ], [ 110.401943979, -6.948392848000026, 0.0 ], [ 110.401939632999984, -6.948420125999974, 0.0 ], [ 110.401935241, -6.94848473899998, 0.0 ], [ 110.401948098, -6.948545066, 0.0 ], [ 110.401988045999985, -6.948597915, 0.0 ], [ 110.402032066, -6.948604457999977, 0.0 ], [ 110.402082033999989, -6.948588992, 0.0 ], [ 110.402122485, -6.948567576000016, 0.0 ], [ 110.402164621999987, -6.948558074, 0.0 ], [ 110.402183160999982, -6.948553893999986, 0.0 ], [ 110.402215284000022, -6.948566387000028, 0.0 ], [ 110.402243242999987, -6.948599699, 0.0 ], [ 110.40227834, -6.948678815999983, 0.0 ], [ 110.402295590999984, -6.948712724000018, 0.0 ], [ 110.402306893, -6.948749604999989, 0.0 ], [ 110.402314828999977, -6.948777843000016, 0.0 ], [ 110.402319682999973, -6.948795112000028, 0.0 ], [ 110.402325631999986, -6.948826938000025, 0.0 ], [ 110.402334554999982, -6.948864711999988, 0.0 ], [ 110.402344965, -6.948912301, 0.0 ], [ 110.402353590000018, -6.948942639, 0.0 ], [ 110.402369652, -6.948979222999981, 0.0 ], [ 110.402394339000011, -6.949015212, 0.0 ], [ 110.402419619999989, -6.949035735, 0.0 ], [ 110.402509445000021, -6.949078566000026, 0.0 ], [ 110.402547218999985, -6.949091652999982, 0.0 ], [ 110.402601054, -6.949109498999974, 0.0 ], [ 110.402679278999983, -6.949133292999988, 0.0 ], [ 110.40271973, -6.949143703, 0.0 ], [ 110.402833349, -6.949178502999985, 0.0 ], [ 110.402913061, -6.949198728, 0.0 ], [ 110.402974035, -6.949209436, 0.0 ], [ 110.403021624000019, -6.949211815000012, 0.0 ], [ 110.403121264, -6.949214195000025, 0.0 ], [ 110.403177776, -6.949215980000019, 0.0 ], [ 110.40322358100002, -6.949218358999985, 0.0 ], [ 110.403266411, -6.949216574, 0.0 ], [ 110.403280092999978, -6.949209732999975, 0.0 ], [ 110.403297641, -6.949199917999977, 0.0 ], [ 110.403322166, -6.949182082, 0.0 ], [ 110.40332708699998, -6.949178502999985, 0.0 ], [ 110.403363969, -6.949150842, 0.0 ], [ 110.403384491999986, -6.949130319, 0.0 ], [ 110.403400256, -6.949108011000021, 0.0 ], [ 110.403407989000016, -6.949093436999988, 0.0 ], [ 110.403416317, -6.949079160999986, 0.0 ], [ 110.403433568000025, -6.949064288999978, 0.0 ], [ 110.403471341999989, -6.949034843, 0.0 ], [ 110.403515957000025, -6.949001531000022, 0.0 ], [ 110.403551054, -6.948972976999983, 0.0 ], [ 110.403586151000013, -6.94894591100001, 0.0 ], [ 110.403604592000022, -6.948926578, 0.0 ], [ 110.403618570999981, -6.948916167, 0.0 ], [ 110.403635249, -6.948906717, 0.0 ], [ 110.403689359999987, -6.94888255799998, 0.0 ], [ 110.403738437000015, -6.948864117000028, 0.0 ], [ 110.403794948999973, -6.948848353000017, 0.0 ], [ 110.403830641000013, -6.948835562999989, 0.0 ], [ 110.403881502, -6.948816825, 0.0 ], [ 110.40390559399998, -6.948809983999979, 0.0 ], [ 110.403925223999977, -6.948806117, 0.0 ], [ 110.403958537, -6.948801656, 0.0 ], [ 110.40399868999998, -6.948802251000018, 0.0 ], [ 110.404044197000019, -6.948801358000026, 0.0 ], [ 110.404104279000023, -6.948801358000026, 0.0 ], [ 110.404182504, -6.948802548, 0.0 ], [ 110.404321702, -6.948811174000014, 0.0 ], [ 110.404387137000015, -6.94881652700002, 0.0 ], [ 110.40451771, -6.948828424999988, 0.0 ], [ 110.404576899, -6.948837347999984, 0.0 ], [ 110.404624878999982, -6.94884539200001, 0.0 ], [ 110.404959925000014, -6.948857425000028, 0.0 ], [ 110.404986166000015, -6.948856085999978, 0.0 ], [ 110.405015612, -6.948854896, 0.0 ], [ 110.405032135, -6.948853164000013, 0.0 ], [ 110.405173778, -6.948821, 0.0 ], [ 110.405243445999986, -6.948813256, 0.0 ], [ 110.405286870999987, -6.94880701, 0.0 ], [ 110.405321669999978, -6.948807605000013, 0.0 ], [ 110.405351371999984, -6.948810631000015, 0.0 ], [ 110.405368367, -6.948812363, 0.0 ], [ 110.405401977, -6.948818906999975, 0.0 ], [ 110.405448079, -6.948827532999985, 0.0 ], [ 110.405489456, -6.948839094999983, 0.0 ], [ 110.405571012999985, -6.948861884999985, 0.0 ], [ 110.405738659, -6.948910865000016, 0.0 ], [ 110.405776731, -6.948924665999982, 0.0 ], [ 110.405893037999988, -6.948954431, 0.0 ], [ 110.405985288000011, -6.948981332000017, 0.0 ], [ 110.406125239, -6.949052847000019, 0.0 ], [ 110.406217283999979, -6.94918579, 0.0 ], [ 110.406248204, -6.949358146, 0.0 ], [ 110.406297170000016, -6.949464708999983, 0.0 ], [ 110.406328202999987, -6.949547317, 0.0 ], [ 110.406339372, -6.949643024000011, 0.0 ], [ 110.406348321999985, -6.949719711, 0.0 ], [ 110.406369736999977, -6.949906737, 0.0 ], [ 110.406381870000018, -6.950059077, 0.0 ], [ 110.406382586, -6.950068064, 0.0 ], [ 110.40638357, -6.950074229999984, 0.0 ], [ 110.406404001, -6.950202266000019, 0.0 ], [ 110.406440948000011, -6.950211753000019, 0.0 ], [ 110.406449651, -6.950212373, 0.0 ], [ 110.406516151, -6.950200240000015, 0.0 ], [ 110.406643587000019, -6.95017698800001, 0.0 ], [ 110.406690931000014, -6.950168350000013, 0.0 ], [ 110.406699657, -6.950166758000023, 0.0 ], [ 110.406699629, -6.950166657000011, 0.0 ], [ 110.406693733999987, -6.95013931699998, 0.0 ], [ 110.406693714000028, -6.950139224999987, 0.0 ], [ 110.406751376999978, -6.950128559, 0.0 ], [ 110.406791017999979, -6.950121226000022, 0.0 ], [ 110.406801308000013, -6.950119323000024, 0.0 ], [ 110.406802692999975, -6.950119067, 0.0 ], [ 110.406802731000028, -6.95011906000002, 0.0 ], [ 110.406803868, -6.950128736000011, 0.0 ], [ 110.406814524000026, -6.950219453999978, 0.0 ], [ 110.406892003, -6.950206083000012, 0.0 ], [ 110.406987344000015, -6.950189629000022, 0.0 ], [ 110.407014979999985, -6.950184859999979, 0.0 ], [ 110.407030667000015, -6.950182127, 0.0 ], [ 110.407023571000025, -6.950140443, 0.0 ], [ 110.407020591, -6.950122915, 0.0 ], [ 110.407016348000013, -6.950098014, 0.0 ], [ 110.407016355999986, -6.950097947000017, 0.0 ], [ 110.407019185000024, -6.950074229999984, 0.0 ], [ 110.407019271000024, -6.950073507000013, 0.0 ], [ 110.40702087, -6.95006010100002, 0.0 ], [ 110.407020992000014, -6.950059077, 0.0 ], [ 110.407022515999984, -6.950046306, 0.0 ], [ 110.407027664999987, -6.950003138999989, 0.0 ], [ 110.407027691999986, -6.950003134999974, 0.0 ], [ 110.407051616999979, -6.950002464000022, 0.0 ], [ 110.407031282999981, -6.949895544000015, 0.0 ], [ 110.407021719999989, -6.949818425999979, 0.0 ], [ 110.407005606999974, -6.949743298999977, 0.0 ], [ 110.406994218000023, -6.949657125999977, 0.0 ], [ 110.407005747000028, -6.949631292, 0.0 ], [ 110.407037399999979, -6.949601176999977, 0.0 ], [ 110.407126582999979, -6.949533797000015, 0.0 ], [ 110.40714815299998, -6.949522335999973, 0.0 ], [ 110.407232823000015, -6.949476243999982, 0.0 ], [ 110.407251997, -6.949463255000012, 0.0 ], [ 110.407321339000021, -6.949416282000016, 0.0 ], [ 110.407392722999987, -6.94936678900001, 0.0 ], [ 110.407439360000012, -6.949324911000019, 0.0 ], [ 110.407463205, -6.94925420300001, 0.0 ], [ 110.407470483999987, -6.949179540999978, 0.0 ], [ 110.407502290000025, -6.949027366999985, 0.0 ], [ 110.407540249000022, -6.948924208999983, 0.0 ], [ 110.407547863, -6.948863295000024, 0.0 ], [ 110.407574452, -6.948780468999985, 0.0 ], [ 110.40760181600001, -6.948733116000028, 0.0 ], [ 110.40763777799998, -6.948704441000018, 0.0 ], [ 110.407749930000023, -6.948655757999973, 0.0 ], [ 110.407988585, -6.94857277, 0.0 ], [ 110.408109342999978, -6.948537021, 0.0 ], [ 110.408171169000013, -6.948511251000014, 0.0 ], [ 110.408228736000012, -6.948443832, 0.0 ], [ 110.408264713999984, -6.948402233000024, 0.0 ], [ 110.408335173000012, -6.948367857999983, 0.0 ], [ 110.408441546, -6.948343578999982, 0.0 ], [ 110.408510535, -6.948335048999979, 0.0 ], [ 110.408557953000013, -6.94833941600001, 0.0 ], [ 110.408609680999973, -6.948343788999978, 0.0 ], [ 110.408639242999982, -6.948347427999977, 0.0 ], [ 110.408680882999988, -6.948329581999985, 0.0 ], [ 110.408700264, -6.94830513, 0.0 ], [ 110.408736800999975, -6.948233214000027, 0.0 ], [ 110.408762975, -6.948172538, 0.0 ], [ 110.408783200000016, -6.948129707000021, 0.0 ], [ 110.408834359000025, -6.94807498, 0.0 ], [ 110.408874809999986, -6.948034528999983, 0.0 ], [ 110.408960470000011, -6.947994078000022, 0.0 ], [ 110.409084391000022, -6.94795953900001, 0.0 ], [ 110.409133248999979, -6.947961035, 0.0 ], [ 110.409264023, -6.947959761999982, 0.0 ], [ 110.409391933, -6.94794987, 0.0 ], [ 110.409495407, -6.947945690999973, 0.0 ], [ 110.409627680000028, -6.947894161000022, 0.0 ], [ 110.409787269, -6.947834048, 0.0 ], [ 110.409924151999974, -6.947719249999977, 0.0 ], [ 110.40997769, -6.947639537999976, 0.0 ], [ 110.410052642999972, -6.947519376, 0.0 ], [ 110.410099816000013, -6.947395584, 0.0 ], [ 110.410110523000014, -6.947294933000023, 0.0 ], [ 110.410101957, -6.947165014, 0.0 ], [ 110.410089821999975, -6.947085777999973, 0.0 ], [ 110.410069121, -6.947014869999975, 0.0 ], [ 110.410053654000023, -6.946992266, 0.0 ], [ 110.410015583000018, -6.946983937000027, 0.0 ], [ 110.409957286, -6.946994645000018, 0.0 ], [ 110.409793103000027, -6.947044614, 0.0 ], [ 110.409649146, -6.947079116, 0.0 ], [ 110.409589659, -6.947094581999977, 0.0 ], [ 110.409548019, -6.947119567000016, 0.0 ], [ 110.409493291, -6.947151689, 0.0 ], [ 110.409419528, -6.947175484000013, 0.0 ], [ 110.409354092, -6.947198088999983, 0.0 ], [ 110.409301744, -6.947225452999987, 0.0 ], [ 110.409261293999975, -6.947258765000015, 0.0 ], [ 110.409175733999973, -6.94731202600002, 0.0 ], [ 110.409126854000021, -6.947327761, 0.0 ], [ 110.409063590000017, -6.947354965999978, 0.0 ], [ 110.409014692000028, -6.947385059999988, 0.0 ], [ 110.40899022100001, -6.947418057, 0.0 ], [ 110.408939809, -6.947509896999975, 0.0 ], [ 110.408892329000025, -6.947555788999978, 0.0 ], [ 110.408833327000025, -6.947621771, 0.0 ], [ 110.408785857999987, -6.947659047, 0.0 ], [ 110.408761450999975, -6.947640348999983, 0.0 ], [ 110.40873992600001, -6.947615910000025, 0.0 ], [ 110.408706887999983, -6.947604381000019, 0.0 ], [ 110.408656588999975, -6.947605754, 0.0 ], [ 110.408622090999984, -6.947612891, 0.0 ], [ 110.40857896, -6.947628633000022, 0.0 ], [ 110.408538704000023, -6.947642943, 0.0 ], [ 110.408488345000023, -6.947693139000023, 0.0 ], [ 110.408410686000025, -6.947738994000019, 0.0 ], [ 110.40834167700001, -6.947763318999989, 0.0 ], [ 110.408297093999977, -6.947790547000011, 0.0 ], [ 110.40817916200001, -6.947865071000024, 0.0 ], [ 110.408110137, -6.947902320000026, 0.0 ], [ 110.408054058, -6.947929532999979, 0.0 ], [ 110.408020969, -6.947958212, 0.0 ], [ 110.407974946000024, -6.947988310000028, 0.0 ], [ 110.407938989, -6.948012676000019, 0.0 ], [ 110.407904437000013, -6.948062892, 0.0 ], [ 110.407887147, -6.94809877, 0.0 ], [ 110.40789141, -6.948137546999988, 0.0 ], [ 110.407876996000027, -6.948171992000027, 0.0 ], [ 110.407845323, -6.948217903999989, 0.0 ], [ 110.407782016, -6.948279572, 0.0 ], [ 110.407760436999979, -6.948298212999987, 0.0 ], [ 110.407723046, -6.948319706, 0.0 ], [ 110.40769715, -6.948342648999983, 0.0 ], [ 110.407664087, -6.948351224000021, 0.0 ], [ 110.407632493999984, -6.948333951999984, 0.0 ], [ 110.40762392900001, -6.948287989999983, 0.0 ], [ 110.407609607999973, -6.948247765000019, 0.0 ], [ 110.407619716, -6.948209006000013, 0.0 ], [ 110.40763846599998, -6.94815446299998, 0.0 ], [ 110.407662949999974, -6.948111413999982, 0.0 ], [ 110.407696058, -6.94806694, 0.0 ], [ 110.40780535, -6.948006765, 0.0 ], [ 110.407864292999989, -6.94798817100002, 0.0 ], [ 110.407918946, -6.947952339999972, 0.0 ], [ 110.408008118999987, -6.947892141000011, 0.0 ], [ 110.408072835999974, -6.947852013999977, 0.0 ], [ 110.408126052, -6.947816181, 0.0 ], [ 110.408254053, -6.947734490000016, 0.0 ], [ 110.408346105000021, -6.947669986, 0.0 ], [ 110.408448207999982, -6.947612674000027, 0.0 ], [ 110.408494233, -6.947581140000011, 0.0 ], [ 110.408553184000027, -6.947555366000017, 0.0 ], [ 110.408788733, -6.947443728999986, 0.0 ], [ 110.408948626999972, -6.947353385999975, 0.0 ], [ 110.409004714, -6.947320429, 0.0 ], [ 110.40912407899998, -6.947248779, 0.0 ], [ 110.409180166999988, -6.947214385, 0.0 ], [ 110.409214686999974, -6.947190017000025, 0.0 ], [ 110.409403585, -6.947099182999978, 0.0 ], [ 110.409609171, -6.947005908, 0.0 ], [ 110.410009490999983, -6.946862378999981, 0.0 ], [ 110.410226497999986, -6.946765297000013, 0.0 ], [ 110.410477769000011, -6.946630143, 0.0 ], [ 110.410564006000016, -6.946579325000016, 0.0 ], [ 110.410637668999982, -6.946535917, 0.0 ], [ 110.411042324, -6.9462747, 0.0 ], [ 110.411166012000024, -6.946193003000019, 0.0 ], [ 110.411299767, -6.946105575, 0.0 ], [ 110.411485328000026, -6.945959335, 0.0 ], [ 110.41161193, -6.94584605, 0.0 ], [ 110.411737456000026, -6.945733086000018, 0.0 ], [ 110.411831682000013, -6.945653137000022, 0.0 ], [ 110.411916922999978, -6.945573592000017, 0.0 ], [ 110.411935632, -6.945552076000013, 0.0 ], [ 110.411971705999974, -6.945505673000014, 0.0 ], [ 110.411985983000022, -6.945450470000026, 0.0 ], [ 110.411984607000022, -6.945378737, 0.0 ], [ 110.411994301999982, -6.945286607000014, 0.0 ], [ 110.411991981000028, -6.945226772000012, 0.0 ], [ 110.411998019, -6.945186093000018, 0.0 ], [ 110.412018467999985, -6.945113123, 0.0 ], [ 110.412053323, -6.945011451000028, 0.0 ], [ 110.412079724000023, -6.94496720799998, 0.0 ], [ 110.412097717999984, -6.9449421, 0.0 ], [ 110.412103752, -6.944905012, 0.0 ], [ 110.412097807, -6.94487030099998, 0.0 ], [ 110.41209068400002, -6.944820032999985, 0.0 ], [ 110.412097341, -6.944709982, 0.0 ], [ 110.412114906999989, -6.944601077000016, 0.0 ], [ 110.412141123000026, -6.944444434, 0.0 ], [ 110.412149909999982, -6.944379739999988, 0.0 ], [ 110.412162178000017, -6.944144015, 0.0 ], [ 110.412167045999979, -6.944081794999988, 0.0 ], [ 110.412164701, -6.944041105999986, 0.0 ], [ 110.41216355, -6.944004009000025, 0.0 ], [ 110.412179671, -6.943946531999984, 0.0 ], [ 110.412186809, -6.943915598999979, 0.0 ], [ 110.412185024999985, -6.943850162999979, 0.0 ], [ 110.412177886, -6.943808522999973, 0.0 ], [ 110.412165072999983, -6.943741945, 0.0 ], [ 110.412141858999973, -6.943589916, 0.0 ], [ 110.412118138999972, -6.943404406000013, 0.0 ], [ 110.412118276, -6.943293716000028, 0.0 ], [ 110.412127409999982, -6.943171071, 0.0 ], [ 110.412130575, -6.943033459999981, 0.0 ], [ 110.412103775, -6.942916754, 0.0 ], [ 110.412062758, -6.942725149000012, 0.0 ], [ 110.412029831999973, -6.942623153999989, 0.0 ], [ 110.412018445, -6.942535545, 0.0 ], [ 110.411997023000026, -6.942427819999978, 0.0 ], [ 110.411991371, -6.94235027000002, 0.0 ], [ 110.411969946999989, -6.942243981, 0.0 ], [ 110.411967134, -6.942195154, 0.0 ], [ 110.411968641999977, -6.94213771699998, 0.0 ], [ 110.411960137999984, -6.942042932, 0.0 ], [ 110.411921436, -6.941963905000023, 0.0 ], [ 110.411874081, -6.941909279000015, 0.0 ], [ 110.411841083000013, -6.941866159000028, 0.0 ], [ 110.411825310999973, -6.941837420000013, 0.0 ], [ 110.411808133000022, -6.941784267, 0.0 ], [ 110.411808329999985, -6.941624874000013, 0.0 ], [ 110.411809850999987, -6.94155738500001, 0.0 ], [ 110.41184012399998, -6.941481314999976, 0.0 ], [ 110.411858880000011, -6.941421027, 0.0 ], [ 110.411880468, -6.941395207000028, 0.0 ], [ 110.411938029, -6.941330659000016, 0.0 ], [ 110.412004185, -6.941289096999981, 0.0 ], [ 110.412101916999973, -6.941277731000014, 0.0 ], [ 110.412251378, -6.941270735999979, 0.0 ], [ 110.412330445, -6.941246422, 0.0 ], [ 110.412419565, -6.941227864999973, 0.0 ], [ 110.412501498999973, -6.941209298999979, 0.0 ], [ 110.412566194000021, -6.941186403000017, 0.0 ], [ 110.412592066, -6.941182127, 0.0 ], [ 110.412617918000024, -6.941193646999977, 0.0 ], [ 110.412640881000016, -6.941218086999982, 0.0 ], [ 110.412646595000012, -6.941245378000019, 0.0 ], [ 110.412640808, -6.941276962000018, 0.0 ], [ 110.412629268999979, -6.941311411000015, 0.0 ], [ 110.41260337, -6.94133722700002, 0.0 ], [ 110.412576027, -6.941368785, 0.0 ], [ 110.412538601999984, -6.941418998000017, 0.0 ], [ 110.412505522, -6.941441931999975, 0.0 ], [ 110.412471015, -6.941456249, 0.0 ], [ 110.41244513800001, -6.941464833, 0.0 ], [ 110.412376118999987, -6.941497775000016, 0.0 ], [ 110.412361730999976, -6.941512117, 0.0 ], [ 110.412345902000027, -6.941529329, 0.0 ], [ 110.412292584, -6.94164845, 0.0 ], [ 110.4122681, -6.941691499, 0.0 ], [ 110.4122319, -6.94175945, 0.0 ], [ 110.412204298, -6.941821316000016, 0.0 ], [ 110.412187409000012, -6.941866587999982, 0.0 ], [ 110.412170082999978, -6.941932622000024, 0.0 ], [ 110.412138625000011, -6.942054503, 0.0 ], [ 110.412142432, -6.942115417000025, 0.0 ], [ 110.412176696000017, -6.942172524, 0.0 ], [ 110.412228617999972, -6.942241430000024, 0.0 ], [ 110.412251555000012, -6.942285974000015, 0.0 ], [ 110.412277309999979, -6.942376471999978, 0.0 ], [ 110.412327447999985, -6.942504337, 0.0 ], [ 110.412348950000023, -6.942547443000024, 0.0 ], [ 110.412363285000026, -6.94257618, 0.0 ], [ 110.41240761, -6.942755732000023, 0.0 ], [ 110.412489299000015, -6.942935331, 0.0 ], [ 110.412550748, -6.943071009, 0.0 ], [ 110.412592517, -6.943136496000022, 0.0 ], [ 110.412645651, -6.943165281, 0.0 ], [ 110.41274761, -6.943222847000015, 0.0 ], [ 110.412830929999984, -6.943245924999985, 0.0 ], [ 110.412902766, -6.943258937999985, 0.0 ], [ 110.413033509, -6.943282076, 0.0 ], [ 110.413179262000028, -6.943314327, 0.0 ], [ 110.413316555, -6.943324069000028, 0.0 ], [ 110.413407092, -6.943321309, 0.0 ], [ 110.413547970000025, -6.943282711999984, 0.0 ], [ 110.413723324999978, -6.943254208999974, 0.0 ], [ 110.413871342, -6.943252955999981, 0.0 ], [ 110.414000441999974, -6.943253927, 0.0 ], [ 110.414093114000025, -6.943266283000014, 0.0 ], [ 110.414197506, -6.943289258999982, 0.0 ], [ 110.414365627999985, -6.943299518, 0.0 ], [ 110.414532311000016, -6.943311212000026, 0.0 ], [ 110.41469324000002, -6.943327206, 0.0 ], [ 110.414733472000023, -6.943331564, 0.0 ], [ 110.414809807999973, -6.943346233, 0.0 ], [ 110.414875681000012, -6.943379127000014, 0.0 ], [ 110.414938775, -6.943403658000022, 0.0 ], [ 110.414957809999976, -6.943417458, 0.0 ], [ 110.41497066, -6.943429832, 0.0 ], [ 110.414973277, -6.94343935, 0.0 ], [ 110.414971134999973, -6.943448154, 0.0 ], [ 110.414967827999988, -6.943452198999978, 0.0 ], [ 110.414965615000028, -6.943452983999975, 0.0 ], [ 110.414963672999988, -6.943453186999989, 0.0 ], [ 110.414928767999982, -6.943446683, 0.0 ], [ 110.414895338, -6.943450295, 0.0 ], [ 110.414837755, -6.943461241000023, 0.0 ], [ 110.414803715, -6.943470940999987, 0.0 ], [ 110.414787903999979, -6.94347379300001, 0.0 ], [ 110.414765895000016, -6.943473138, 0.0 ], [ 110.414719733000027, -6.943473138, 0.0 ], [ 110.414678806999973, -6.943473138, 0.0 ], [ 110.414632741999981, -6.943468020000012, 0.0 ], [ 110.41448613, -6.943469113, 0.0 ], [ 110.414430867000021, -6.943478373, 0.0 ], [ 110.414394699000013, -6.943486463, 0.0 ], [ 110.41435805499998, -6.943486939000024, 0.0 ], [ 110.414302376000023, -6.943484082999987, 0.0 ], [ 110.4142486, -6.943486463, 0.0 ], [ 110.41422455999998, -6.943491764999976, 0.0 ], [ 110.414169931, -6.94350893, 0.0 ], [ 110.414092031999985, -6.943518824000023, 0.0 ], [ 110.414013259, -6.94353602000001, 0.0 ], [ 110.413967247000016, -6.943557501999976, 0.0 ], [ 110.413921223999978, -6.943587601, 0.0 ], [ 110.413888133, -6.943619152, 0.0 ], [ 110.413880914, -6.943646426999976, 0.0 ], [ 110.413877999000022, -6.94367945, 0.0 ], [ 110.41386216, -6.943705279000028, 0.0 ], [ 110.413826216000018, -6.943719594000015, 0.0 ], [ 110.413777466999989, -6.943735770999979, 0.0 ], [ 110.413734637, -6.943742612, 0.0 ], [ 110.413701919, -6.943751237000015, 0.0 ], [ 110.413651058000028, -6.943771164999987, 0.0 ], [ 110.413569263999989, -6.943800313999986, 0.0 ], [ 110.413530598000023, -6.943810724, 0.0 ], [ 110.413493716, -6.943822620999981, 0.0 ], [ 110.413434527, -6.943832139, 0.0 ], [ 110.41340865, -6.943834519, 0.0 ], [ 110.413367306999987, -6.943836006000026, 0.0 ], [ 110.413330127999984, -6.943822324, 0.0 ], [ 110.413309903000027, -6.943811020999988, 0.0 ], [ 110.413287594999986, -6.943800016000012, 0.0 ], [ 110.413262611, -6.943792283, 0.0 ], [ 110.413237031999984, -6.943787822, 0.0 ], [ 110.413180520000026, -6.943782468, 0.0 ], [ 110.413129063999975, -6.94377860100002, 0.0 ], [ 110.413099618, -6.943777410999985, 0.0 ], [ 110.413050839, -6.943775329, 0.0 ], [ 110.413003249999974, -6.94377562699998, 0.0 ], [ 110.412922943000012, -6.943770035, 0.0 ], [ 110.412860481999985, -6.94376718, 0.0 ], [ 110.412770895, -6.943770391999976, 0.0 ], [ 110.412725378, -6.943768491000014, 0.0 ], [ 110.412679167000022, -6.943766822999976, 0.0 ], [ 110.412656852999987, -6.943765116, 0.0 ], [ 110.412605642000017, -6.943752545999985, 0.0 ], [ 110.412564239, -6.943753617000027, 0.0 ], [ 110.41251427100002, -6.943759328, 0.0 ], [ 110.412483956000017, -6.943766756, 0.0 ], [ 110.412431108000021, -6.943791807000025, 0.0 ], [ 110.412406481, -6.943817862, 0.0 ], [ 110.412397200999976, -6.943852839999977, 0.0 ], [ 110.412397544999976, -6.943918863000022, 0.0 ], [ 110.412385990000018, -6.943966236, 0.0 ], [ 110.412342727, -6.944088240999974, 0.0 ], [ 110.412326848000021, -6.94414566, 0.0 ], [ 110.412297991, -6.944238962999975, 0.0 ], [ 110.412274938, -6.944287757999973, 0.0 ], [ 110.412251917, -6.944341257000019, 0.0 ], [ 110.412249079999981, -6.944381105, 0.0 ], [ 110.412249170999985, -6.94439588900002, 0.0 ], [ 110.412238490999982, -6.944439876999979, 0.0 ], [ 110.412232066, -6.944477711, 0.0 ], [ 110.412228497, -6.944532676, 0.0 ], [ 110.412239919, -6.944591925, 0.0 ], [ 110.412247099000012, -6.944718517000013, 0.0 ], [ 110.412248490000025, -6.944755854, 0.0 ], [ 110.41225418099998, -6.944801813000026, 0.0 ], [ 110.412269918999982, -6.944857835, 0.0 ], [ 110.412268408999978, -6.944916708999983, 0.0 ], [ 110.412279749, -6.945043089000023, 0.0 ], [ 110.412276836999979, -6.945073240999989, 0.0 ], [ 110.412275334000014, -6.945126370000025, 0.0 ], [ 110.412285181000016, -6.945297263999976, 0.0 ], [ 110.412300781999988, -6.945463857, 0.0 ], [ 110.412309875, -6.945592369, 0.0 ], [ 110.412313682, -6.945641385999977, 0.0 ], [ 110.412322341, -6.945698210999979, 0.0 ], [ 110.412371697000026, -6.946219269999972, 0.0 ], [ 110.412374064, -6.946226782999986, 0.0 ], [ 110.412400742999978, -6.946311477999984, 0.0 ], [ 110.412434259, -6.946323485999983, 0.0 ], [ 110.412489339999979, -6.946328341000026, 0.0 ], [ 110.413160023999978, -6.946281305000014, 0.0 ], [ 110.413375589, -6.946275588999981, 0.0 ], [ 110.413558842999976, -6.946251883, 0.0 ], [ 110.413757665999981, -6.946226998999975, 0.0 ], [ 110.414067784999986, -6.94620285100001, 0.0 ], [ 110.414328292, -6.946170264999978, 0.0 ], [ 110.414395833000015, -6.946170019000022, 0.0 ], [ 110.414490682, -6.946167264, 0.0 ], [ 110.414535252, -6.946150088000024, 0.0 ], [ 110.414571205000016, -6.94612859199998, 0.0 ], [ 110.41460714599998, -6.946117148999974, 0.0 ], [ 110.414655997000011, -6.946124388999976, 0.0 ], [ 110.414713457, -6.946141692000026, 0.0 ], [ 110.414766573, -6.946159417999979, 0.0 ], [ 110.414787988, -6.946162988000026, 0.0 ], [ 110.414865797, -6.946162988000026, 0.0 ], [ 110.414985365, -6.946146925999983, 0.0 ], [ 110.415026886000021, -6.946131935999972, 0.0 ], [ 110.415042115, -6.946129317999976, 0.0 ], [ 110.415112309, -6.946124559, 0.0 ], [ 110.415212484, -6.946121704, 0.0 ], [ 110.415337168, -6.946121227999981, 0.0 ], [ 110.415419021, -6.946120038, 0.0 ], [ 110.415510155, -6.946111234, 0.0 ], [ 110.415557744000012, -6.946106, 0.0 ], [ 110.415582975, -6.946100941, 0.0 ], [ 110.415630793, -6.946098146999987, 0.0 ], [ 110.41568623500001, -6.946094577999986, 0.0 ], [ 110.415759046, -6.946084821999989, 0.0 ], [ 110.415812008999978, -6.946065627999985, 0.0 ], [ 110.416092258, -6.946041953000019, 0.0 ], [ 110.416100444, -6.946039156999973, 0.0 ], [ 110.41610907, -6.946035586999983, 0.0 ], [ 110.416115019000017, -6.946030828, 0.0 ], [ 110.416122841, -6.946019998, 0.0 ], [ 110.416133447, -6.945995536999988, 0.0 ], [ 110.416162241, -6.945952493, 0.0 ], [ 110.416202968999983, -6.945936126, 0.0 ], [ 110.416257221000023, -6.945932557, 0.0 ], [ 110.416332174, -6.945928273999982, 0.0 ], [ 110.416372148999983, -6.945924704, 0.0 ], [ 110.416410696000014, -6.94591542500001, 0.0 ], [ 110.416439964, -6.945896151, 0.0 ], [ 110.416464233999989, -6.945870453, 0.0 ], [ 110.41647851099998, -6.945844755, 0.0 ], [ 110.416482794, -6.945778368, 0.0 ], [ 110.41647851099998, -6.945705556, 0.0 ], [ 110.416472086999988, -6.945677003000014, 0.0 ], [ 110.416455668000026, -6.945664867, 0.0 ], [ 110.416415578, -6.945615348999979, 0.0 ], [ 110.416389765000019, -6.945572238000011, 0.0 ], [ 110.41636680900001, -6.945542053999986, 0.0 ], [ 110.416363976000014, -6.945509023, 0.0 ], [ 110.416391369999985, -6.945435821999979, 0.0 ], [ 110.416411593000021, -6.945351124000013, 0.0 ], [ 110.416427462, -6.945300884, 0.0 ], [ 110.416496726, -6.94516670500002, 0.0 ], [ 110.416502813000022, -6.945124059000022, 0.0 ], [ 110.416517848000012, -6.945018729000026, 0.0 ], [ 110.416520583000022, -6.944989204000024, 0.0 ], [ 110.416465728999981, -6.944860468, 0.0 ], [ 110.416466206999985, -6.944472754, 0.0 ], [ 110.416473645, -6.944268136, 0.0 ], [ 110.416484594999986, -6.944128141000022, 0.0 ], [ 110.41650703, -6.944055651999975, 0.0 ], [ 110.41652720899998, -6.944006853000019, 0.0 ], [ 110.416557442, -6.943962375000012, 0.0 ], [ 110.416604877, -6.94395238200002, 0.0 ], [ 110.416639821999979, -6.943943459000025, 0.0 ], [ 110.416730074999975, -6.943920414, 0.0 ], [ 110.416750895, -6.943915358000027, 0.0 ], [ 110.416782422999972, -6.943910003999974, 0.0 ], [ 110.416836257999989, -6.943908814, 0.0 ], [ 110.416932969000015, -6.943920332, 0.0 ], [ 110.416958119000014, -6.943919167, 0.0 ], [ 110.416996446999974, -6.943913230000021, 0.0 ], [ 110.417025293999984, -6.943911182000022, 0.0 ], [ 110.417060272000015, -6.943902616, 0.0 ], [ 110.417090254000016, -6.943877631000021, 0.0 ], [ 110.41711309599998, -6.943860498999982, 0.0 ], [ 110.417135939, -6.94385121900001, 0.0 ], [ 110.417161637, -6.943846936, 0.0 ], [ 110.417188763000013, -6.943840512, 0.0 ], [ 110.417201611999985, -6.943831945999989, 0.0 ], [ 110.417242300999987, -6.943707738, 0.0 ], [ 110.417297981, -6.943506435000018, 0.0 ], [ 110.417292996000015, -6.943298517000017, 0.0 ], [ 110.417300835999981, -6.943220661999987, 0.0 ], [ 110.417315112999972, -6.943192109, 0.0 ], [ 110.417332245000011, -6.94315689299998, 0.0 ], [ 110.417337955999983, -6.943124055999988, 0.0 ], [ 110.417344142, -6.943090744000017, 0.0 ], [ 110.417375075, -6.943064094000022, 0.0 ], [ 110.417413622000026, -6.943059811000012, 0.0 ], [ 110.417601123999987, -6.943051720000028, 0.0 ], [ 110.417684881000014, -6.943051720000028, 0.0 ], [ 110.417712006999977, -6.943057431, 0.0 ], [ 110.417745949, -6.943068118999975, 0.0 ], [ 110.41779980299998, -6.943096905, 0.0 ], [ 110.417847688999984, -6.94310893, 0.0 ], [ 110.417919972, -6.94309930999998, 0.0 ], [ 110.418006989999981, -6.943086388999973, 0.0 ], [ 110.418086045, -6.943072127, 0.0 ], [ 110.418139947999975, -6.943060226, 0.0 ], [ 110.418179469999984, -6.943057881000016, 0.0 ], [ 110.418269566, -6.943039508000027, 0.0 ], [ 110.418298575999984, -6.943035539999983, 0.0 ], [ 110.418333986, -6.943030548000024, 0.0 ], [ 110.418405859000018, -6.943013883, 0.0 ], [ 110.418478925999977, -6.942999612999984, 0.0 ], [ 110.418504075999977, -6.942998446999979, 0.0 ], [ 110.418538109999986, -6.942999948000022, 0.0 ], [ 110.418537232, -6.943129903, 0.0 ], [ 110.418478462999985, -6.943124532000013, 0.0 ], [ 110.418477868000025, -6.943097763000026, 0.0 ], [ 110.418472513999973, -6.943086461, 0.0 ], [ 110.418462401999989, -6.943081701999972, 0.0 ], [ 110.41842671, -6.943082891000017, 0.0 ], [ 110.418373412, -6.943105984999988, 0.0 ], [ 110.418359017, -6.943126311000015, 0.0 ], [ 110.418345822, -6.943144244, 0.0 ], [ 110.418325429999982, -6.943171742, 0.0 ], [ 110.418298814000025, -6.943238151, 0.0 ], [ 110.418270259999986, -6.943357123999988, 0.0 ], [ 110.418255607, -6.943469623, 0.0 ], [ 110.418250248999982, -6.943509109, 0.0 ], [ 110.418244086000016, -6.943517738000025, 0.0 ], [ 110.418228025000019, -6.943539747999978, 0.0 ], [ 110.418210179000027, -6.943575440000018, 0.0 ], [ 110.418204824999975, -6.943611727000018, 0.0 ], [ 110.418215531999977, -6.943665859000021, 0.0 ], [ 110.418253009000011, -6.943769366000026, 0.0 ], [ 110.418271942999979, -6.943819065000014, 0.0 ], [ 110.418299393999973, -6.943894487000023, 0.0 ], [ 110.418328014, -6.943992648, 0.0 ], [ 110.418344731, -6.944032158000027, 0.0 ], [ 110.418350679000014, -6.944064475, 0.0 ], [ 110.41837459300001, -6.94409442, 0.0 ], [ 110.418397291000019, -6.944139920999987, 0.0 ], [ 110.418411619999972, -6.944173445, 0.0 ], [ 110.418470222999986, -6.944235741999989, 0.0 ], [ 110.418495321000023, -6.94427645899998, 0.0 ], [ 110.418522843, -6.944294443, 0.0 ], [ 110.418560464999985, -6.944326338, 0.0 ], [ 110.418587828999989, -6.944350133, 0.0 ], [ 110.418622926000012, -6.944366194, 0.0 ], [ 110.418662187, -6.944376307000027, 0.0 ], [ 110.418684412, -6.944374816, 0.0 ], [ 110.418693948999987, -6.944376907999981, 0.0 ], [ 110.41870223, -6.944378723999989, 0.0 ], [ 110.418703984999979, -6.944448608000016, 0.0 ], [ 110.418693861, -6.944448379999983, 0.0 ], [ 110.417026641, -6.944410801, 0.0 ], [ 110.417026064000027, -6.944435367999972, 0.0 ], [ 110.417012654000018, -6.945006295999974, 0.0 ], [ 110.417006415, -6.945271928000011, 0.0 ], [ 110.417009735000022, -6.945272021, 0.0 ], [ 110.417620331000023, -6.945289076, 0.0 ], [ 110.418168696, -6.945304393000015, 0.0 ], [ 110.418680366, -6.945318685000018, 0.0 ], [ 110.418679295, -6.945431113999973, 0.0 ], [ 110.418668364999974, -6.945436734999987, 0.0 ], [ 110.418604341999981, -6.945469661, 0.0 ], [ 110.41859387300002, -6.945766499, 0.0 ], [ 110.418606722, -6.945787199999984, 0.0 ], [ 110.418652407000025, -6.945810400000028, 0.0 ], [ 110.418662915000027, -6.945814840000025, 0.0 ], [ 110.418677748999983, -6.945821108000018, 0.0 ], [ 110.418678106000016, -6.945838596999977, 0.0 ], [ 110.418665256999986, -6.945859655, 0.0 ], [ 110.418662322999978, -6.945860214, 0.0 ], [ 110.418650265999986, -6.945862509999984, 0.0 ], [ 110.418634560999976, -6.945872504000022, 0.0 ], [ 110.418603866000012, -6.945927827, 0.0 ], [ 110.41859387300002, -6.945951025999989, 0.0 ], [ 110.418577454, -6.945966731, 0.0 ], [ 110.418557824, -6.945985646999986, 0.0 ], [ 110.418545688999984, -6.946001708999972, 0.0 ], [ 110.418542476000027, -6.946030619, 0.0 ], [ 110.41855476, -6.946134660999974, 0.0 ], [ 110.418576175, -6.946238167999979, 0.0 ], [ 110.418579388000012, -6.946263658000021, 0.0 ], [ 110.418581172000017, -6.946287571000028, 0.0 ], [ 110.418582243, -6.946301848000019, 0.0 ], [ 110.418587953999975, -6.946318623000025, 0.0 ], [ 110.418598660999976, -6.946332186, 0.0 ], [ 110.418609952, -6.946344393, 0.0 ], [ 110.418609952, -6.946352720999982, 0.0 ], [ 110.418606085000022, -6.946368187000019, 0.0 ], [ 110.417858815999978, -6.946350103999976, 0.0 ], [ 110.417849536, -6.946729151999989, 0.0 ], [ 110.418550881999977, -6.946747711, 0.0 ], [ 110.418575509, -6.946742715000028, 0.0 ], [ 110.418612986000028, -6.94675270800002, 0.0 ], [ 110.418620084, -6.946762684000021, 0.0 ], [ 110.418639397999982, -6.946789828000021, 0.0 ], [ 110.418637686000011, -6.946849781000026, 0.0 ], [ 110.418625597000016, -6.947273048999989, 0.0 ], [ 110.418606561, -6.947293511999987, 0.0 ], [ 110.418573249000019, -6.94729494, 0.0 ], [ 110.418565349, -6.948008429000026, 0.0 ], [ 110.418586764, -6.948237333, 0.0 ], [ 110.41861555600002, -6.94824296500002, 0.0 ], [ 110.418600342, -6.948815261, 0.0 ], [ 110.418593043999977, -6.949089809999975, 0.0 ], [ 110.418593042, -6.949089873, 0.0 ], [ 110.418567277000022, -6.950059077, 0.0 ], [ 110.418566874000021, -6.950074229999984, 0.0 ], [ 110.418549026, -6.950745617999985, 0.0 ], [ 110.418528466999987, -6.951579953000021, 0.0 ], [ 110.418531323000025, -6.951658474999988, 0.0 ], [ 110.418579122999972, -6.951808895999989, 0.0 ], [ 110.418625342999974, -6.951954345, 0.0 ], [ 110.418797413999982, -6.952495829999975, 0.0 ], [ 110.418805233, -6.952520434, 0.0 ], [ 110.418810093, -6.952519015, 0.0 ], [ 110.418865868000012, -6.952502735999985, 0.0 ], [ 110.418901276999975, -6.952492400999972, 0.0 ], [ 110.418914218999987, -6.952488624000011, 0.0 ], [ 110.418942463, -6.95248038, 0.0 ], [ 110.418995742, -6.952464829, 0.0 ], [ 110.419039262000013, -6.952452126000026, 0.0 ], [ 110.419090674000017, -6.952437120000013, 0.0 ], [ 110.419107339999982, -6.952432256, 0.0 ], [ 110.419112714, -6.952430687, 0.0 ], [ 110.419145362999984, -6.951291965999985, 0.0 ], [ 110.419145575000016, -6.95128457200002, 0.0 ], [ 110.419151285, -6.95127035500002, 0.0 ], [ 110.419152328, -6.951269137999986, 0.0 ], [ 110.41916276, -6.951256968, 0.0 ], [ 110.419165561999989, -6.951253699, 0.0 ], [ 110.419188167000016, -6.951240314000017, 0.0 ], [ 110.419205418, -6.951233770999977, 0.0 ], [ 110.419228617999977, -6.951231689, 0.0 ], [ 110.419251519999989, -6.951239124999972, 0.0 ], [ 110.419271150999975, -6.951251617000025, 0.0 ], [ 110.419487383999979, -6.951588846, 0.0 ], [ 110.419503802, -6.951627036, 0.0 ], [ 110.41950424700002, -6.951628191, 0.0 ], [ 110.419517930999973, -6.951663734000022, 0.0 ], [ 110.419633024, -6.95196266, 0.0 ], [ 110.419646189, -6.951996851999979, 0.0 ], [ 110.419625963999977, -6.952004941999974, 0.0 ], [ 110.419825491999973, -6.952517548, 0.0 ], [ 110.419832303000021, -6.95253504599998, 0.0 ], [ 110.419852404999972, -6.952601368999979, 0.0 ], [ 110.420027536000021, -6.953179178000028, 0.0 ], [ 110.420078134999983, -6.953355359, 0.0 ], [ 110.420109288999981, -6.953370618, 0.0 ], [ 110.420112216, -6.953369719000023, 0.0 ], [ 110.420270899, -6.953320983000026, 0.0 ], [ 110.420271985, -6.953320648999977, 0.0 ], [ 110.420275257000014, -6.953312617999984, 0.0 ], [ 110.420291615999986, -6.953293284999972, 0.0 ], [ 110.420286275000024, -6.953262338, 0.0 ], [ 110.420309224, -6.953239212000028, 0.0 ], [ 110.420292567, -6.953168303999973, 0.0 ], [ 110.420392029000027, -6.953111673000024, 0.0 ], [ 110.420327423, -6.952910573, 0.0 ], [ 110.42034206, -6.952899901000023, 0.0 ], [ 110.420312078999984, -6.952787590000014, 0.0 ], [ 110.42026794100002, -6.952587404999974, 0.0 ], [ 110.420261648, -6.952555763000021, 0.0 ], [ 110.420253178999985, -6.952513179999983, 0.0 ], [ 110.42024677, -6.952480954, 0.0 ], [ 110.420241756, -6.952455741, 0.0 ], [ 110.420309950999979, -6.952437009999983, 0.0 ], [ 110.420396177999976, -6.952413326999988, 0.0 ], [ 110.42049332900001, -6.952386643000011, 0.0 ], [ 110.42065140699998, -6.952386837, 0.0 ], [ 110.420717106999973, -6.952408809000019, 0.0 ], [ 110.42079872, -6.952438205000021, 0.0 ], [ 110.420859688, -6.952463677000026, 0.0 ], [ 110.420941063999976, -6.952511642, 0.0 ], [ 110.421022392, -6.952597901, 0.0 ], [ 110.421082259, -6.952607547000014, 0.0 ], [ 110.42108543400002, -6.952611333, 0.0 ], [ 110.421113328, -6.952644597000017, 0.0 ], [ 110.421113842000011, -6.952645210000014, 0.0 ], [ 110.421153969999978, -6.952693065, 0.0 ], [ 110.421192216, -6.952739942, 0.0 ], [ 110.421264010000016, -6.952835133, 0.0 ], [ 110.421196908000013, -6.952866164, 0.0 ], [ 110.421180154000012, -6.95285657, 0.0 ], [ 110.421174682000014, -6.952858232999972, 0.0 ], [ 110.421128918000022, -6.952872145000015, 0.0 ], [ 110.421067814000025, -6.952890720000028, 0.0 ], [ 110.421029044000022, -6.952902505999987, 0.0 ], [ 110.421001355999977, -6.952912589999983, 0.0 ], [ 110.420974086, -6.952928117, 0.0 ], [ 110.420962057, -6.952971182, 0.0 ], [ 110.420959609000022, -6.953014258, 0.0 ], [ 110.420992543000011, -6.953055318999986, 0.0 ], [ 110.421018378999975, -6.953081199, 0.0 ], [ 110.421062749999976, -6.953110507000019, 0.0 ], [ 110.421115158000021, -6.953124539999976, 0.0 ], [ 110.42118935100001, -6.953118779000022, 0.0 ], [ 110.421206181, -6.953117471999974, 0.0 ], [ 110.421227784, -6.953079205, 0.0 ], [ 110.421321229, -6.953050599999983, 0.0 ], [ 110.421359472, -6.953115266, 0.0 ], [ 110.421306776, -6.953117594999981, 0.0 ], [ 110.421270323999977, -6.953161689000012, 0.0 ], [ 110.42126119, -6.953182158, 0.0 ], [ 110.421280758000023, -6.95326959, 0.0 ], [ 110.421217981999973, -6.953287682999985, 0.0 ], [ 110.421117289, -6.953316702999984, 0.0 ], [ 110.421100869999975, -6.953373810000016, 0.0 ], [ 110.421111578000023, -6.953434486, 0.0 ], [ 110.421073268999976, -6.953495875999977, 0.0 ], [ 110.421061133000023, -6.953541562, 0.0 ], [ 110.421079693000024, -6.953580108999972, 0.0 ], [ 110.421245304000024, -6.953712169000028, 0.0 ], [ 110.42134188, -6.953790154999979, 0.0 ], [ 110.421376521000013, -6.953850323999973, 0.0 ], [ 110.421098133999976, -6.95390211, 0.0 ], [ 110.421100153999987, -6.95391887400001, 0.0 ], [ 110.421074338999972, -6.953949401999978, 0.0 ], [ 110.421082882, -6.953968223, 0.0 ], [ 110.421114145, -6.953981992000024, 0.0 ], [ 110.421116193999978, -6.954000774, 0.0 ], [ 110.421457904000022, -6.953934546000028, 0.0 ], [ 110.421460314, -6.953922583, 0.0 ], [ 110.421481867000011, -6.953925002, 0.0 ], [ 110.421484223, -6.953957315000025, 0.0 ], [ 110.421492596, -6.953965702, 0.0 ], [ 110.421491385000024, -6.953976469999986, 0.0 ], [ 110.421481804, -6.953976458, 0.0 ], [ 110.421481793, -6.953986031999989, 0.0 ], [ 110.421471009000015, -6.953990804999989, 0.0 ], [ 110.421492445000013, -6.95408895700001, 0.0 ], [ 110.421540355, -6.954083032000028, 0.0 ], [ 110.421562973999983, -6.954093049999983, 0.0 ], [ 110.421582222999973, -6.954118682, 0.0 ], [ 110.421583723000026, -6.954125023000017, 0.0 ], [ 110.421590691, -6.954154483000025, 0.0 ], [ 110.421576947, -6.954177985, 0.0 ], [ 110.421369981, -6.954531899000017, 0.0 ], [ 110.421262840999987, -6.954712842, 0.0 ], [ 110.421163799, -6.954881664000027, 0.0 ], [ 110.421106867999981, -6.954978309000012, 0.0 ], [ 110.421157306, -6.955054136, 0.0 ], [ 110.421168812000019, -6.955060999000011, 0.0 ], [ 110.421450780999976, -6.955229181999982, 0.0 ], [ 110.42145788900001, -6.955232040999988, 0.0 ], [ 110.421495225, -6.955247056000019, 0.0 ], [ 110.421591819000014, -6.955080248, 0.0 ], [ 110.421645300000023, -6.954992886000014, 0.0 ], [ 110.421636104000015, -6.954981568, 0.0 ], [ 110.42163138, -6.954975753999975, 0.0 ], [ 110.421944408, -6.954440326999986, 0.0 ], [ 110.423512478000021, -6.955357365, 0.0 ], [ 110.424173067000027, -6.955743691, 0.0 ], [ 110.424371456000017, -6.955403742999977, 0.0 ], [ 110.424417241000015, -6.955325288999973, 0.0 ], [ 110.424989590999985, -6.954344542, 0.0 ], [ 110.425279784, -6.953847283000016, 0.0 ], [ 110.42528067, -6.953845764999983, 0.0 ], [ 110.424269682999977, -6.953256741000018, 0.0 ], [ 110.424266821, -6.953261651999981, 0.0 ], [ 110.424200558999985, -6.953375365, 0.0 ], [ 110.422634265, -6.952490808999983, 0.0 ], [ 110.422736037999982, -6.952310956000019, 0.0 ], [ 110.422728522, -6.952303928999982, 0.0 ], [ 110.422707329, -6.952284115999987, 0.0 ], [ 110.422670918999984, -6.952287900999977, 0.0 ], [ 110.422668144, -6.952294613, 0.0 ], [ 110.422657465999976, -6.952320434, 0.0 ], [ 110.422630654999978, -6.952308913000024, 0.0 ], [ 110.42265030599998, -6.952268816000014, 0.0 ], [ 110.422659633000023, -6.952249785, 0.0 ], [ 110.422638120999977, -6.952235928999983, 0.0 ], [ 110.422621565999975, -6.952225266000028, 0.0 ], [ 110.422694262, -6.952114008000024, 0.0 ], [ 110.422697904000017, -6.952108434000024, 0.0 ], [ 110.422705916999973, -6.952093694999974, 0.0 ], [ 110.422768548000022, -6.951978490999977, 0.0 ], [ 110.422804272, -6.951912780999976, 0.0 ], [ 110.422817009000028, -6.951894501000027, 0.0 ], [ 110.422856549000016, -6.951837754, 0.0 ], [ 110.422918779999975, -6.951736172999972, 0.0 ], [ 110.422924276, -6.951692671999979, 0.0 ], [ 110.422880761999977, -6.951670865999972, 0.0 ], [ 110.422853556, -6.951665393999974, 0.0 ], [ 110.422830663000013, -6.951666795999984, 0.0 ], [ 110.422810013, -6.951668059999975, 0.0 ], [ 110.422771882, -6.951695206000011, 0.0 ], [ 110.422739174000014, -6.951738673000023, 0.0 ], [ 110.422698275000016, -6.951803884000014, 0.0 ], [ 110.422683904999985, -6.95181661700002, 0.0 ], [ 110.42264924, -6.951847332, 0.0 ], [ 110.422631223, -6.951847309000016, 0.0 ], [ 110.422630191, -6.951847308000026, 0.0 ], [ 110.422625127, -6.951855017000014, 0.0 ], [ 110.422531094000021, -6.951998157, 0.0 ], [ 110.422452508, -6.952117784, 0.0 ], [ 110.422448858999985, -6.952123339000025, 0.0 ], [ 110.422447208, -6.952122373, 0.0 ], [ 110.422380100999987, -6.952083088, 0.0 ], [ 110.42215661900002, -6.951952259, 0.0 ], [ 110.422139722, -6.951942367000015, 0.0 ], [ 110.422095249, -6.951946465, 0.0 ], [ 110.421985774, -6.951860559000011, 0.0 ], [ 110.421954200000016, -6.951835782999979, 0.0 ], [ 110.421879894000028, -6.951777473999982, 0.0 ], [ 110.421758454999974, -6.951713854, 0.0 ], [ 110.421660443, -6.95166250699998, 0.0 ], [ 110.421563940999988, -6.951611951000018, 0.0 ], [ 110.421553878999987, -6.951563933999978, 0.0 ], [ 110.421382558, -6.951450909000016, 0.0 ], [ 110.421365594, -6.951470015999973, 0.0 ], [ 110.421345981, -6.951455980999981, 0.0 ], [ 110.4213378, -6.951450126999987, 0.0 ], [ 110.421338892999984, -6.951448009999979, 0.0 ], [ 110.421408419999977, -6.951313366000022, 0.0 ], [ 110.421393831999978, -6.951304676, 0.0 ], [ 110.421246049, -6.95121664200002, 0.0 ], [ 110.421226045000026, -6.951204726000014, 0.0 ], [ 110.421158752999986, -6.951328982, 0.0 ], [ 110.42111802, -6.951404196, 0.0 ], [ 110.420886402, -6.951233081, 0.0 ], [ 110.420900788999973, -6.951219934999983, 0.0 ], [ 110.420922367, -6.95120201200001, 0.0 ], [ 110.420936755000014, -6.951187670000024, 0.0 ], [ 110.420945159999974, -6.95116973, 0.0 ], [ 110.420948782999972, -6.951144605000025, 0.0 ], [ 110.420946415, -6.951123062000022, 0.0 ], [ 110.420935666999981, -6.95109792, 0.0 ], [ 110.420922529, -6.951069184, 0.0 ], [ 110.420900511000013, -6.951055435, 0.0 ], [ 110.420858364000026, -6.95104964, 0.0 ], [ 110.420573898999976, -6.950821716, 0.0 ], [ 110.420658278000019, -6.950711808999984, 0.0 ], [ 110.42096157200001, -6.950316758999975, 0.0 ], [ 110.420741470999985, -6.950170421999985, 0.0 ], [ 110.420504791999974, -6.950479584999982, 0.0 ], [ 110.420371973999977, -6.950653078000016, 0.0 ], [ 110.420312008, -6.950561127000014, 0.0 ], [ 110.420157006000011, -6.950323452000021, 0.0 ], [ 110.420188247, -6.950265601000012, 0.0 ], [ 110.420138956000017, -6.950186307000024, 0.0 ], [ 110.420069286, -6.950074229999984, 0.0 ], [ 110.42005986700002, -6.950059077, 0.0 ], [ 110.419545197, -6.949231129999987, 0.0 ], [ 110.419545303, -6.949229785, 0.0 ], [ 110.419646294000017, -6.947950155, 0.0 ], [ 110.419646999, -6.947941223999976, 0.0 ], [ 110.419627487000014, -6.947920285, 0.0 ], [ 110.419675552, -6.947845094, 0.0 ], [ 110.419733611000026, -6.947789891000014, 0.0 ], [ 110.419799284000021, -6.947744205, 0.0 ], [ 110.419893034999973, -6.94771232, 0.0 ], [ 110.420065179, -6.947721807999983, 0.0 ], [ 110.420144283000013, -6.947766571999978, 0.0 ], [ 110.420157264000011, -6.947773918, 0.0 ], [ 110.420227934000025, -6.947833881, 0.0 ], [ 110.420232474999978, -6.947837854, 0.0 ], [ 110.420256514000016, -6.947858885000016, 0.0 ], [ 110.420255988, -6.94785927700002, 0.0 ], [ 110.420422728, -6.948010677000013, 0.0 ], [ 110.420550853, -6.94812692, 0.0 ], [ 110.420635211, -6.948203455999987, 0.0 ], [ 110.420886915999972, -6.94843182, 0.0 ], [ 110.42087885, -6.94844146600002, 0.0 ], [ 110.420828398000026, -6.948501803, 0.0 ], [ 110.42080398600001, -6.948530999000013, 0.0 ], [ 110.420798876, -6.948537111, 0.0 ], [ 110.42163137, -6.949217217000012, 0.0 ], [ 110.421727157000021, -6.949302741999986, 0.0 ], [ 110.421874987000024, -6.949444280000023, 0.0 ], [ 110.421948433000011, -6.949524645999986, 0.0 ], [ 110.421915437999985, -6.949591211999973, 0.0 ], [ 110.422363965999978, -6.949892809, 0.0 ], [ 110.422620729000016, -6.950059077, 0.0 ], [ 110.422644129, -6.950074229999984, 0.0 ], [ 110.422716720999972, -6.950121237000019, 0.0 ], [ 110.422924329000011, -6.950262220000013, 0.0 ], [ 110.422983816, -6.950208681999982, 0.0 ], [ 110.423018453999987, -6.950208297000017, 0.0 ], [ 110.423037353999973, -6.950208087000021, 0.0 ], [ 110.423286602000019, -6.950336578000019, 0.0 ], [ 110.423385982000013, -6.95039455, 0.0 ], [ 110.423672075000013, -6.950561436999976, 0.0 ], [ 110.42367299, -6.950559876, 0.0 ], [ 110.423758925000016, -6.950413315999981, 0.0 ], [ 110.425183628000013, -6.951205675999972, 0.0 ], [ 110.425182770999982, -6.951207179, 0.0 ], [ 110.425105105, -6.951343447, 0.0 ], [ 110.425109698000028, -6.95134607, 0.0 ], [ 110.426187775000017, -6.951961760000017, 0.0 ], [ 110.426193590000025, -6.951965081000026, 0.0 ], [ 110.42621796100002, -6.951951694, 0.0 ], [ 110.426235825, -6.951941880999982, 0.0 ], [ 110.426298178000025, -6.951836714000024, 0.0 ], [ 110.426591696, -6.951341652, 0.0 ], [ 110.426666313, -6.9512158, 0.0 ], [ 110.426672456, -6.951205437999988, 0.0 ], [ 110.426756332000025, -6.951254812, 0.0 ], [ 110.426984501999982, -6.950850585000012, 0.0 ], [ 110.427152116, -6.95055364000001, 0.0 ], [ 110.427139053000019, -6.950539043999981, 0.0 ], [ 110.42708216, -6.950475475000019, 0.0 ], [ 110.427059375, -6.950494773, 0.0 ], [ 110.427035194999974, -6.950517049999974, 0.0 ], [ 110.426861557, -6.950677023000026, 0.0 ], [ 110.426848377999988, -6.950689626999974, 0.0 ], [ 110.426670512999976, -6.95048975200001, 0.0 ], [ 110.426690489, -6.950470559, 0.0 ], [ 110.426700851000021, -6.95046060300001, 0.0 ], [ 110.426655047, -6.950395168, 0.0 ], [ 110.426589611999987, -6.950448111000014, 0.0 ], [ 110.426413481999987, -6.950235942, 0.0 ], [ 110.426409367000019, -6.950230986, 0.0 ], [ 110.426569378000011, -6.950074229999984, 0.0 ], [ 110.426572685999986, -6.950070988999983, 0.0 ], [ 110.426584850999973, -6.950059072999977, 0.0 ], [ 110.426496813000028, -6.949964486, 0.0 ], [ 110.426381951, -6.950059077, 0.0 ], [ 110.426363551, -6.950074229999984, 0.0 ], [ 110.426352183, -6.950083592, 0.0 ], [ 110.426343846, -6.950074229999984, 0.0 ], [ 110.426330353000026, -6.950059077, 0.0 ], [ 110.426203244000021, -6.949916335000012, 0.0 ], [ 110.425554157000022, -6.949187417000019, 0.0 ], [ 110.425264158, -6.948861750999981, 0.0 ], [ 110.42526413500002, -6.948861724999972, 0.0 ], [ 110.425170310999988, -6.948756361999983, 0.0 ], [ 110.424732742, -6.948266129999979, 0.0 ], [ 110.424641184, -6.948163552999972, 0.0 ], [ 110.424592567, -6.948109085, 0.0 ], [ 110.424567081000021, -6.948080532, 0.0 ], [ 110.424554338, -6.948066256, 0.0 ], [ 110.423904441, -6.94733814, 0.0 ], [ 110.423649026000021, -6.947051984999973, 0.0 ], [ 110.423403246000021, -6.946777587999975, 0.0 ], [ 110.423411513000019, -6.946208462000016, 0.0 ], [ 110.423434851000025, -6.944601760000012, 0.0 ], [ 110.423442277, -6.94409049799998, 0.0 ], [ 110.423448329999985, -6.943673769999975, 0.0 ], [ 110.423458020999988, -6.943006609, 0.0 ], [ 110.423459002000016, -6.942939056, 0.0 ], [ 110.423460153, -6.942875748, 0.0 ], [ 110.423489894999989, -6.941239581, 0.0 ], [ 110.423515271999975, -6.939843568000015, 0.0 ], [ 110.423533169999985, -6.938736388, 0.0 ], [ 110.423564621000025, -6.936790787, 0.0 ], [ 110.423622938999983, -6.935898265999981, 0.0 ], [ 110.424475933999986, -6.93589358700001, 0.0 ], [ 110.425135566999984, -6.935893744, 0.0 ], [ 110.426084581999987, -6.935893970999985, 0.0 ], [ 110.426204160999987, -6.935895714000026, 0.0 ], [ 110.426204649, -6.935917453, 0.0 ], [ 110.426216356, -6.936438624, 0.0 ], [ 110.426259544, -6.936625897, 0.0 ], [ 110.426285318, -6.93673766, 0.0 ], [ 110.426341039000022, -6.93699035100002, 0.0 ], [ 110.426324079999972, -6.938280372, 0.0 ], [ 110.426223850999975, -6.938307977000022, 0.0 ], [ 110.426196813999979, -6.938372866, 0.0 ], [ 110.426188159, -6.93839363799998, 0.0 ], [ 110.426189679, -6.938509967000016, 0.0 ], [ 110.426186576000021, -6.938736388, 0.0 ], [ 110.426178784, -6.939305024000021, 0.0 ], [ 110.42616715600002, -6.940153542000019, 0.0 ], [ 110.426156051000021, -6.940963861, 0.0 ], [ 110.426247108999974, -6.941239581, 0.0 ], [ 110.426526041999978, -6.942084181999974, 0.0 ], [ 110.426591416, -6.942139234000024, 0.0 ], [ 110.426592503, -6.942140149000011, 0.0 ], [ 110.426616462000027, -6.942160324999975, 0.0 ], [ 110.427452706, -6.941908598, 0.0 ], [ 110.42834395, -6.944464118999974, 0.0 ], [ 110.430267983000022, -6.943808815000011, 0.0 ], [ 110.43027179, -6.943762654000011, 0.0 ], [ 110.430277972, -6.943751995000014, 0.0 ], [ 110.430299392, -6.943715065, 0.0 ], [ 110.430351264000024, -6.94365510199998, 0.0 ], [ 110.430419792, -6.94361607899998, 0.0 ], [ 110.431313518000024, -6.943293186, 0.0 ], [ 110.431497212000011, -6.94323132, 0.0 ], [ 110.431568595999977, -6.943217995, 0.0 ], [ 110.431735157999981, -6.943256066, 0.0 ], [ 110.431845565, -6.943300799999975, 0.0 ], [ 110.431905528000016, -6.943369329, 0.0 ], [ 110.431964537999988, -6.943444520000014, 0.0 ], [ 110.431970287000013, -6.943456261, 0.0 ], [ 110.432032115000027, -6.943582529000025, 0.0 ], [ 110.432139667, -6.943889002999981, 0.0 ], [ 110.432190111000011, -6.944023205, 0.0 ], [ 110.432204388, -6.944068889999983, 0.0 ], [ 110.432242512000016, -6.944108828000026, 0.0 ], [ 110.432299565999983, -6.944097444000022, 0.0 ], [ 110.432457563000014, -6.94465519, 0.0 ], [ 110.432578439, -6.94505018000001, 0.0 ], [ 110.432588909, -6.945094913999981, 0.0 ], [ 110.432647920000022, -6.945221501, 0.0 ], [ 110.432669214999976, -6.945248688, 0.0 ], [ 110.432683505, -6.945285307, 0.0 ], [ 110.432847359999982, -6.945709267999973, 0.0 ], [ 110.432987588, -6.946113307000019, 0.0 ], [ 110.433215414000017, -6.946933861, 0.0 ], [ 110.433329941000011, -6.947370631000013, 0.0 ], [ 110.433368606999977, -6.947546117, 0.0 ], [ 110.433427499, -6.947850727, 0.0 ], [ 110.433421787999976, -6.948061071999973, 0.0 ], [ 110.433387433, -6.948355820000018, 0.0 ], [ 110.433377678, -6.948397489, 0.0 ], [ 110.433367228, -6.948444572000028, 0.0 ], [ 110.433290482000018, -6.948694978999981, 0.0 ], [ 110.433247881, -6.948782656, 0.0 ], [ 110.433241876000011, -6.948796710000011, 0.0 ], [ 110.433097229, -6.948928147, 0.0 ], [ 110.433347549000018, -6.949219393000021, 0.0 ], [ 110.433370726000021, -6.949202829, 0.0 ], [ 110.433422740000026, -6.94917656299998, 0.0 ], [ 110.433462715000019, -6.949139442999979, 0.0 ], [ 110.433485556999983, -6.949097564999988, 0.0 ], [ 110.433514111000022, -6.949029036000013, 0.0 ], [ 110.433540761000017, -6.94896621800001, 0.0 ], [ 110.433560672, -6.948917973, 0.0 ], [ 110.433562097, -6.948907588999987, 0.0 ], [ 110.43356251199998, -6.948898897999982, 0.0 ], [ 110.433529497999984, -6.948824069000011, 0.0 ], [ 110.433722353, -6.948737387999984, 0.0 ], [ 110.433755546999976, -6.948808698, 0.0 ], [ 110.433759829999985, -6.94881060199998, 0.0 ], [ 110.433766967999986, -6.948808222000025, 0.0 ], [ 110.433797425000023, -6.94874826, 0.0 ], [ 110.433819831999983, -6.948691583000027, 0.0 ], [ 110.433864138, -6.948564996000016, 0.0 ], [ 110.433916724000028, -6.948314082000024, 0.0 ], [ 110.433918076999987, -6.948307962, 0.0 ], [ 110.433919361999983, -6.948305678, 0.0 ], [ 110.433922216999974, -6.948304822000011, 0.0 ], [ 110.433926269999972, -6.948303728999974, 0.0 ], [ 110.433927714, -6.948304571999984, 0.0 ], [ 110.433939297999984, -6.94832528400002, 0.0 ], [ 110.43394659, -6.948336063, 0.0 ], [ 110.433961496, -6.948369817000014, 0.0 ], [ 110.434049655000024, -6.948485815000026, 0.0 ], [ 110.434596763, -6.949174352, 0.0 ], [ 110.434756661999984, -6.949374227000021, 0.0 ], [ 110.434975114999986, -6.949644568, 0.0 ], [ 110.435008548999974, -6.949687444, 0.0 ], [ 110.435080771, -6.949779912, 0.0 ], [ 110.43521636600002, -6.949953588000028, 0.0 ], [ 110.435255585999982, -6.950004133999983, 0.0 ], [ 110.435298585, -6.950059077, 0.0 ], [ 110.435310443999981, -6.950074229999984, 0.0 ], [ 110.435316328999988, -6.950081749, 0.0 ], [ 110.435321112, -6.950087978, 0.0 ], [ 110.435391874, -6.950199828999985, 0.0 ], [ 110.435460007000017, -6.950307130999988, 0.0 ], [ 110.435478894000028, -6.950336112, 0.0 ], [ 110.435503042, -6.95037204099998, 0.0 ], [ 110.435525274999975, -6.950406531, 0.0 ], [ 110.435547276000023, -6.950435516000027, 0.0 ], [ 110.435568796999974, -6.950464501, 0.0 ], [ 110.435593906, -6.950498276000019, 0.0 ], [ 110.435626426999988, -6.95054187300002, 0.0 ], [ 110.435661580999977, -6.950587867000024, 0.0 ], [ 110.435698408, -6.950636495000026, 0.0 ], [ 110.435990057000026, -6.951001618000021, 0.0 ], [ 110.436038729000018, -6.951059235, 0.0 ], [ 110.436076399, -6.951103914999976, 0.0 ], [ 110.436110121000013, -6.951145718000021, 0.0 ], [ 110.436136665999982, -6.951179734999982, 0.0 ], [ 110.436164168, -6.951214949000018, 0.0 ], [ 110.436196573000018, -6.951256152999974, 0.0 ], [ 110.436227652000014, -6.951294602000019, 0.0 ], [ 110.436253089, -6.951323747, 0.0 ], [ 110.436279711, -6.951353897999979, 0.0 ], [ 110.436304643000028, -6.951385017, 0.0 ], [ 110.436324623000019, -6.951411176000022, 0.0 ], [ 110.436349802, -6.951445993, 0.0 ], [ 110.43637222000001, -6.951476678, 0.0 ], [ 110.436382084, -6.951490510999975, 0.0 ], [ 110.436391445000027, -6.951503194, 0.0 ], [ 110.436401273, -6.951516847999983, 0.0 ], [ 110.436409594, -6.951528741, 0.0 ], [ 110.436411136, -6.951531004, 0.0 ], [ 110.436411637999981, -6.951531542999987, 0.0 ], [ 110.436412285000017, -6.951531831000011, 0.0 ], [ 110.436412537000024, -6.951531616000011, 0.0 ], [ 110.436412382000015, -6.951530886, 0.0 ], [ 110.436411248000013, -6.951527114999976, 0.0 ], [ 110.436407074999977, -6.951512331, 0.0 ], [ 110.436404606999986, -6.951506264999978, 0.0 ], [ 110.436402935999979, -6.951501238, 0.0 ], [ 110.436399113, -6.951493455, 0.0 ], [ 110.436393018, -6.951483037, 0.0 ], [ 110.436377602, -6.951455735000025, 0.0 ], [ 110.436362551, -6.951423766, 0.0 ], [ 110.436342485000011, -6.951379585999973, 0.0 ], [ 110.436332457, -6.951352649, 0.0 ], [ 110.436327087, -6.951336847, 0.0 ], [ 110.436326735000023, -6.951330384000016, 0.0 ], [ 110.436330334, -6.951325363000024, 0.0 ], [ 110.436356569, -6.951318214000025, 0.0 ], [ 110.436376877999976, -6.951313960999983, 0.0 ], [ 110.436409801000025, -6.951305594000019, 0.0 ], [ 110.436417353000024, -6.9512995, 0.0 ], [ 110.436423468999976, -6.951292326999976, 0.0 ], [ 110.436424558, -6.951283354, 0.0 ], [ 110.436423857000023, -6.951268275000018, 0.0 ], [ 110.436423513000022, -6.951255350999986, 0.0 ], [ 110.436424253999974, -6.951236325000025, 0.0 ], [ 110.436424984999974, -6.951226274000021, 0.0 ], [ 110.436426794, -6.951215505999983, 0.0 ], [ 110.43643076799998, -6.951196843, 0.0 ], [ 110.436436911999976, -6.951166335999972, 0.0 ], [ 110.43646075700002, -6.951054715999987, 0.0 ], [ 110.436505233, -6.950938091000012, 0.0 ], [ 110.436532407000016, -6.950882090999983, 0.0 ], [ 110.436535737999975, -6.950866387000019, 0.0 ], [ 110.436530502999972, -6.950853062000022, 0.0 ], [ 110.436527647999981, -6.950845922999974, 0.0 ], [ 110.43652907500001, -6.950834977999989, 0.0 ], [ 110.436545678000016, -6.950791314000014, 0.0 ], [ 110.436552698000014, -6.950779834, 0.0 ], [ 110.436567094999987, -6.950757235000026, 0.0 ], [ 110.436571053000023, -6.950752213999976, 0.0 ], [ 110.436579318999975, -6.95075006899998, 0.0 ], [ 110.436585787000013, -6.950749358999985, 0.0 ], [ 110.436595846999978, -6.950749012000017, 0.0 ], [ 110.436608781000018, -6.950748669, 0.0 ], [ 110.436619915999984, -6.950750117999974, 0.0 ], [ 110.436633203999975, -6.950754441000015, 0.0 ], [ 110.436658341, -6.95076416400002, 0.0 ], [ 110.436663367999984, -6.950767042, 0.0 ], [ 110.436665517999984, -6.950771353, 0.0 ], [ 110.436666232, -6.950775662000012, 0.0 ], [ 110.436663345, -6.95078571, 0.0 ], [ 110.436661539, -6.950793965, 0.0 ], [ 110.43665252, -6.950825545999976, 0.0 ], [ 110.436648553999987, -6.950837029000013, 0.0 ], [ 110.43664279, -6.950850843000012, 0.0 ], [ 110.436603315000013, -6.950917307, 0.0 ], [ 110.4365957, -6.950943957, 0.0 ], [ 110.436600458999976, -6.950973461999979, 0.0 ], [ 110.436568099, -6.951108139999974, 0.0 ], [ 110.436556439000015, -6.951198417, 0.0 ], [ 110.436571668, -6.951390677, 0.0 ], [ 110.436587847999988, -6.951497276999987, 0.0 ], [ 110.436617472000023, -6.951567137999973, 0.0 ], [ 110.436623897, -6.951574989999983, 0.0 ], [ 110.436632106, -6.951576774999978, 0.0 ], [ 110.436685286999989, -6.951554289, 0.0 ], [ 110.436688499000013, -6.951548577999972, 0.0 ], [ 110.436687785, -6.951538227000015, 0.0 ], [ 110.436648881, -6.951462918, 0.0 ], [ 110.436629607999976, -6.951429367, 0.0 ], [ 110.436624611000013, -6.95140509700002, 0.0 ], [ 110.436613903000023, -6.951299805000019, 0.0 ], [ 110.436605149, -6.951189236, 0.0 ], [ 110.436606114000028, -6.951178025, 0.0 ], [ 110.436610101999975, -6.951147634999984, 0.0 ], [ 110.43665994600002, -6.950997733, 0.0 ], [ 110.436693731, -6.95091319, 0.0 ], [ 110.436719174000018, -6.950867269000014, 0.0 ], [ 110.43675757, -6.950805087999981, 0.0 ], [ 110.43677485, -6.950776150000024, 0.0 ], [ 110.436854466999989, -6.950650688999986, 0.0 ], [ 110.436880781000013, -6.95059366800001, 0.0 ], [ 110.436975017, -6.950428161, 0.0 ], [ 110.437003183, -6.950388948000011, 0.0 ], [ 110.437045609999984, -6.950280339000017, 0.0 ], [ 110.437054788000012, -6.950215730000025, 0.0 ], [ 110.437057224, -6.950181268999984, 0.0 ], [ 110.437057265000021, -6.950146806000021, 0.0 ], [ 110.437057779999975, -6.950116650999973, 0.0 ], [ 110.437055878000024, -6.950104682000017, 0.0 ], [ 110.437058770000021, -6.950089847000015, 0.0 ], [ 110.437064530999976, -6.950079323000011, 0.0 ], [ 110.437066897000022, -6.950074229999984, 0.0 ], [ 110.437073935, -6.950059077, 0.0 ], [ 110.437079418999986, -6.950047271000017, 0.0 ], [ 110.437095279, -6.950003252999977, 0.0 ], [ 110.437103447000027, -6.949982201000012, 0.0 ], [ 110.43710346, -6.949971192000021, 0.0 ], [ 110.437098717000026, -6.949931935999984, 0.0 ], [ 110.437092054, -6.94989555, 0.0 ], [ 110.437086803, -6.949879748, 0.0 ], [ 110.43707344500001, -6.94983378, 0.0 ], [ 110.437062963000017, -6.949786379999978, 0.0 ], [ 110.437053694999975, -6.949749646999976, 0.0 ], [ 110.437045462000015, -6.94972379, 0.0 ], [ 110.437036154999987, -6.949695417999976, 0.0 ], [ 110.437023984, -6.949658785999986, 0.0 ], [ 110.437015036999981, -6.949629336999976, 0.0 ], [ 110.437008246, -6.949600251, 0.0 ], [ 110.437002886000016, -6.949575832999983, 0.0 ], [ 110.436998238, -6.949556441000027, 0.0 ], [ 110.436993948, -6.949539204000018, 0.0 ], [ 110.436989671, -6.949527053, 0.0 ], [ 110.436982861999979, -6.949512685, 0.0 ], [ 110.436961721999978, -6.949464913999975, 0.0 ], [ 110.43695347900001, -6.949447672000019, 0.0 ], [ 110.436949176999974, -6.949440128, 0.0 ], [ 110.436942359999989, -6.949432221999984, 0.0 ], [ 110.436929086000021, -6.949416410000026, 0.0 ], [ 110.436915812999985, -6.949399880999977, 0.0 ], [ 110.436896801999978, -6.949374728, 0.0 ], [ 110.436879940999972, -6.949354245999984, 0.0 ], [ 110.43684334400001, -6.949313636, 0.0 ], [ 110.436809615000016, -6.949278054999979, 0.0 ], [ 110.436783063, -6.949249662999989, 0.0 ], [ 110.436763695000025, -6.949222715000019, 0.0 ], [ 110.436735003000024, -6.949181037000017, 0.0 ], [ 110.43671671200002, -6.949154091000025, 0.0 ], [ 110.436704873, -6.949140076, 0.0 ], [ 110.436686571, -6.949122462999981, 0.0 ], [ 110.436663603999989, -6.949100537, 0.0 ], [ 110.436636330999988, -6.949074298000028, 0.0 ], [ 110.436614083, -6.949052014000017, 0.0 ], [ 110.436602242, -6.949039793999987, 0.0 ], [ 110.436593268000024, -6.949033680000014, 0.0 ], [ 110.436581419999982, -6.949026845, 0.0 ], [ 110.436573520000024, -6.949023964, 0.0 ], [ 110.436563466, -6.949018926, 0.0 ], [ 110.436562040000013, -6.949009949000015, 0.0 ], [ 110.436562767999987, -6.949002052000026, 0.0 ], [ 110.436564934999979, -6.948992003, 0.0 ], [ 110.436564587000021, -6.948982310000019, 0.0 ], [ 110.436562079999987, -6.948975845, 0.0 ], [ 110.436548089999974, -6.948958237, 0.0 ], [ 110.436534815000016, -6.948942784999986, 0.0 ], [ 110.436522976, -6.94892877, 0.0 ], [ 110.436513289, -6.948917629, 0.0 ], [ 110.436504319999983, -6.948906849000025, 0.0 ], [ 110.436494988999982, -6.948899299, 0.0 ], [ 110.436485289000018, -6.948898928, 0.0 ], [ 110.436477740999976, -6.948901791000026, 0.0 ], [ 110.436468041000012, -6.948901062, 0.0 ], [ 110.436461217999977, -6.948898541, 0.0 ], [ 110.43645009, -6.948891347000028, 0.0 ], [ 110.436437162, -6.948885947, 0.0 ], [ 110.436431054000025, -6.94888629899998, 0.0 ], [ 110.436423505, -6.948890238999979, 0.0 ], [ 110.436417032, -6.948895975000028, 0.0 ], [ 110.436411996, -6.948900636000019, 0.0 ], [ 110.436407323000026, -6.948903143, 0.0 ], [ 110.436400498000012, -6.948902057999987, 0.0 ], [ 110.436391882, -6.948896663000028, 0.0 ], [ 110.436380752, -6.948890547000019, 0.0 ], [ 110.436364234999985, -6.948882629000025, 0.0 ], [ 110.436355618999983, -6.948877234, 0.0 ], [ 110.436349517999986, -6.948872200999972, 0.0 ], [ 110.436340186, -6.948864651, 0.0 ], [ 110.436329063000017, -6.948852790999979, 0.0 ], [ 110.436316501000022, -6.948842006, 0.0 ], [ 110.436306213000023, -6.948832540000012, 0.0 ], [ 110.436296642, -6.948825349, 0.0 ], [ 110.436289456999987, -6.948824861999981, 0.0 ], [ 110.436280352999972, -6.948826766000025, 0.0 ], [ 110.436270768999975, -6.94882962600002, 0.0 ], [ 110.436263102999987, -6.948831531999986, 0.0 ], [ 110.436255917999972, -6.948830566000026, 0.0 ], [ 110.436248262, -6.948823855, 0.0 ], [ 110.436232948, -6.948811391999982, 0.0 ], [ 110.436214286999984, -6.948794137999982, 0.0 ], [ 110.436204238000016, -6.94878551, 0.0 ], [ 110.436198500999978, -6.948775930000011, 0.0 ], [ 110.436199468999973, -6.948767794, 0.0 ], [ 110.436199489999979, -6.948749604999989, 0.0 ], [ 110.436197583000023, -6.948742423, 0.0 ], [ 110.436189449999972, -6.948733796999988, 0.0 ], [ 110.436180361000027, -6.948722777, 0.0 ], [ 110.436162181999975, -6.948702652, 0.0 ], [ 110.436138738000011, -6.948679648, 0.0 ], [ 110.436118163, -6.948659997999982, 0.0 ], [ 110.436095196999986, -6.948637474, 0.0 ], [ 110.436060740000016, -6.948610149, 0.0 ], [ 110.436024366000026, -6.948583779999979, 0.0 ], [ 110.435989424000013, -6.948560762, 0.0 ], [ 110.435961184, -6.948542061000012, 0.0 ], [ 110.435936305999974, -6.948516661999975, 0.0 ], [ 110.435900901000025, -6.948480242000016, 0.0 ], [ 110.435878417000026, -6.948455325, 0.0 ], [ 110.43585688600001, -6.948434238, 0.0 ], [ 110.43584493100002, -6.948417469999981, 0.0 ], [ 110.435834890000024, -6.948401183999977, 0.0 ], [ 110.435822461999976, -6.948379628999987, 0.0 ], [ 110.435812423000016, -6.948362385999985, 0.0 ], [ 110.43580620900002, -6.948351369000022, 0.0 ], [ 110.435801911999988, -6.94833891899998, 0.0 ], [ 110.435801921, -6.948331739000025, 0.0 ], [ 110.435805760999983, -6.948324563000028, 0.0 ], [ 110.435811996999973, -6.948317869999983, 0.0 ], [ 110.435823984000024, -6.948308311, 0.0 ], [ 110.435836454000025, -6.948295401999985, 0.0 ], [ 110.435849874999974, -6.948288237999975, 0.0 ], [ 110.435861859, -6.948280593, 0.0 ], [ 110.435870971999975, -6.948271509999984, 0.0 ], [ 110.435876251000025, -6.948262899999975, 0.0 ], [ 110.435876259, -6.948256199000014, 0.0 ], [ 110.435869089999983, -6.948242309000022, 0.0 ], [ 110.435864311999978, -6.948232250999979, 0.0 ], [ 110.435856667999985, -6.948215489, 0.0 ], [ 110.43584949000001, -6.94820925800002, 0.0 ], [ 110.435840391999989, -6.948206374999984, 0.0 ], [ 110.435828895999975, -6.948205883000014, 0.0 ], [ 110.43582267, -6.948204917999988, 0.0 ], [ 110.435815494, -6.948196772000017, 0.0 ], [ 110.435808795000014, -6.94819054200002, 0.0 ], [ 110.435796817999972, -6.948191963999989, 0.0 ], [ 110.435791543999983, -6.948195786999975, 0.0 ], [ 110.43578914, -6.948203442000022, 0.0 ], [ 110.435796302000028, -6.948223075999977, 0.0 ], [ 110.435802036999974, -6.948234571, 0.0 ], [ 110.43580633800002, -6.948242713000013, 0.0 ], [ 110.435813032, -6.948252772999979, 0.0 ], [ 110.435815418, -6.948260913000013, 0.0 ], [ 110.435815411000021, -6.948266656999976, 0.0 ], [ 110.43580534, -6.948276218, 0.0 ], [ 110.435795751, -6.948283387, 0.0 ], [ 110.435783765999986, -6.948291031, 0.0 ], [ 110.435771301999978, -6.948299153, 0.0 ], [ 110.435761236000019, -6.948304885000027, 0.0 ], [ 110.435750695000024, -6.948307265999972, 0.0 ], [ 110.435741595000025, -6.948305818999984, 0.0 ], [ 110.435735373999989, -6.94830006799998, 0.0 ], [ 110.435731073999989, -6.948290967999981, 0.0 ], [ 110.435727251, -6.948283784000012, 0.0 ], [ 110.435720077999974, -6.948273245, 0.0 ], [ 110.435712427, -6.948262226, 0.0 ], [ 110.435703341000021, -6.948248813000021, 0.0 ], [ 110.435693298999979, -6.948233963, 0.0 ], [ 110.4356823, -6.948219111000014, 0.0 ], [ 110.435669373999986, -6.948212394, 0.0 ], [ 110.435656443000028, -6.948210464, 0.0 ], [ 110.435643507, -6.948211884999978, 0.0 ], [ 110.435619068999983, -6.948219036000012, 0.0 ], [ 110.435608532, -6.948217586999988, 0.0 ], [ 110.435601830999985, -6.948212792999982, 0.0 ], [ 110.435591304000013, -6.94820368500001, 0.0 ], [ 110.435585565, -6.948195541000018, 0.0 ], [ 110.435578035, -6.948183207, 0.0 ], [ 110.435578157, -6.948182057999986, 0.0 ], [ 110.435574582000015, -6.948166975999982, 0.0 ], [ 110.435574589999987, -6.948159796000027, 0.0 ], [ 110.435584663999975, -6.948148319999973, 0.0 ], [ 110.435595451999973, -6.948139717, 0.0 ], [ 110.435614859999987, -6.948133278, 0.0 ], [ 110.435643616999982, -6.948119670999972, 0.0 ], [ 110.43566375, -6.948108207000018, 0.0 ], [ 110.435681011999975, -6.948093868, 0.0 ], [ 110.435682466, -6.948079510000014, 0.0 ], [ 110.435673856, -6.948069447000023, 0.0 ], [ 110.435657334999974, -6.948064402, 0.0 ], [ 110.435640089, -6.948065816999986, 0.0 ], [ 110.435619238000015, -6.94807728, 0.0 ], [ 110.4356027, -6.948087311999984, 0.0 ], [ 110.435578971999973, -6.948100926, 0.0 ], [ 110.43557033899998, -6.948109531999989, 0.0 ], [ 110.435559561, -6.948109519000013, 0.0 ], [ 110.435540192000019, -6.948083648000022, 0.0 ], [ 110.435530874999984, -6.948063532999981, 0.0 ], [ 110.435527295999975, -6.948052040999983, 0.0 ], [ 110.435530906999986, -6.948036248999983, 0.0 ], [ 110.43554314, -6.948021186, 0.0 ], [ 110.435558241000024, -6.948011152, 0.0 ], [ 110.435581250999974, -6.947997537999981, 0.0 ], [ 110.435598508999988, -6.947986071, 0.0 ], [ 110.435608593999973, -6.947964543000012, 0.0 ], [ 110.435613648000015, -6.947944445000019, 0.0 ], [ 110.435611511, -6.947928647000026, 0.0 ], [ 110.435604824999984, -6.947911646000023, 0.0 ], [ 110.435602682000024, -6.947900874000027, 0.0 ], [ 110.435609164000027, -6.947888676, 0.0 ], [ 110.435619960999986, -6.947872174999986, 0.0 ], [ 110.435619256999985, -6.947859967999989, 0.0 ], [ 110.435611365999989, -6.947849906999977, 0.0 ], [ 110.435597726000026, -6.947839120000026, 0.0 ], [ 110.435584805000019, -6.947829053000021, 0.0 ], [ 110.435581942999988, -6.947818998, 0.0 ], [ 110.435586994, -6.947801054000024, 0.0 ], [ 110.435590607, -6.947783827000023, 0.0 ], [ 110.435587027999986, -6.947772333999978, 0.0 ], [ 110.43557554, -6.947765141, 0.0 ], [ 110.435564759999977, -6.947766564, 0.0 ], [ 110.435553968000022, -6.94777875699998, 0.0 ], [ 110.435543172999985, -6.947793104000027, 0.0 ], [ 110.435530938999989, -6.947808884999972, 0.0 ], [ 110.435514388, -6.947829687000024, 0.0 ], [ 110.435504321, -6.947836137000024, 0.0 ], [ 110.435492107000016, -6.947834687000011, 0.0 ], [ 110.435477025000012, -6.94782892500001, 0.0 ], [ 110.435464819, -6.947821729999987, 0.0 ], [ 110.435453332, -6.947813101, 0.0 ], [ 110.435445437999988, -6.947805193000022, 0.0 ], [ 110.435444731000018, -6.947795140999972, 0.0 ], [ 110.435451216, -6.947780071000011, 0.0 ], [ 110.435460579, -6.94776213199998, 0.0 ], [ 110.43546419, -6.947746339999981, 0.0 ], [ 110.435459891, -6.947736282999983, 0.0 ], [ 110.435447684, -6.947729089, 0.0 ], [ 110.435431156999982, -6.947729787000014, 0.0 ], [ 110.435414628999979, -6.947731922, 0.0 ], [ 110.435400265999988, -6.947725443000024, 0.0 ], [ 110.435385904999976, -6.947716809999974, 0.0 ], [ 110.435373704000028, -6.947705306999978, 0.0 ], [ 110.43536438000001, -6.947690936000015, 0.0 ], [ 110.435357206999981, -6.947680876, 0.0 ], [ 110.435348593000015, -6.947673685999973, 0.0 ], [ 110.435340691000022, -6.947672239999974, 0.0 ], [ 110.435327750999988, -6.947677251000016, 0.0 ], [ 110.435321276000025, -6.947684423, 0.0 ], [ 110.435315514000024, -6.947695904, 0.0 ], [ 110.435306867, -6.947716715000013, 0.0 ], [ 110.435300386, -6.947728196000014, 0.0 ], [ 110.43529176200002, -6.947729621, 0.0 ], [ 110.43527452, -6.947727446999977, 0.0 ], [ 110.435252247, -6.947725983999987, 0.0 ], [ 110.435235001000024, -6.947727400000019, 0.0 ], [ 110.435227089000023, -6.947733852, 0.0 ], [ 110.435217013999988, -6.947747482000011, 0.0 ], [ 110.435201912000025, -6.947758234, 0.0 ], [ 110.435186096, -6.947764677, 0.0 ], [ 110.435163806999981, -6.947776856000019, 0.0 ], [ 110.435153013, -6.947790484999985, 0.0 ], [ 110.435145807000026, -6.947807708000028, 0.0 ], [ 110.435139320000019, -6.947824933, 0.0 ], [ 110.435134267000024, -6.947844311999972, 0.0 ], [ 110.435130661000017, -6.947855077999975, 0.0 ], [ 110.435123471999987, -6.947858659000019, 0.0 ], [ 110.435108386000024, -6.947855769, 0.0 ], [ 110.435088273000019, -6.947850718999973, 0.0 ], [ 110.435060978000024, -6.947842789, 0.0 ], [ 110.435037272999978, -6.947837735, 0.0 ], [ 110.435013568999977, -6.947831244999975, 0.0 ], [ 110.435003521, -6.947821899000019, 0.0 ], [ 110.435002101, -6.947807537000017, 0.0 ], [ 110.435001404, -6.947789586999988, 0.0 ], [ 110.434992796000017, -6.947777369999983, 0.0 ], [ 110.434974125, -6.947768014000019, 0.0 ], [ 110.434953297999982, -6.947759373999986, 0.0 ], [ 110.434932471000025, -6.947750733000021, 0.0 ], [ 110.4349138, -6.947741377, 0.0 ], [ 110.434889382, -6.947732014, 0.0 ], [ 110.434870707000016, -6.947726247, 0.0 ], [ 110.434857064000028, -6.947718093999981, 0.0 ], [ 110.434853724, -6.94770755899998, 0.0 ], [ 110.434848946999978, -6.947696544, 0.0 ], [ 110.434843205999982, -6.947689836, 0.0 ], [ 110.434831234, -6.947687428999984, 0.0 ], [ 110.434818302999986, -6.94768502, 0.0 ], [ 110.434804413999984, -6.947683089, 0.0 ], [ 110.434792438999978, -6.947682117, 0.0 ], [ 110.43478238199998, -6.947680191000018, 0.0 ], [ 110.434777119999978, -6.94767396200001, 0.0 ], [ 110.434776654000018, -6.947663431000024, 0.0 ], [ 110.434775714000011, -6.947648591000018, 0.0 ], [ 110.434773807999989, -6.94763997299998, 0.0 ], [ 110.434769984000013, -6.947633267000015, 0.0 ], [ 110.434763762999978, -6.947627516000011, 0.0 ], [ 110.434747962000017, -6.947621753000021, 0.0 ], [ 110.434727853000027, -6.947614069999986, 0.0 ], [ 110.434711092999976, -6.947608785, 0.0 ], [ 110.434694330000013, -6.947606372, 0.0 ], [ 110.434688108999978, -6.947601578, 0.0 ], [ 110.434686680000027, -6.947594396, 0.0 ], [ 110.43469100599998, -6.947582435000015, 0.0 ], [ 110.434698223, -6.947555637999983, 0.0 ], [ 110.434701594999979, -6.947539845999984, 0.0 ], [ 110.434702570000013, -6.947525966, 0.0 ], [ 110.434695869, -6.947521172, 0.0 ], [ 110.434687250000025, -6.94751829, 0.0 ], [ 110.434678634000022, -6.947513013999981, 0.0 ], [ 110.434675293999987, -6.947502000999975, 0.0 ], [ 110.434673395, -6.947488116999978, 0.0 ], [ 110.434671015, -6.947475191000024, 0.0 ], [ 110.434663840999974, -6.947465609, 0.0 ], [ 110.434649955, -6.947460805999981, 0.0 ], [ 110.434630321999975, -6.94745551699998, 0.0 ], [ 110.434615472000019, -6.947455499, 0.0 ], [ 110.43460492600002, -6.947462187999975, 0.0 ], [ 110.434597250000024, -6.947471752000013, 0.0 ], [ 110.434585256999981, -6.947486576000017, 0.0 ], [ 110.434574699, -6.947502838, 0.0 ], [ 110.434563663, -6.947518141999979, 0.0 ], [ 110.434555998, -6.947519090000014, 0.0 ], [ 110.434546422999972, -6.947514292, 0.0 ], [ 110.434529672, -6.947502306, 0.0 ], [ 110.434511483, -6.947490318, 0.0 ], [ 110.434499996, -6.947482166999976, 0.0 ], [ 110.434496170999978, -6.947476418, 0.0 ], [ 110.43449522100002, -6.947469716, 0.0 ], [ 110.434498588, -6.947458231999974, 0.0 ], [ 110.434502915999985, -6.947443877000012, 0.0 ], [ 110.434506284, -6.947431435999988, 0.0 ], [ 110.434507736, -6.947419470999989, 0.0 ], [ 110.434502473, -6.947413720999975, 0.0 ], [ 110.434490985000025, -6.947406527, 0.0 ], [ 110.434477104999985, -6.947396938, 0.0 ], [ 110.434463223000023, -6.947388784, 0.0 ], [ 110.434452691, -6.947383984999988, 0.0 ], [ 110.434446939, -6.947386371, 0.0 ], [ 110.434437828, -6.947394976, 0.0 ], [ 110.43442823700002, -6.947403580000014, 0.0 ], [ 110.434421046000011, -6.947408359, 0.0 ], [ 110.434413861, -6.947407871, 0.0 ], [ 110.434407637, -6.947405471000025, 0.0 ], [ 110.43440046, -6.947398282, 0.0 ], [ 110.434377486000017, -6.947382936999986, 0.0 ], [ 110.434309993999989, -6.947340735000012, 0.0 ], [ 110.434263562000012, -6.947312916999977, 0.0 ], [ 110.434236756000018, -6.947297089000017, 0.0 ], [ 110.434225747000028, -6.947290375000023, 0.0 ], [ 110.434221445, -6.94728223200002, 0.0 ], [ 110.434221458000025, -6.947271702000023, 0.0 ], [ 110.434223863999989, -6.947262131, 0.0 ], [ 110.434237312, -6.947232470000017, 0.0 ], [ 110.434241639, -6.947219072999985, 0.0 ], [ 110.434242615000016, -6.947204714, 0.0 ], [ 110.434236396000017, -6.947197527000014, 0.0 ], [ 110.434224904000018, -6.947193684000013, 0.0 ], [ 110.434210059, -6.947189837, 0.0 ], [ 110.434195692, -6.947186468999973, 0.0 ], [ 110.43419090499998, -6.947184548999985, 0.0 ], [ 110.434188038, -6.947177844, 0.0 ], [ 110.434187090000023, -6.947169706000011, 0.0 ], [ 110.434184706, -6.947160129999986, 0.0 ], [ 110.434175184000026, -6.947111774, 0.0 ], [ 110.43415180300002, -6.947002076, 0.0 ], [ 110.43414471, -6.946964564999973, 0.0 ], [ 110.434143522999989, -6.946956485999976, 0.0 ], [ 110.434143527, -6.946952597, 0.0 ], [ 110.434147423000013, -6.94694961, 0.0 ], [ 110.434169586, -6.946942157000024, 0.0 ], [ 110.434193247999985, -6.946934108, 0.0 ], [ 110.434214214, -6.946926653999981, 0.0 ], [ 110.434227392000025, -6.94692218199998, 0.0 ], [ 110.434233382, -6.946920694000028, 0.0 ], [ 110.434238471000015, -6.946920998999985, 0.0 ], [ 110.434243558999981, -6.946921901999985, 0.0 ], [ 110.434255532, -6.946924609, 0.0 ], [ 110.434289055000022, -6.946931231, 0.0 ], [ 110.43433395400001, -6.946939063, 0.0 ], [ 110.434341738, -6.946939072000021, 0.0 ], [ 110.434348624, -6.946938780999972, 0.0 ], [ 110.434357008, -6.946938193, 0.0 ], [ 110.434404973000028, -6.946935629, 0.0 ], [ 110.434422459000018, -6.946933974999979, 0.0 ], [ 110.434439946, -6.946931602, 0.0 ], [ 110.434449767999979, -6.946930178, 0.0 ], [ 110.434483307999983, -6.946922799, 0.0 ], [ 110.434551586, -6.946908281, 0.0 ], [ 110.434625734, -6.946891688, 0.0 ], [ 110.434704786999987, -6.946879098000011, 0.0 ], [ 110.434771144000024, -6.946869124999978, 0.0 ], [ 110.434820732, -6.946861286, 0.0 ], [ 110.434833428, -6.946859147, 0.0 ], [ 110.434847075999983, -6.946862513999974, 0.0 ], [ 110.434913404999975, -6.946875756999987, 0.0 ], [ 110.434982819000027, -6.946888349, 0.0 ], [ 110.43503095, -6.946897021999973, 0.0 ], [ 110.435064856999986, -6.946903238, 0.0 ], [ 110.435096035000015, -6.946908443999973, 0.0 ], [ 110.435113851999972, -6.946911338, 0.0 ], [ 110.435121466999988, -6.946912065, 0.0 ], [ 110.43513109700001, -6.946910784000011, 0.0 ], [ 110.435134404, -6.94690906400001, 0.0 ], [ 110.435137715, -6.946904473000018, 0.0 ], [ 110.435143330000017, -6.946895719999986, 0.0 ], [ 110.435153406999973, -6.946881228999985, 0.0 ], [ 110.435166939, -6.946860854000022, 0.0 ], [ 110.435178744999973, -6.946842582999977, 0.0 ], [ 110.435181048, -6.946839857999976, 0.0 ], [ 110.43518377800001, -6.946839861, 0.0 ], [ 110.43518622, -6.946841012999982, 0.0 ], [ 110.435189379, -6.946842882999988, 0.0 ], [ 110.435191819000011, -6.946845040000028, 0.0 ], [ 110.435195839000016, -6.946848204, 0.0 ], [ 110.43519928500001, -6.946851224, 0.0 ], [ 110.435205027, -6.946856113000024, 0.0 ], [ 110.435210052, -6.946859851999989, 0.0 ], [ 110.435213498999985, -6.946861867, 0.0 ], [ 110.435215799, -6.946860863999973, 0.0 ], [ 110.43521795700002, -6.946859143999973, 0.0 ], [ 110.435220835, -6.946856275000016, 0.0 ], [ 110.435222275, -6.946853117999979, 0.0 ], [ 110.43522141699998, -6.946850387999973, 0.0 ], [ 110.43521868900001, -6.9468478, 0.0 ], [ 110.435219124000014, -6.946844641999974, 0.0 ], [ 110.43522114000001, -6.946841629, 0.0 ], [ 110.435225745000025, -6.946836177000023, 0.0 ], [ 110.435228623, -6.94683244700002, 0.0 ], [ 110.435231933000011, -6.946828574, 0.0 ], [ 110.435235671999976, -6.946826137000016, 0.0 ], [ 110.435239696, -6.946825998, 0.0 ], [ 110.435242714000026, -6.946826433000012, 0.0 ], [ 110.435246162999988, -6.94682615, 0.0 ], [ 110.435248751000017, -6.946825290999982, 0.0 ], [ 110.435251052000012, -6.946823427000027, 0.0 ], [ 110.435255800999983, -6.946818119999989, 0.0 ], [ 110.435260406, -6.946812669, 0.0 ], [ 110.435269471000026, -6.946802914999978, 0.0 ], [ 110.435277671999984, -6.946794738999984, 0.0 ], [ 110.435295369000016, -6.946776811, 0.0 ], [ 110.435305729, -6.946766340000011, 0.0 ], [ 110.435316231, -6.946756014000016, 0.0 ], [ 110.435325872000021, -6.94674597300002, 0.0 ], [ 110.435331626999982, -6.94674038, 0.0 ], [ 110.435340403999987, -6.946730624999987, 0.0 ], [ 110.435349183000028, -6.946720297000013, 0.0 ], [ 110.435356522, -6.946711402, 0.0 ], [ 110.435363454000026, -6.946703273000026, 0.0 ], [ 110.435368058, -6.946698684000012, 0.0 ], [ 110.435372660999974, -6.946694811999976, 0.0 ], [ 110.435377265, -6.94669051, 0.0 ], [ 110.435381006, -6.946686493000016, 0.0 ], [ 110.435380292, -6.946682614999986, 0.0 ], [ 110.435377852999977, -6.946679309999979, 0.0 ], [ 110.435374549000016, -6.94667873100002, 0.0 ], [ 110.435371815999986, -6.946680594999975, 0.0 ], [ 110.435369080999976, -6.946684038, 0.0 ], [ 110.435365773, -6.94668704999998, 0.0 ], [ 110.435363182, -6.946690493, 0.0 ], [ 110.435358435000012, -6.946693789999983, 0.0 ], [ 110.43535513, -6.946694359999981, 0.0 ], [ 110.43535153800002, -6.946693063999987, 0.0 ], [ 110.435347709999974, -6.946690379000017, 0.0 ], [ 110.435336706999976, -6.946677442, 0.0 ], [ 110.435324272, -6.946661630999984, 0.0 ], [ 110.435313269, -6.946649650999973, 0.0 ], [ 110.435308969, -6.946640073000026, 0.0 ], [ 110.435310895999976, -6.946630502, 0.0 ], [ 110.435315697000021, -6.946621413, 0.0 ], [ 110.435315230000015, -6.94661184, 0.0 ], [ 110.435309492999977, -6.946602258999974, 0.0 ], [ 110.435299451, -6.94658788800001, 0.0 ], [ 110.435285583, -6.946567766999976, 0.0 ], [ 110.435276493, -6.946558661999973, 0.0 ], [ 110.435264518999986, -6.946557212000016, 0.0 ], [ 110.43525637, -6.946561988999974, 0.0 ], [ 110.435245827000017, -6.946565326999973, 0.0 ], [ 110.435234337, -6.946560525999985, 0.0 ], [ 110.435225722999974, -6.946553336000022, 0.0 ], [ 110.435213762999979, -6.946539918999974, 0.0 ], [ 110.43520563300001, -6.946528901000022, 0.0 ], [ 110.435201812, -6.946519323000018, 0.0 ], [ 110.435204699, -6.946508795999989, 0.0 ], [ 110.435206624999978, -6.946500661000016, 0.0 ], [ 110.435204719000012, -6.946492520999982, 0.0 ], [ 110.435194670999977, -6.946482457, 0.0 ], [ 110.435175528, -6.946467596, 0.0 ], [ 110.43515494899998, -6.946451776, 0.0 ], [ 110.435136436999983, -6.946440122000013, 0.0 ], [ 110.435120282000014, -6.946430051, 0.0 ], [ 110.435104126999988, -6.946419979999973, 0.0 ], [ 110.435093, -6.946411351, 0.0 ], [ 110.435090851999973, -6.946405245, 0.0 ], [ 110.43509158, -6.946396989, 0.0 ], [ 110.435095545000024, -6.946385865000025, 0.0 ], [ 110.43510167, -6.946371871, 0.0 ], [ 110.435109952, -6.946355367000024, 0.0 ], [ 110.435118951, -6.946341018, 0.0 ], [ 110.435126869999976, -6.946328462999986, 0.0 ], [ 110.435141096, -6.946315476, 0.0 ], [ 110.435157276999973, -6.946304127000019, 0.0 ], [ 110.435168065000028, -6.946295764000013, 0.0 ], [ 110.435174065000012, -6.946285000999978, 0.0 ], [ 110.435175875000027, -6.946274233, 0.0 ], [ 110.435171692999972, -6.94626585200001, 0.0 ], [ 110.435171105999984, -6.946256278000021, 0.0 ], [ 110.435178303999976, -6.946245515999976, 0.0 ], [ 110.435186107, -6.946229371000015, 0.0 ], [ 110.435195107000027, -6.946214423000015, 0.0 ], [ 110.4352065, -6.946200675, 0.0 ], [ 110.435219083, -6.94619351, 0.0 ], [ 110.435234057, -6.946189339999989, 0.0 ], [ 110.435242454, -6.94617738300002, 0.0 ], [ 110.435249656999986, -6.946162433999973, 0.0 ], [ 110.435253863000014, -6.946150472, 0.0 ], [ 110.435255075999976, -6.946137310999973, 0.0 ], [ 110.435253886, -6.946131326, 0.0 ], [ 110.43524851, -6.946119951000014, 0.0 ], [ 110.435243140000011, -6.946104387999981, 0.0 ], [ 110.435243158999981, -6.946088234, 0.0 ], [ 110.435250352000025, -6.94608166, 0.0 ], [ 110.435252156999979, -6.946074483000018, 0.0 ], [ 110.435253966, -6.94606371499998, 0.0 ], [ 110.435262365000028, -6.946050561999982, 0.0 ], [ 110.435285022000016, -6.946030724000025, 0.0 ], [ 110.435311633000026, -6.946009934000017, 0.0 ], [ 110.435325303000013, -6.945994873000018, 0.0 ], [ 110.435328907999974, -6.945984107000015, 0.0 ], [ 110.435338262000016, -6.945973348, 0.0 ], [ 110.435401529999979, -6.945941832000017, 0.0 ], [ 110.435421384999984, -6.945929090999982, 0.0 ], [ 110.435454944000014, -6.945905198, 0.0 ], [ 110.435485514999982, -6.945877113, 0.0 ], [ 110.435526878000019, -6.945837673000028, 0.0 ], [ 110.435544861999972, -6.94582034299998, 0.0 ], [ 110.435555056999988, -6.945807192000018, 0.0 ], [ 110.435573635000026, -6.945793451999975, 0.0 ], [ 110.435584424000012, -6.945783892, 0.0 ], [ 110.435593427000015, -6.94576655100002, 0.0 ], [ 110.435602431, -6.945747415000028, 0.0 ], [ 110.435610832, -6.945731868999985, 0.0 ], [ 110.435617442000023, -6.945712131999983, 0.0 ], [ 110.435624048000022, -6.945695984999986, 0.0 ], [ 110.435625867, -6.945676841000022, 0.0 ], [ 110.435625884, -6.945663078999985, 0.0 ], [ 110.435622308, -6.945649313999979, 0.0 ], [ 110.435615738000024, -6.945634945999984, 0.0 ], [ 110.435610366, -6.94562117800001, 0.0 ], [ 110.435607388, -6.945607413, 0.0 ], [ 110.435611, -6.945591262, 0.0 ], [ 110.435614007000027, -6.945580496, 0.0 ], [ 110.435612225, -6.945567929, 0.0 ], [ 110.435605652, -6.945557151, 0.0 ], [ 110.435596085999975, -6.945544574999985, 0.0 ], [ 110.435590717000025, -6.945528414000023, 0.0 ], [ 110.435593128, -6.945514655000011, 0.0 ], [ 110.435602120999988, -6.945505093, 0.0 ], [ 110.435614109000028, -6.945494935, 0.0 ], [ 110.435624304999976, -6.945480588, 0.0 ], [ 110.435623726000017, -6.945463834, 0.0 ], [ 110.435615367000025, -6.945444079000026, 0.0 ], [ 110.435604012, -6.945425517, 0.0 ], [ 110.435597444, -6.945409953000024, 0.0 ], [ 110.435595062, -6.945399179999981, 0.0 ], [ 110.43559208, -6.945389004999981, 0.0 ], [ 110.435595094, -6.945372854000027, 0.0 ], [ 110.435604083999976, -6.945365085999981, 0.0 ], [ 110.435617266, -6.945357922000028, 0.0 ], [ 110.435629248999987, -6.945351953, 0.0 ], [ 110.43563644, -6.945347175, 0.0 ], [ 110.435640041, -6.94534, 0.0 ], [ 110.435638857000015, -6.94532863, 0.0 ], [ 110.435636471, -6.945320848999984, 0.0 ], [ 110.435625715000015, -6.945302288, 0.0 ], [ 110.435613043999979, -6.945283485, 0.0 ], [ 110.435610537, -6.94527666099998, 0.0 ], [ 110.435611621000021, -6.945270919, 0.0 ], [ 110.435616658000015, -6.945265181000025, 0.0 ], [ 110.435623490000012, -6.945259803999988, 0.0 ], [ 110.435632479999981, -6.945252993999986, 0.0 ], [ 110.435643989000027, -6.945242956000016, 0.0 ], [ 110.43565513599998, -6.945233993999977, 0.0 ], [ 110.435667723999984, -6.945222521, 0.0 ], [ 110.435678513000028, -6.945213559000024, 0.0 ], [ 110.435686424999972, -6.945206746999986, 0.0 ], [ 110.435690024999985, -6.94520029, 0.0 ], [ 110.435679626000024, -6.945184123, 0.0 ], [ 110.435667787, -6.945170108000013, 0.0 ], [ 110.435665277999988, -6.945165438, 0.0 ], [ 110.435664203999977, -6.945162204999974, 0.0 ], [ 110.435664569999972, -6.945156462, 0.0 ], [ 110.435668169, -6.945150722, 0.0 ], [ 110.435676081999986, -6.945142834000023, 0.0 ], [ 110.435686873, -6.945132076999982, 0.0 ], [ 110.435695146, -6.945124189000012, 0.0 ], [ 110.435707733000015, -6.945113434, 0.0 ], [ 110.435719240000026, -6.945104114, 0.0 ], [ 110.43572859, -6.945096227000022, 0.0 ], [ 110.435737940000024, -6.945088699, 0.0 ], [ 110.435750161999977, -6.945082969999987, 0.0 ], [ 110.435760946000016, -6.945077597000022, 0.0 ], [ 110.435775684000021, -6.945070794, 0.0 ], [ 110.435787186000027, -6.945066140999984, 0.0 ], [ 110.435797251999986, -6.945060768000019, 0.0 ], [ 110.435803366000016, -6.945055030999981, 0.0 ], [ 110.435806965999973, -6.945049292000022, 0.0 ], [ 110.435808052000027, -6.945042472000011, 0.0 ], [ 110.435806980999985, -6.945037086000013, 0.0 ], [ 110.435802685, -6.945023798000022, 0.0 ], [ 110.43579588, -6.945006557999989, 0.0 ], [ 110.435787990999984, -6.944993625, 0.0 ], [ 110.435767197000018, -6.944957699999975, 0.0 ], [ 110.435746043999984, -6.944921056999988, 0.0 ], [ 110.435737437, -6.944908123, 0.0 ], [ 110.435729897999977, -6.944903447, 0.0 ], [ 110.43572379, -6.944903798999974, 0.0 ], [ 110.435715886000025, -6.944903790000012, 0.0 ], [ 110.435701871999981, -6.944906286, 0.0 ], [ 110.435682467, -6.94491057099998, 0.0 ], [ 110.435670249, -6.944912709999983, 0.0 ], [ 110.435658751, -6.944913773999986, 0.0 ], [ 110.435652286, -6.944913047999989, 0.0 ], [ 110.435639002000016, -6.944905493000022, 0.0 ], [ 110.435628222, -6.944907275, 0.0 ], [ 110.435621395, -6.944907625999974, 0.0 ], [ 110.435616728000014, -6.944905467000012, 0.0 ], [ 110.435612064, -6.94490007600001, 0.0 ], [ 110.435605252000016, -6.944888220999985, 0.0 ], [ 110.435595927, -6.944874927, 0.0 ], [ 110.435588038, -6.944861994, 0.0 ], [ 110.435582303999979, -6.944850140000028, 0.0 ], [ 110.435577645000023, -6.944840441999986, 0.0 ], [ 110.435578012, -6.94483398, 0.0 ], [ 110.435580173, -6.944829675, 0.0 ], [ 110.435588084000017, -6.944823222000025, 0.0 ], [ 110.435601385999973, -6.944816058000015, 0.0 ], [ 110.435612531, -6.94480961, 0.0 ], [ 110.435624753000013, -6.944803162000028, 0.0 ], [ 110.435635537999985, -6.944797430999984, 0.0 ], [ 110.435644163, -6.944795286999977, 0.0 ], [ 110.435650986999974, -6.944797091, 0.0 ], [ 110.435655293000025, -6.94480104500002, 0.0 ], [ 110.435659234000013, -6.944810383, 0.0 ], [ 110.435665325, -6.944824391, 0.0 ], [ 110.435669623000024, -6.944835524999974, 0.0 ], [ 110.435674638000023, -6.94484737800002, 0.0 ], [ 110.435681094000017, -6.944856720000018, 0.0 ], [ 110.435687555000015, -6.944861034999974, 0.0 ], [ 110.435697972000014, -6.944862484, 0.0 ], [ 110.435709114000019, -6.944858907000025, 0.0 ], [ 110.435714151000013, -6.944852450999974, 0.0 ], [ 110.435715958, -6.944843837, 0.0 ], [ 110.435713459, -6.944830551999985, 0.0 ], [ 110.435710538000023, -6.944819119999977, 0.0 ], [ 110.435707856000022, -6.944809244, 0.0 ], [ 110.435705472, -6.944799967999984, 0.0 ], [ 110.435703983999986, -6.944792188, 0.0 ], [ 110.435703390000015, -6.944787999000027, 0.0 ], [ 110.435704892999979, -6.944782915000019, 0.0 ], [ 110.435707593000018, -6.944778429999985, 0.0 ], [ 110.435712686999977, -6.944774547, 0.0 ], [ 110.43571928, -6.944769469, 0.0 ], [ 110.43572851, -6.944762180999987, 0.0 ], [ 110.435732108000025, -6.944757518000017, 0.0 ], [ 110.435736067999983, -6.944750702000022, 0.0 ], [ 110.43573931100002, -6.944742089999977, 0.0 ], [ 110.435741837000023, -6.944732758999976, 0.0 ], [ 110.435745081, -6.944723787999976, 0.0 ], [ 110.435745451, -6.944715530999986, 0.0 ], [ 110.435744741, -6.944708350999974, 0.0 ], [ 110.435742596000011, -6.94469901399998, 0.0 ], [ 110.435731791000023, -6.94462157800001, 0.0 ], [ 110.435718688, -6.944562626999982, 0.0 ], [ 110.435711234999985, -6.944536292, 0.0 ], [ 110.435708555000019, -6.944523724000021, 0.0 ], [ 110.435705574999986, -6.944512651000025, 0.0 ], [ 110.435701396000013, -6.944501876, 0.0 ], [ 110.435680724, -6.944426089999979, 0.0 ], [ 110.435662878000016, -6.944402890999982, 0.0 ], [ 110.435587425999984, -6.944375971, 0.0 ], [ 110.435517136999977, -6.944342808999977, 0.0 ], [ 110.435421905999988, -6.944339603, 0.0 ], [ 110.435411258999977, -6.944327896, 0.0 ], [ 110.435410306999984, -6.944322629999988, 0.0 ], [ 110.435409116000017, -6.944317124, 0.0 ], [ 110.435407925999982, -6.944310659999985, 0.0 ], [ 110.435408411000026, -6.944305634999978, 0.0 ], [ 110.435411529000021, -6.944301810000013, 0.0 ], [ 110.435415858999988, -6.944299661, 0.0 ], [ 110.435424004000026, -6.944298233999973, 0.0 ], [ 110.435431666999989, -6.944299200999978, 0.0 ], [ 110.435440766, -6.944301605000021, 0.0 ], [ 110.435447468, -6.944304484999975, 0.0 ], [ 110.435454646999972, -6.944309759000021, 0.0 ], [ 110.435459434999984, -6.944325558, 0.0 ], [ 110.435470141999986, -6.944330912, 0.0 ], [ 110.435533197999973, -6.944333885999981, 0.0 ], [ 110.435561823, -6.94434934100002, 0.0 ], [ 110.435567391, -6.944349768999984, 0.0 ], [ 110.435569675000011, -6.944348341000023, 0.0 ], [ 110.435571388000028, -6.944343202000027, 0.0 ], [ 110.435561823, -6.944287808000013, 0.0 ], [ 110.435658767, -6.944065905, 0.0 ], [ 110.435677979, -6.944027602, 0.0 ], [ 110.435727510999982, -6.94403066000001, 0.0 ], [ 110.435743571999978, -6.943853984999976, 0.0 ], [ 110.435815551000019, -6.943862908000028, 0.0 ], [ 110.435853092, -6.943859443, 0.0 ], [ 110.435874442, -6.943849226, 0.0 ], [ 110.435891099, -6.943829595000011, 0.0 ], [ 110.435897059000013, -6.943802826000024, 0.0 ], [ 110.435854462, -6.943670253, 0.0 ], [ 110.435863278999989, -6.943668157, 0.0 ], [ 110.435872094, -6.943666635999989, 0.0 ], [ 110.435883593000028, -6.943664926, 0.0 ], [ 110.435891035, -6.943665292999981, 0.0 ], [ 110.435912536999979, -6.943710791, 0.0 ], [ 110.435946420999983, -6.943701698999973, 0.0 ], [ 110.435915068999975, -6.943595916, 0.0 ], [ 110.435958186, -6.94359118, 0.0 ], [ 110.435986859000025, -6.943648654000015, 0.0 ], [ 110.436021374, -6.943634479000025, 0.0 ], [ 110.435996984999974, -6.94357439800001, 0.0 ], [ 110.436039653000023, -6.943562557, 0.0 ], [ 110.436058770999978, -6.94359848, 0.0 ], [ 110.436094713999978, -6.943584163000025, 0.0 ], [ 110.436078209000016, -6.943533450000018, 0.0 ], [ 110.436056533, -6.943466844999989, 0.0 ], [ 110.436121239999977, -6.943433416, 0.0 ], [ 110.436166658, -6.943507662, 0.0 ], [ 110.436296044000017, -6.943464737, 0.0 ], [ 110.43631523900001, -6.94343604, 0.0 ], [ 110.436384885999985, -6.943412933, 0.0 ], [ 110.436401495999974, -6.943407422, 0.0 ], [ 110.43639437600001, -6.943352367999978, 0.0 ], [ 110.436495018000016, -6.943311801, 0.0 ], [ 110.436514183999975, -6.943307037000011, 0.0 ], [ 110.436521406, -6.943275933, 0.0 ], [ 110.436561735, -6.943280857, 0.0 ], [ 110.436615651000011, -6.943292752, 0.0 ], [ 110.436660287, -6.943304818, 0.0 ], [ 110.436705787999983, -6.943309657999976, 0.0 ], [ 110.436720148, -6.943318052, 0.0 ], [ 110.43672948699998, -6.943328743, 0.0 ], [ 110.436732759, -6.943343615, 0.0 ], [ 110.436731179, -6.943364245999987, 0.0 ], [ 110.43672486600002, -6.943379086999983, 0.0 ], [ 110.436722437000014, -6.943407804, 0.0 ], [ 110.436782052000012, -6.943523439999979, 0.0 ], [ 110.436797004000027, -6.943558360999987, 0.0 ], [ 110.436875582000027, -6.943525258000022, 0.0 ], [ 110.436901869, -6.943575548000013, 0.0 ], [ 110.436818419000019, -6.943619930000011, 0.0 ], [ 110.4368589, -6.943723859999977, 0.0 ], [ 110.436840727, -6.943745744000012, 0.0 ], [ 110.436898428, -6.943876912, 0.0 ], [ 110.436915892, -6.943867549, 0.0 ], [ 110.436973254, -6.943968136000024, 0.0 ], [ 110.437110264000012, -6.943921945, 0.0 ], [ 110.437121809000018, -6.943918053, 0.0 ], [ 110.437171955, -6.944044958, 0.0 ], [ 110.437159426, -6.944050718000028, 0.0 ], [ 110.43701619, -6.944116571999984, 0.0 ], [ 110.43704010099998, -6.944150106999984, 0.0 ], [ 110.437125666999975, -6.944116940000015, 0.0 ], [ 110.437168795, -6.944209441, 0.0 ], [ 110.437138753999989, -6.944220744, 0.0 ], [ 110.437164036000013, -6.944284096999979, 0.0 ], [ 110.437219594999988, -6.944265198999972, 0.0 ], [ 110.437269749999984, -6.944384924000019, 0.0 ], [ 110.437283106999985, -6.944381427999986, 0.0 ], [ 110.437360792, -6.944361098, 0.0 ], [ 110.437393654, -6.944448577, 0.0 ], [ 110.437430155000015, -6.94444016, 0.0 ], [ 110.437454047000017, -6.94449044800001, 0.0 ], [ 110.437494782999977, -6.944473743, 0.0 ], [ 110.43756871, -6.944744275, 0.0 ], [ 110.437557659, -6.944752049999977, 0.0 ], [ 110.43743678200002, -6.944804604000012, 0.0 ], [ 110.437431284000013, -6.944794437999974, 0.0 ], [ 110.437428163999982, -6.944788669, 0.0 ], [ 110.437374627999986, -6.944811056999981, 0.0 ], [ 110.437369811999986, -6.944832591000022, 0.0 ], [ 110.437396123999974, -6.944861342000024, 0.0 ], [ 110.437415961, -6.944865875, 0.0 ], [ 110.437453045999973, -6.94485509499998, 0.0 ], [ 110.43745601, -6.944854233, 0.0 ], [ 110.437477232, -6.944849814, 0.0 ], [ 110.437501430999987, -6.944926086, 0.0 ], [ 110.437484840000025, -6.944950889999973, 0.0 ], [ 110.437477436999984, -6.944961956999975, 0.0 ], [ 110.437491780000016, -6.944985907999978, 0.0 ], [ 110.437498878999975, -6.944985916, 0.0 ], [ 110.437532496000017, -6.944985955999982, 0.0 ], [ 110.437554975000012, -6.944990195, 0.0 ], [ 110.437590863000025, -6.945024752999984, 0.0 ], [ 110.437622082000019, -6.945112446999985, 0.0 ], [ 110.437622303000012, -6.945132245000025, 0.0 ], [ 110.437653341999976, -6.945227760000023, 0.0 ], [ 110.437666254000021, -6.945294851000028, 0.0 ], [ 110.437634270999979, -6.945323697999982, 0.0 ], [ 110.437615903, -6.945340263999981, 0.0 ], [ 110.437651229999972, -6.945483106999973, 0.0 ], [ 110.437678356, -6.945533790000013, 0.0 ], [ 110.437710875, -6.945520429999988, 0.0 ], [ 110.437735455999984, -6.94551033099998, 0.0 ], [ 110.437773687, -6.945586962, 0.0 ], [ 110.437814409, -6.94558222400002, 0.0 ], [ 110.437866801999974, -6.945703687, 0.0 ], [ 110.437893197999983, -6.945766172, 0.0 ], [ 110.437924259, -6.94585519200001, 0.0 ], [ 110.437945658999979, -6.945986849, 0.0 ], [ 110.438000755000019, -6.945979734, 0.0 ], [ 110.438015076999989, -6.946020438, 0.0 ], [ 110.437964752000028, -6.94604431099998, 0.0 ], [ 110.437962256999981, -6.946128074, 0.0 ], [ 110.43794597599998, -6.946167451, 0.0 ], [ 110.437945443, -6.946168740000019, 0.0 ], [ 110.437950006999984, -6.946178542999974, 0.0 ], [ 110.437962165999977, -6.946204659999978, 0.0 ], [ 110.43801726800001, -6.946192758, 0.0 ], [ 110.438041139, -6.946259799000018, 0.0 ], [ 110.438069757999983, -6.946362745999977, 0.0 ], [ 110.438025519, -6.94638636000002, 0.0 ], [ 110.438002653000012, -6.946398566000028, 0.0 ], [ 110.438016898, -6.946503888, 0.0 ], [ 110.43806662999998, -6.946499288999973, 0.0 ], [ 110.438093550000019, -6.946496798999988, 0.0 ], [ 110.438126985, -6.946578210999974, 0.0 ], [ 110.43819645100001, -6.946571114, 0.0 ], [ 110.438222698, -6.946654911, 0.0 ], [ 110.438215475, -6.946686015000012, 0.0 ], [ 110.438222610000025, -6.946729103, 0.0 ], [ 110.438164002, -6.946762729, 0.0 ], [ 110.438143517000015, -6.946774482000023, 0.0 ], [ 110.438224731999981, -6.94695886300002, 0.0 ], [ 110.438241398, -6.947042649000025, 0.0 ], [ 110.438264305000018, -6.947034095999982, 0.0 ], [ 110.438413922, -6.946978234000028, 0.0 ], [ 110.438404379000019, -6.94694711, 0.0 ], [ 110.438425943000027, -6.946939955, 0.0 ], [ 110.43844978300001, -6.947033321999982, 0.0 ], [ 110.438433014999987, -6.947035696, 0.0 ], [ 110.438418680999973, -6.947004565999976, 0.0 ], [ 110.438275819000012, -6.947065247000012, 0.0 ], [ 110.438255732000016, -6.947073779, 0.0 ], [ 110.438286743, -6.947179120999976, 0.0 ], [ 110.438298718999988, -6.947179135, 0.0 ], [ 110.438313072000028, -6.947193512000013, 0.0 ], [ 110.438321885, -6.94718988, 0.0 ], [ 110.438382564, -6.947164875, 0.0 ], [ 110.438408859, -6.947207986000024, 0.0 ], [ 110.438341060000027, -6.947241759, 0.0 ], [ 110.438312999, -6.947255738000024, 0.0 ], [ 110.438346442000011, -6.94732997, 0.0 ], [ 110.438322471, -6.947346695000022, 0.0 ], [ 110.438351137999973, -6.947408955000014, 0.0 ], [ 110.438387071000022, -6.947404211, 0.0 ], [ 110.438382311999987, -6.947377878999987, 0.0 ], [ 110.438390137999988, -6.947374539, 0.0 ], [ 110.438482957000019, -6.947334919000014, 0.0 ], [ 110.438490117000015, -6.94735646700002, 0.0 ], [ 110.438401457999987, -6.947389868000016, 0.0 ], [ 110.438425316, -6.947468876000016, 0.0 ], [ 110.438425052000014, -6.947468999000023, 0.0 ], [ 110.438312683, -6.947521395000024, 0.0 ], [ 110.438346126999988, -6.947595627, 0.0 ], [ 110.438458387000026, -6.947558383, 0.0 ], [ 110.438482701999988, -6.947550316, 0.0 ], [ 110.438525663, -6.94767721300002, 0.0 ], [ 110.438590135000027, -6.947842427000012, 0.0 ], [ 110.438569604, -6.94785142500001, 0.0 ], [ 110.438470317, -6.947894938, 0.0 ], [ 110.438456014999986, -6.947837482000011, 0.0 ], [ 110.43840809, -6.947856570999988, 0.0 ], [ 110.438431933, -6.947947544999977, 0.0 ], [ 110.438364826999987, -6.947983366000017, 0.0 ], [ 110.438379140999984, -6.948031249, 0.0 ], [ 110.438568450999981, -6.947950100000014, 0.0 ], [ 110.438602833, -6.947938979000014, 0.0 ], [ 110.438664292, -6.947919101000025, 0.0 ], [ 110.438669065999989, -6.947933466, 0.0 ], [ 110.438610357000016, -6.947958804999985, 0.0 ], [ 110.438597174999984, -6.947964494000018, 0.0 ], [ 110.438629321, -6.948008771, 0.0 ], [ 110.438635434999981, -6.948017192, 0.0 ], [ 110.438664175999975, -6.948017226, 0.0 ], [ 110.438695213000017, -6.948101028999986, 0.0 ], [ 110.438666808, -6.948107543999981, 0.0 ], [ 110.43866406799998, -6.948108172, 0.0 ], [ 110.438661517000014, -6.948239801, 0.0 ], [ 110.438651904999972, -6.948266116000013, 0.0 ], [ 110.438671038, -6.94829007200002, 0.0 ], [ 110.438563172999977, -6.948361743000021, 0.0 ], [ 110.438563123999984, -6.948402429999987, 0.0 ], [ 110.438579872999981, -6.94841680899998, 0.0 ], [ 110.438646982000023, -6.948378596, 0.0 ], [ 110.438687749, -6.948335564999979, 0.0 ], [ 110.438735672, -6.948318868, 0.0 ], [ 110.438746433, -6.948317345000021, 0.0 ], [ 110.438769208999986, -6.94831412100001, 0.0 ], [ 110.438793174000011, -6.94830218300001, 0.0 ], [ 110.438793851000014, -6.948315333999972, 0.0 ], [ 110.438795514999981, -6.948347658999978, 0.0 ], [ 110.438836238000022, -6.948342920000016, 0.0 ], [ 110.438850576999982, -6.948369264, 0.0 ], [ 110.438886524, -6.948352553, 0.0 ], [ 110.438874591, -6.948316638999984, 0.0 ], [ 110.438893791, -6.948283156, 0.0 ], [ 110.438899774999982, -6.948277190999988, 0.0 ], [ 110.43892976, -6.948247299, 0.0 ], [ 110.438956112000028, -6.948242543, 0.0 ], [ 110.438999264000017, -6.948209088, 0.0 ], [ 110.438987376, -6.948134880999987, 0.0 ], [ 110.438934731000018, -6.948016322, 0.0 ], [ 110.438896597999985, -6.947936129000027, 0.0 ], [ 110.438925297000026, -6.947926046000021, 0.0 ], [ 110.438937332000023, -6.947921818, 0.0 ], [ 110.438937405, -6.947859591999986, 0.0 ], [ 110.438904042, -6.947866218, 0.0 ], [ 110.438865535, -6.947873866, 0.0 ], [ 110.43885601400001, -6.947823595999978, 0.0 ], [ 110.43888596, -6.947815322, 0.0 ], [ 110.43889914, -6.947811679999973, 0.0 ], [ 110.438899172, -6.947785354000018, 0.0 ], [ 110.438873655, -6.947780686999977, 0.0 ], [ 110.438872831000026, -6.947780535999982, 0.0 ], [ 110.438869727, -6.947769629999982, 0.0 ], [ 110.438848979, -6.947696742, 0.0 ], [ 110.438844524999979, -6.947698694, 0.0 ], [ 110.438789070999974, -6.947722997000028, 0.0 ], [ 110.438774782, -6.947653574000014, 0.0 ], [ 110.43879396, -6.947639236999976, 0.0 ], [ 110.438767750000011, -6.947524327, 0.0 ], [ 110.438782138000022, -6.947509985000011, 0.0 ], [ 110.438779770999986, -6.94748604900002, 0.0 ], [ 110.438743842, -6.947488399, 0.0 ], [ 110.438734307, -6.947450095000022, 0.0 ], [ 110.438770745999989, -6.947431943000026, 0.0 ], [ 110.438772651000022, -6.947430994, 0.0 ], [ 110.438763118999987, -6.947390297000027, 0.0 ], [ 110.438775116999977, -6.947371164, 0.0 ], [ 110.438772745, -6.947352014999979, 0.0 ], [ 110.438775159999977, -6.947335265, 0.0 ], [ 110.438813520999986, -6.947301804, 0.0 ], [ 110.438803979999989, -6.947268286, 0.0 ], [ 110.438739297999973, -6.947280176, 0.0 ], [ 110.438732156000015, -6.94724426800002, 0.0 ], [ 110.438760910999974, -6.947232336000013, 0.0 ], [ 110.43874660900002, -6.947174878999988, 0.0 ], [ 110.438727448, -6.947174857, 0.0 ], [ 110.438708352, -6.947119788, 0.0 ], [ 110.438751490000016, -6.947098299, 0.0 ], [ 110.438727629000027, -6.947021684999982, 0.0 ], [ 110.438698934, -6.946983358000011, 0.0 ], [ 110.43867265, -6.946930673999987, 0.0 ], [ 110.438636734999989, -6.946921057999987, 0.0 ], [ 110.438632628, -6.946907044999989, 0.0 ], [ 110.43861288, -6.946839657999988, 0.0 ], [ 110.438614773999973, -6.946839029999978, 0.0 ], [ 110.438634445, -6.946832503, 0.0 ], [ 110.438610621, -6.946724776, 0.0 ], [ 110.438591531999975, -6.946664920999979, 0.0 ], [ 110.438567626, -6.946626599000012, 0.0 ], [ 110.438574851, -6.946593102, 0.0 ], [ 110.438548606999973, -6.946506910999972, 0.0 ], [ 110.438528038000015, -6.946508600000016, 0.0 ], [ 110.43851986300001, -6.946509271000025, 0.0 ], [ 110.438512711999977, -6.946480543, 0.0 ], [ 110.438519618999976, -6.946476528, 0.0 ], [ 110.438541472999987, -6.946463822999988, 0.0 ], [ 110.438534108, -6.946398365, 0.0 ], [ 110.438529621999976, -6.946358503999988, 0.0 ], [ 110.438529693000021, -6.946298671000022, 0.0 ], [ 110.438563247, -6.946279564, 0.0 ], [ 110.438558517, -6.946229298999981, 0.0 ], [ 110.438544246, -6.946145517, 0.0 ], [ 110.438503518, -6.946155041999987, 0.0 ], [ 110.438477245, -6.946092783999973, 0.0 ], [ 110.438389003999987, -6.945774369999981, 0.0 ], [ 110.438444119999986, -6.94575050200001, 0.0 ], [ 110.438427397, -6.945714582999983, 0.0 ], [ 110.438362703999985, -6.945736045999979, 0.0 ], [ 110.438330786999984, -6.945598879999977, 0.0 ], [ 110.43830313, -6.945479891, 0.0 ], [ 110.438274471, -6.945410450999987, 0.0 ], [ 110.438329572999976, -6.94539855, 0.0 ], [ 110.438284153999973, -6.945324303, 0.0 ], [ 110.438260373, -6.945180677, 0.0 ], [ 110.438219651, -6.945185415000026, 0.0 ], [ 110.438188629000024, -6.945089645999985, 0.0 ], [ 110.438188683000021, -6.945044172999985, 0.0 ], [ 110.438227015, -6.945034645000021, 0.0 ], [ 110.438250969000023, -6.945032280000021, 0.0 ], [ 110.438239065, -6.944972434000022, 0.0 ], [ 110.438169601000027, -6.944977138000013, 0.0 ], [ 110.438124231000018, -6.944862205, 0.0 ], [ 110.438074141000016, -6.944687434, 0.0 ], [ 110.438040676000014, -6.944632349000017, 0.0 ], [ 110.438043113, -6.944596451999985, 0.0 ], [ 110.438035985, -6.944548576999978, 0.0 ], [ 110.438019250000025, -6.944522231, 0.0 ], [ 110.437995372999978, -6.944459977, 0.0 ], [ 110.438045696000017, -6.944438495999975, 0.0 ], [ 110.438031405, -6.944371467, 0.0 ], [ 110.437976306, -6.944380975, 0.0 ], [ 110.437921393000011, -6.944234918, 0.0 ], [ 110.437902458999986, -6.944043431000011, 0.0 ], [ 110.437876158999984, -6.94400510700001, 0.0 ], [ 110.437856024999974, -6.943926362000013, 0.0 ], [ 110.437830862, -6.943827947999978, 0.0 ], [ 110.437797452999973, -6.943724996000014, 0.0 ], [ 110.43776894299998, -6.943531103999987, 0.0 ], [ 110.437737794999975, -6.943540641000027, 0.0 ], [ 110.437682859, -6.943413729999975, 0.0 ], [ 110.437670986, -6.943327556999975, 0.0 ], [ 110.437747656999989, -6.943303715000013, 0.0 ], [ 110.437742905999983, -6.943270203, 0.0 ], [ 110.437711759000024, -6.943279739, 0.0 ], [ 110.437690260000011, -6.943231847, 0.0 ], [ 110.437726203000011, -6.943217530000027, 0.0 ], [ 110.437723837000021, -6.943193593999979, 0.0 ], [ 110.437687902, -6.943200731, 0.0 ], [ 110.437661640999977, -6.943128901000023, 0.0 ], [ 110.437685617999989, -6.943107390000023, 0.0 ], [ 110.437659382999982, -6.943014020000021, 0.0 ], [ 110.437582720000023, -6.943030682000028, 0.0 ], [ 110.43757079, -6.942992375000017, 0.0 ], [ 110.437587584000028, -6.94296846200001, 0.0 ], [ 110.437578068999983, -6.942913404000024, 0.0 ], [ 110.437652345, -6.94288955899998, 0.0 ], [ 110.437649996, -6.942851263000023, 0.0 ], [ 110.437654823, -6.942820155999982, 0.0 ], [ 110.437657275, -6.942772293000019, 0.0 ], [ 110.43763095700001, -6.942748328, 0.0 ], [ 110.437588010000013, -6.942609466000022, 0.0 ], [ 110.437571355999978, -6.942516107000017, 0.0 ], [ 110.437632126999972, -6.942482696000013, 0.0 ], [ 110.43767920800002, -6.942454009000016, 0.0 ], [ 110.437705554, -6.942454039999973, 0.0 ], [ 110.437727084000016, -6.942475605000027, 0.0 ], [ 110.437755838999976, -6.94246367300002, 0.0 ], [ 110.437715231000027, -6.942372679000016, 0.0 ], [ 110.437696210000013, -6.942255384000021, 0.0 ], [ 110.437744136999981, -6.942233901, 0.0 ], [ 110.437758481, -6.942255457999977, 0.0 ], [ 110.437780014, -6.942274629999986, 0.0 ], [ 110.437830334000012, -6.942255542999987, 0.0 ], [ 110.437868681, -6.942234048999978, 0.0 ], [ 110.437856765, -6.942183775, 0.0 ], [ 110.438013556999977, -6.942134825999972, 0.0 ], [ 110.438101153, -6.942107479000015, 0.0 ], [ 110.438184767999985, -6.942287076000014, 0.0 ], [ 110.438206244000014, -6.942354114000011, 0.0 ], [ 110.438242188, -6.942339796999988, 0.0 ], [ 110.438266073000023, -6.942394870999976, 0.0 ], [ 110.438234911999984, -6.942416374, 0.0 ], [ 110.438267074, -6.942511149999973, 0.0 ], [ 110.438314462999983, -6.942629623000016, 0.0 ], [ 110.438366249000012, -6.942746806, 0.0 ], [ 110.438358982000011, -6.942816204, 0.0 ], [ 110.438246375, -6.942857592999985, 0.0 ], [ 110.438174606000018, -6.942889472, 0.0 ], [ 110.438097789999972, -6.942923592999989, 0.0 ], [ 110.438016323, -6.942952217000027, 0.0 ], [ 110.438021074, -6.942985728, 0.0 ], [ 110.438057, -6.942985771, 0.0 ], [ 110.438080888, -6.943038452, 0.0 ], [ 110.438078456000028, -6.943069562, 0.0 ], [ 110.438092773, -6.943115052, 0.0 ], [ 110.438064011999984, -6.943131771000026, 0.0 ], [ 110.438078329, -6.943177261000017, 0.0 ], [ 110.438114257999985, -6.943174909999982, 0.0 ], [ 110.438140544000021, -6.943225201000018, 0.0 ], [ 110.438164503, -6.943218049, 0.0 ], [ 110.438185985000018, -6.943280301000016, 0.0 ], [ 110.438159622, -6.943294630000025, 0.0 ], [ 110.438185874, -6.94337364, 0.0 ], [ 110.438226599000018, -6.943366508, 0.0 ], [ 110.43824573400002, -6.943388071000015, 0.0 ], [ 110.438226557, -6.943402408, 0.0 ], [ 110.438243288000024, -6.943431147000013, 0.0 ], [ 110.438260045, -6.943438346999983, 0.0 ], [ 110.438300778999974, -6.943424035000021, 0.0 ], [ 110.438346223, -6.943476741999973, 0.0 ], [ 110.438291091, -6.943514970000024, 0.0 ], [ 110.438317402, -6.943543721000026, 0.0 ], [ 110.43835087399998, -6.943594019999978, 0.0 ], [ 110.438403589000018, -6.943574936, 0.0 ], [ 110.438439495000011, -6.943591731000026, 0.0 ], [ 110.438480183000024, -6.943615712999986, 0.0 ], [ 110.438463392000017, -6.943637233, 0.0 ], [ 110.438518391, -6.94371149, 0.0 ], [ 110.438515925, -6.94377132, 0.0 ], [ 110.438456101999975, -6.943725776, 0.0 ], [ 110.438422633000016, -6.943673084000011, 0.0 ], [ 110.438381922000019, -6.943668248999984, 0.0 ], [ 110.43834597, -6.943689746000018, 0.0 ], [ 110.438369861000012, -6.943740033999973, 0.0 ], [ 110.438432096999975, -6.94377122100002, 0.0 ], [ 110.438467926999976, -6.943852635999974, 0.0 ], [ 110.43847507800001, -6.943881364, 0.0 ], [ 110.438496633999989, -6.943881389000012, 0.0 ], [ 110.438530043000014, -6.943984340999975, 0.0 ], [ 110.438549172000023, -6.944010690000027, 0.0 ], [ 110.438594556999988, -6.944113656000013, 0.0 ], [ 110.438539440999989, -6.944137523999984, 0.0 ], [ 110.438596815999972, -6.944228538, 0.0 ], [ 110.438601538, -6.944285982999986, 0.0 ], [ 110.43862061599998, -6.944355412, 0.0 ], [ 110.438642172000016, -6.944355437000013, 0.0 ], [ 110.438663664999979, -6.944408114999987, 0.0 ], [ 110.438634910000019, -6.944420047999984, 0.0 ], [ 110.438656372000025, -6.944499052000026, 0.0 ], [ 110.438637197, -6.94451099600002, 0.0 ], [ 110.438649108, -6.944566056999975, 0.0 ], [ 110.438701799, -6.944566119, 0.0 ], [ 110.43872088400002, -6.944630760999985, 0.0 ], [ 110.43866578, -6.944645055000024, 0.0 ], [ 110.438672902, -6.944697717, 0.0 ], [ 110.438684831999979, -6.944736024, 0.0 ], [ 110.438689588999978, -6.944764749, 0.0 ], [ 110.438689545999978, -6.944800649, 0.0 ], [ 110.438660774000027, -6.944826940999974, 0.0 ], [ 110.438632032999976, -6.944826907, 0.0 ], [ 110.438655886999982, -6.944908307999981, 0.0 ], [ 110.438703805999978, -6.944894004999981, 0.0 ], [ 110.438727730999972, -6.944915573, 0.0 ], [ 110.438749210000026, -6.944980218000012, 0.0 ], [ 110.438785124999981, -6.944989833000022, 0.0 ], [ 110.438811327, -6.945111923000013, 0.0 ], [ 110.438828038999986, -6.945145421, 0.0 ], [ 110.438846915, -6.945183257999986, 0.0 ], [ 110.438873437999973, -6.94524841499998, 0.0 ], [ 110.438875764999977, -6.945305857, 0.0 ], [ 110.438902025, -6.945377688, 0.0 ], [ 110.438921166, -6.945394464, 0.0 ], [ 110.438940221999985, -6.94548303900001, 0.0 ], [ 110.438966497000024, -6.945542902, 0.0 ], [ 110.438976018, -6.94559317300002, 0.0 ], [ 110.438839438, -6.945643271, 0.0 ], [ 110.438863361000017, -6.945667233, 0.0 ], [ 110.438925639, -6.945662519999985, 0.0 ], [ 110.439002109, -6.945808602, 0.0 ], [ 110.439009237, -6.945856477, 0.0 ], [ 110.438956523, -6.94587556099998, 0.0 ], [ 110.438956454999982, -6.945933, 0.0 ], [ 110.438987551000025, -6.945966543, 0.0 ], [ 110.438992279, -6.946019202, 0.0 ], [ 110.439078508000023, -6.946014516999981, 0.0 ], [ 110.439083270000026, -6.946038456, 0.0 ], [ 110.439169499, -6.946033770999975, 0.0 ], [ 110.43922442500002, -6.946170255000027, 0.0 ], [ 110.439248367, -6.946177463000026, 0.0 ], [ 110.439260294, -6.946218163000026, 0.0 ], [ 110.439279455000019, -6.94621818600001, 0.0 ], [ 110.439284177, -6.946275631, 0.0 ], [ 110.439245832999973, -6.946294732000013, 0.0 ], [ 110.439264776000016, -6.946409141, 0.0 ], [ 110.43926959700002, -6.946452718999979, 0.0 ], [ 110.439180967000027, -6.946462187, 0.0 ], [ 110.439142619999984, -6.946483681000018, 0.0 ], [ 110.439164054, -6.946586619000016, 0.0 ], [ 110.439204737000011, -6.946615387, 0.0 ], [ 110.439204701999984, -6.946644107, 0.0 ], [ 110.439192709999986, -6.946658452, 0.0 ], [ 110.439163959999973, -6.946665597999981, 0.0 ], [ 110.439142372999981, -6.946691898999973, 0.0 ], [ 110.439101569, -6.946766043000025, 0.0 ], [ 110.439084777, -6.946787562999987, 0.0 ], [ 110.439091933999975, -6.946811505000028, 0.0 ], [ 110.439113485, -6.946816317000014, 0.0 ], [ 110.439113419000023, -6.946871363000014, 0.0 ], [ 110.439096639000013, -6.946883309999976, 0.0 ], [ 110.439139577999981, -6.947029352000015, 0.0 ], [ 110.439163458, -6.947089213000027, 0.0 ], [ 110.439172985000027, -6.947134698000013, 0.0 ], [ 110.439187313, -6.947170614000015, 0.0 ], [ 110.439208872, -6.947168246, 0.0 ], [ 110.439237497000022, -6.947266405999983, 0.0 ], [ 110.439417177999985, -6.947225931999981, 0.0 ], [ 110.439603998, -6.947161689999973, 0.0 ], [ 110.439728534999972, -6.947119897999983, 0.0 ], [ 110.439838763000012, -6.947084374999974, 0.0 ], [ 110.439981620000026, -6.947040378999986, 0.0 ], [ 110.440150965999976, -6.946992830999989, 0.0 ], [ 110.440249047, -6.946965391999981, 0.0 ], [ 110.440433063, -6.946920788999989, 0.0 ], [ 110.440485777999982, -6.946901705000016, 0.0 ], [ 110.440540896000016, -6.94687544300001, 0.0 ], [ 110.440579269000011, -6.946832409000024, 0.0 ], [ 110.440586527999983, -6.946770190999985, 0.0 ], [ 110.440545964000023, -6.946640904999981, 0.0 ], [ 110.440708904000019, -6.946578870999986, 0.0 ], [ 110.44078542, -6.946686660000012, 0.0 ], [ 110.440804583999977, -6.946684289000018, 0.0 ], [ 110.440835697000011, -6.946703473000014, 0.0 ], [ 110.440900204, -6.946839967000017, 0.0 ], [ 110.441137271, -6.946880932999989, 0.0 ], [ 110.441175706000024, -6.946785246, 0.0 ], [ 110.441099104999978, -6.946749255999976, 0.0 ], [ 110.441115938, -6.946691837, 0.0 ], [ 110.441199739000012, -6.946715868000013, 0.0 ], [ 110.44130307, -6.9464264, 0.0 ], [ 110.441293582000014, -6.946347409, 0.0 ], [ 110.441310461, -6.94625169699998, 0.0 ], [ 110.441296095999974, -6.946246893000023, 0.0 ], [ 110.441300911999974, -6.946225358999982, 0.0 ], [ 110.441279364000025, -6.946218154, 0.0 ], [ 110.441293831, -6.946136798, 0.0 ], [ 110.441116605, -6.946127016, 0.0 ], [ 110.441195957, -6.945861451999974, 0.0 ], [ 110.441247668000017, -6.945721349999985, 0.0 ], [ 110.441299684, -6.945607, 0.0 ], [ 110.441325403, -6.945531236000022, 0.0 ], [ 110.441357002000018, -6.945418843000027, 0.0 ], [ 110.441390623000018, -6.94529925400002, 0.0 ], [ 110.441453235999973, -6.945180516, 0.0 ], [ 110.441510656999981, -6.945062457, 0.0 ], [ 110.44154949, -6.944925964999982, 0.0 ], [ 110.44158280900001, -6.944808851, 0.0 ], [ 110.441660422999973, -6.944678322000016, 0.0 ], [ 110.441738792000024, -6.944552951, 0.0 ], [ 110.441762831, -6.944478786, 0.0 ], [ 110.441753307, -6.944430909, 0.0 ], [ 110.441758170000014, -6.944368688999987, 0.0 ], [ 110.441990474000022, -6.94438571500001, 0.0 ], [ 110.442050535000021, -6.944230221, 0.0 ], [ 110.442117859, -6.944007721999981, 0.0 ], [ 110.442223375000026, -6.943709340999987, 0.0 ], [ 110.44228367300002, -6.943538827999987, 0.0 ], [ 110.442292488000021, -6.943483463, 0.0 ], [ 110.44229815, -6.943447898999977, 0.0 ], [ 110.442322258, -6.943326226000011, 0.0 ], [ 110.442341263, -6.943276551999986, 0.0 ], [ 110.442327109000018, -6.943229205000023, 0.0 ], [ 110.442324806999977, -6.943172405999974, 0.0 ], [ 110.442313022, -6.943125060999989, 0.0 ], [ 110.442182703000014, -6.943179338, 0.0 ], [ 110.442142500999978, -6.943129594000027, 0.0 ], [ 110.442223403000014, -6.943065005999983, 0.0 ], [ 110.442415185000016, -6.942916846, 0.0 ], [ 110.442469401999972, -6.942862795999986, 0.0 ], [ 110.442677092, -6.942904926999972, 0.0 ], [ 110.442975681, -6.943009056, 0.0 ], [ 110.443029390999982, -6.942847855000025, 0.0 ], [ 110.443209692999972, -6.942277262, 0.0 ], [ 110.443386300999975, -6.941792824, 0.0 ], [ 110.443384218, -6.941773878, 0.0 ], [ 110.443382730999986, -6.941757221999978, 0.0 ], [ 110.443377377, -6.941747109, 0.0 ], [ 110.4433631, -6.941733725, 0.0 ], [ 110.443341487999987, -6.941711997000027, 0.0 ], [ 110.443329829999982, -6.941696725999975, 0.0 ], [ 110.443328002999976, -6.941683755999975, 0.0 ], [ 110.443330382999989, -6.941669182, 0.0 ], [ 110.443337090999989, -6.941650477999985, 0.0 ], [ 110.443368565000014, -6.94159894500001, 0.0 ], [ 110.443386895, -6.94156627000001, 0.0 ], [ 110.443396413000016, -6.941541880999978, 0.0 ], [ 110.443398081, -6.941534065999974, 0.0 ], [ 110.443402064, -6.941515408999976, 0.0 ], [ 110.443405633, -6.941493399000024, 0.0 ], [ 110.443403849, -6.941457113000013, 0.0 ], [ 110.443404444, -6.941423204999978, 0.0 ], [ 110.443417828, -6.941334273, 0.0 ], [ 110.443434653, -6.941266536, 0.0 ], [ 110.443491312999981, -6.94108931300002, 0.0 ], [ 110.443559783000012, -6.940909895, 0.0 ], [ 110.44358349800001, -6.940835181000011, 0.0 ], [ 110.443594502999986, -6.940799489000028, 0.0 ], [ 110.443620796, -6.940766597999982, 0.0 ], [ 110.443650440999988, -6.940737044, 0.0 ], [ 110.443665049, -6.9407291, 0.0 ], [ 110.443703829000015, -6.940722309000023, 0.0 ], [ 110.443714666, -6.940716208000026, 0.0 ], [ 110.443723509999984, -6.940704370999981, 0.0 ], [ 110.443751546999977, -6.940646013999981, 0.0 ], [ 110.44377326, -6.940585931999976, 0.0 ], [ 110.443783968, -6.940548752999973, 0.0 ], [ 110.443795223999985, -6.940504638999982, 0.0 ], [ 110.44383266, -6.940391977, 0.0 ], [ 110.443927169, -6.940109763, 0.0 ], [ 110.443995723, -6.939858545999982, 0.0 ], [ 110.444107452000026, -6.939553529000023, 0.0 ], [ 110.444145682, -6.939463935, 0.0 ], [ 110.444168694999973, -6.939410001999988, 0.0 ], [ 110.444201066, -6.93937773, 0.0 ], [ 110.444220658, -6.939366221, 0.0 ], [ 110.444237075999979, -6.939364792999982, 0.0 ], [ 110.444240646000026, -6.939375144, 0.0 ], [ 110.444214862000024, -6.939435205, 0.0 ], [ 110.444201524, -6.939463935, 0.0 ], [ 110.444179612000028, -6.939511130000028, 0.0 ], [ 110.444163550999974, -6.939550033999978, 0.0 ], [ 110.444146419, -6.93960357200001, 0.0 ], [ 110.44411786500001, -6.939686376999987, 0.0 ], [ 110.444104961, -6.939737412, 0.0 ], [ 110.444092881000017, -6.939766326999973, 0.0 ], [ 110.444090739999979, -6.939832357, 0.0 ], [ 110.444092221, -6.939879201, 0.0 ], [ 110.444065785000021, -6.939955756000018, 0.0 ], [ 110.44403215, -6.940044269, 0.0 ], [ 110.443928878, -6.940285873, 0.0 ], [ 110.443851986000027, -6.940498788000014, 0.0 ], [ 110.443767858, -6.940754772999981, 0.0 ], [ 110.443746186999988, -6.940852873999972, 0.0 ], [ 110.443758033, -6.94096298, 0.0 ], [ 110.44377945399998, -6.941077883999981, 0.0 ], [ 110.443774583, -6.94114728400001, 0.0 ], [ 110.443733796, -6.941207068999972, 0.0 ], [ 110.443671339, -6.941364954999983, 0.0 ], [ 110.443625723000025, -6.941458239999974, 0.0 ], [ 110.443615513999987, -6.941534065999974, 0.0 ], [ 110.443606392999982, -6.941601816, 0.0 ], [ 110.443387871000027, -6.942087402000027, 0.0 ], [ 110.443303690999983, -6.942386468, 0.0 ], [ 110.443236929000022, -6.942584679999982, 0.0 ], [ 110.443224358, -6.942637671999989, 0.0 ], [ 110.443217100000027, -6.942699889999972, 0.0 ], [ 110.442907186000014, -6.943506072, 0.0 ], [ 110.442635498000016, -6.944255119, 0.0 ], [ 110.44307347199998, -6.944391305000011, 0.0 ], [ 110.443329827000014, -6.944471017000012, 0.0 ], [ 110.443334107, -6.944472347999977, 0.0 ], [ 110.44350413, -6.944525215999988, 0.0 ], [ 110.443729201999986, -6.944595201000027, 0.0 ], [ 110.443776904, -6.9446165, 0.0 ], [ 110.443785159000015, -6.944626551, 0.0 ], [ 110.443794677000028, -6.944642016999978, 0.0 ], [ 110.443801816000018, -6.944660161, 0.0 ], [ 110.443805979999979, -6.944682764999982, 0.0 ], [ 110.443798544, -6.944714590999979, 0.0 ], [ 110.443789322999976, -6.944742549000011, 0.0 ], [ 110.443778318, -6.944780621, 0.0 ], [ 110.443753334, -6.944852302000015, 0.0 ], [ 110.443741139, -6.944875798999988, 0.0 ], [ 110.443735488000016, -6.94489721399998, 0.0 ], [ 110.443719724, -6.944938557, 0.0 ], [ 110.443703663, -6.944989121, 0.0 ], [ 110.443684924000024, -6.945035223, 0.0 ], [ 110.443674217000023, -6.945056936000015, 0.0 ], [ 110.443663253000011, -6.945079034, 0.0 ], [ 110.443656766, -6.945104032000017, 0.0 ], [ 110.443635455, -6.945119135000027, 0.0 ], [ 110.443613563999975, -6.945156064, 0.0 ], [ 110.443603095000014, -6.945183666, 0.0 ], [ 110.443595861, -6.945220785, 0.0 ], [ 110.443584821, -6.945254288, 0.0 ], [ 110.443559693, -6.945319580999978, 0.0 ], [ 110.443543322999972, -6.945362792000026, 0.0 ], [ 110.443534757, -6.945385063, 0.0 ], [ 110.443518956999981, -6.945422372999985, 0.0 ], [ 110.443489452, -6.945482336, 0.0 ], [ 110.443474794, -6.945497374000013, 0.0 ], [ 110.44345633, -6.945512792999978, 0.0 ], [ 110.443443194999986, -6.945530496, 0.0 ], [ 110.443432535, -6.94555105500001, 0.0 ], [ 110.443425301, -6.945574658999988, 0.0 ], [ 110.443425492000017, -6.945587413, 0.0 ], [ 110.443439435000016, -6.945601593999982, 0.0 ], [ 110.443452998, -6.945612301999972, 0.0 ], [ 110.443485120999981, -6.94562229600001, 0.0 ], [ 110.443508678, -6.94562990999998, 0.0 ], [ 110.443532472000015, -6.945637286000022, 0.0 ], [ 110.443556505, -6.945649420999985, 0.0 ], [ 110.443574113000011, -6.945660128999975, 0.0 ], [ 110.44358172699998, -6.945669646999988, 0.0 ], [ 110.443579348000014, -6.945688206999989, 0.0 ], [ 110.443575779000014, -6.945705577000012, 0.0 ], [ 110.443558645999985, -6.945719616000019, 0.0 ], [ 110.443537707000019, -6.945725326, 0.0 ], [ 110.443478696999989, -6.945725563999986, 0.0 ], [ 110.443430631000012, -6.94572675400002, 0.0 ], [ 110.443393512, -6.945730323000021, 0.0 ], [ 110.443368290000024, -6.945748169000012, 0.0 ], [ 110.443345685, -6.945779816000027, 0.0 ], [ 110.443308565, -6.945879038999976, 0.0 ], [ 110.443216623000012, -6.946094094999978, 0.0 ], [ 110.443140955999979, -6.946275647999983, 0.0 ], [ 110.443127393, -6.946322760999976, 0.0 ], [ 110.443056008999974, -6.946484089000023, 0.0 ], [ 110.443055295000022, -6.946484089000023, 0.0 ], [ 110.443039677, -6.946598019000021, 0.0 ], [ 110.442664971, -6.947507036, 0.0 ], [ 110.44246124, -6.948040132000017, 0.0 ], [ 110.442251737999982, -6.948588326999982, 0.0 ], [ 110.442174766999983, -6.948865860000012, 0.0 ], [ 110.442078747999972, -6.949047639000014, 0.0 ], [ 110.441892626000026, -6.949393263, 0.0 ], [ 110.441887776999977, -6.949417419999975, 0.0 ], [ 110.441888846999973, -6.94944704400001, 0.0 ], [ 110.441887776999977, -6.949472029, 0.0 ], [ 110.441889272000026, -6.949484383000026, 0.0 ], [ 110.441809068, -6.949670395, 0.0 ], [ 110.441574420999984, -6.949767935000011, 0.0 ], [ 110.441473041, -6.949801948000015, 0.0 ], [ 110.441308502000027, -6.949856382, 0.0 ], [ 110.441125559, -6.949915870999973, 0.0 ], [ 110.441032791999987, -6.949949022, 0.0 ], [ 110.441029500000013, -6.949972941999988, 0.0 ], [ 110.440971585, -6.950059077, 0.0 ], [ 110.440961397000024, -6.950074229999984, 0.0 ], [ 110.440920112000015, -6.950135632000013, 0.0 ], [ 110.440882751, -6.950153678, 0.0 ], [ 110.440817927000012, -6.95018978500002, 0.0 ], [ 110.440446421, -6.950252665, 0.0 ], [ 110.440162129999976, -6.95024328400001, 0.0 ], [ 110.43972519, -6.950378451, 0.0 ], [ 110.439349051000022, -6.950531781, 0.0 ], [ 110.438944873000025, -6.950712212999974, 0.0 ], [ 110.43873259999998, -6.950802416999977, 0.0 ], [ 110.438410197999985, -6.950964855999985, 0.0 ], [ 110.437820663000025, -6.951199342, 0.0 ], [ 110.437413361999972, -6.951388813999984, 0.0 ], [ 110.436619996, -6.951749694, 0.0 ], [ 110.435558693000019, -6.952381619, 0.0 ], [ 110.43470112, -6.952733373, 0.0 ], [ 110.434008533999986, -6.953031049, 0.0 ], [ 110.431307274, -6.953932367999982, 0.0 ], [ 110.430592108999974, -6.953949600999977, 0.0 ], [ 110.430722514000024, -6.958418256000016, 0.0 ], [ 110.430782191, -6.960073662000013, 0.0 ], [ 110.43084051400001, -6.963085897999974, 0.0 ], [ 110.43087411, -6.964316133000011, 0.0 ], [ 110.430916374999981, -6.965493252999977, 0.0 ], [ 110.430922829999986, -6.965673023000022, 0.0 ], [ 110.430958449, -6.96710226, 0.0 ], [ 110.430959358, -6.967138735, 0.0 ], [ 110.430959628999972, -6.967149682000013, 0.0 ], [ 110.430941463000011, -6.967160483999976, 0.0 ], [ 110.430614140999978, -6.967355119999979, 0.0 ], [ 110.430249812999989, -6.967553683, 0.0 ], [ 110.429802517999974, -6.967815464000012, 0.0 ], [ 110.429206373999989, -6.968113248, 0.0 ], [ 110.4287261, -6.968275487000028, 0.0 ], [ 110.428395001000013, -6.968365543, 0.0 ], [ 110.427749351999978, -6.968428078999978, 0.0 ], [ 110.427103746, -6.968454434000023, 0.0 ], [ 110.426607150999985, -6.968544286999986, 0.0 ], [ 110.426110568000013, -6.968625094, 0.0 ], [ 110.42546487300001, -6.968723809999972, 0.0 ], [ 110.425200048000022, -6.968750624999984, 0.0 ], [ 110.425092154000026, -6.968840157999978, 0.0 ], [ 110.424794350000013, -6.969107452, 0.0 ], [ 110.424723589, -6.969006404000027, 0.0 ], [ 110.424634019999985, -6.968920486, 0.0 ], [ 110.423856683999986, -6.969662589999984, 0.0 ], [ 110.423810812999989, -6.969662533000019, 0.0 ], [ 110.423626586000012, -6.969662308000011, 0.0 ], [ 110.423196199000017, -6.96974319200001, 0.0 ], [ 110.42255048200002, -6.969859996000025, 0.0 ], [ 110.422356902, -6.969923078000022, 0.0 ], [ 110.422287274999974, -6.969950128999983, 0.0 ], [ 110.421656340000027, -6.970238814000027, 0.0 ], [ 110.421588281000027, -6.970271777999983, 0.0 ], [ 110.420749659000023, -6.970677957000021, 0.0 ], [ 110.41988660200002, -6.971095970000022, 0.0 ], [ 110.417380579999985, -6.972323077, 0.0 ], [ 110.414928385999985, -6.973477871999989, 0.0 ], [ 110.41490574300002, -6.973486888000025, 0.0 ], [ 110.413908197000012, -6.973974108999982, 0.0 ], [ 110.413733262, -6.974055302000011, 0.0 ], [ 110.413354342, -6.974815635000027, 0.0 ], [ 110.413219430000026, -6.974757190999981, 0.0 ], [ 110.412936305000017, -6.974587800999984, 0.0 ], [ 110.412891037, -6.974533666000013, 0.0 ], [ 110.412790120000011, -6.974470223000026, 0.0 ], [ 110.412674582000022, -6.974334397, 0.0 ], [ 110.412583386999984, -6.974189555, 0.0 ], [ 110.411660805, -6.974903002000019, 0.0 ], [ 110.410597564, -6.975661499000012, 0.0 ], [ 110.40974001, -6.976176021000015, 0.0 ], [ 110.409301794999976, -6.976401610999972, 0.0 ], [ 110.408930436, -6.976554919000023, 0.0 ], [ 110.40846316, -6.976717152999981, 0.0 ], [ 110.408436557000016, -6.976726165, 0.0 ], [ 110.408037507000017, -6.976852302, 0.0 ], [ 110.407551050999984, -6.976969283000017, 0.0 ], [ 110.407016230000011, -6.977077157999986, 0.0 ], [ 110.406861468999978, -6.977090476, 0.0 ], [ 110.405151703, -6.97723763099998, 0.0 ], [ 110.403066226000021, -6.977397817, 0.0 ], [ 110.402410675, -6.97745126, 0.0 ] ] ], [ [ [ 110.444208749999973, -6.938041810000016, 0.0 ], [ 110.44415182900002, -6.938074652000012, 0.0 ], [ 110.444091854000021, -6.938158347000012, 0.0 ], [ 110.444016702999988, -6.938418532000014, 0.0 ], [ 110.443992665, -6.938493295, 0.0 ], [ 110.443995595999979, -6.938547148, 0.0 ], [ 110.443980539, -6.938621921, 0.0 ], [ 110.443953572999988, -6.93863984, 0.0 ], [ 110.443917623, -6.938660739, 0.0 ], [ 110.443863516000022, -6.938846157, 0.0 ], [ 110.443833500999972, -6.938911938, 0.0 ], [ 110.443821416, -6.939004665000027, 0.0 ], [ 110.443790617, -6.939104556000018, 0.0 ], [ 110.443740274, -6.93926783400002, 0.0 ], [ 110.443713227999979, -6.939354560000027, 0.0 ], [ 110.443668240000022, -6.939423315, 0.0 ], [ 110.443650177999984, -6.939507059999983, 0.0 ], [ 110.443605236, -6.939536923, 0.0 ], [ 110.443545060000019, -6.939791142, 0.0 ], [ 110.443457962000025, -6.94002738, 0.0 ], [ 110.443313694999972, -6.940505873, 0.0 ], [ 110.443175511, -6.940903599000023, 0.0 ], [ 110.443055320999974, -6.941274421, 0.0 ], [ 110.443031341999983, -6.941298325999981, 0.0 ], [ 110.442986474, -6.941265365, 0.0 ], [ 110.442950642000028, -6.941184549000013, 0.0 ], [ 110.44296577, -6.941049943, 0.0 ], [ 110.443004886999972, -6.940882456999987, 0.0 ], [ 110.443032115999983, -6.94064016599998, 0.0 ], [ 110.443038286999979, -6.94048460800002, 0.0 ], [ 110.443056457000012, -6.940308123000023, 0.0 ], [ 110.443095497, -6.940206452999973, 0.0 ], [ 110.443257371000016, -6.940030136000019, 0.0 ], [ 110.443359403999978, -6.939823833, 0.0 ], [ 110.443380607, -6.939614442999982, 0.0 ], [ 110.443329842000026, -6.939503692000017, 0.0 ], [ 110.443237169999975, -6.93938691, 0.0 ], [ 110.443003928999985, -6.93915029599998, 0.0 ], [ 110.44294710600002, -6.939099371999987, 0.0 ], [ 110.442842360999975, -6.939066341, 0.0 ], [ 110.442731638999987, -6.939024328000016, 0.0 ], [ 110.442656740000018, -6.939069115, 0.0 ], [ 110.442641682999977, -6.939143888, 0.0 ], [ 110.442680525000014, -6.939209749999975, 0.0 ], [ 110.442704402, -6.939272602000017, 0.0 ], [ 110.442614524000021, -6.939326345999973, 0.0 ], [ 110.442494743, -6.939350138, 0.0 ], [ 110.44238694, -6.93937095299998, 0.0 ], [ 110.442294107, -6.939391785999987, 0.0 ], [ 110.442231274999983, -6.939358804, 0.0 ], [ 110.442267257000026, -6.939310980000016, 0.0 ], [ 110.442351208, -6.939206371000012, 0.0 ], [ 110.44249204099998, -6.939101828999981, 0.0 ], [ 110.442552015999979, -6.93901813399998, 0.0 ], [ 110.44261502400002, -6.938901534000024, 0.0 ], [ 110.442696039999987, -6.938746063999986, 0.0 ], [ 110.442756157000019, -6.938638476, 0.0 ], [ 110.442843047, -6.938482971999974, 0.0 ], [ 110.442876045999981, -6.938426170000014, 0.0 ], [ 110.442861207000021, -6.938315461, 0.0 ], [ 110.442855296, -6.938249638, 0.0 ], [ 110.442894282999987, -6.938192843000024, 0.0 ], [ 110.443035066, -6.938130183999988, 0.0 ], [ 110.443136906, -6.938088419999985, 0.0 ], [ 110.443265707000023, -6.938031729999977, 0.0 ], [ 110.443361564999975, -6.937983976, 0.0 ], [ 110.443610207, -6.937852636, 0.0 ], [ 110.443867787999977, -6.937757205000025, 0.0 ], [ 110.444152352, -6.937628898000014, 0.0 ], [ 110.444263190000015, -6.937572187, 0.0 ], [ 110.444296181000027, -6.937521366999988, 0.0 ], [ 110.444296258, -6.937455551000028, 0.0 ], [ 110.444365144000017, -6.937431699, 0.0 ], [ 110.444427986, -6.937455705, 0.0 ], [ 110.444469853999976, -6.937494646, 0.0 ], [ 110.444475789000023, -6.937539527000013, 0.0 ], [ 110.444493702999978, -6.937581431000012, 0.0 ], [ 110.444526579000012, -6.937629335999986, 0.0 ], [ 110.444604366000021, -6.937674302, 0.0 ], [ 110.444658230000016, -6.937695306000023, 0.0 ], [ 110.44470310600002, -6.937722283000028, 0.0 ], [ 110.444742830999985, -6.937750451, 0.0 ], [ 110.444749989, -6.937773435, 0.0 ], [ 110.444757141000025, -6.937802164, 0.0 ], [ 110.444749909999985, -6.937840927000025, 0.0 ], [ 110.444736921000015, -6.937888299, 0.0 ], [ 110.444712443000014, -6.937929914, 0.0 ], [ 110.444672877000016, -6.937970554, 0.0 ], [ 110.444615968999983, -6.937991429000022, 0.0 ], [ 110.444496212999979, -6.937994280999987, 0.0 ], [ 110.444319587999985, -6.937985099, 0.0 ], [ 110.444208749999973, -6.938041810000016, 0.0 ] ] ] ] } },
{ "type": "Feature", "properties": { "KDCPUM": "33.74.11", "NAMOBJ": "Banyumanik", "kec_id": "kec_01" }, "geometry": { "type": "MultiPolygon", "coordinates": [ [ [ [ 110.422256628000014, -7.098552386999984, 0.0 ], [ 110.422039197, -7.099137379000013, 0.0 ], [ 110.42203736, -7.099152671000013, 0.0 ], [ 110.422007056999973, -7.099404893999974, 0.0 ], [ 110.421962150000013, -7.09977866700001, 0.0 ], [ 110.421957763000023, -7.101121595999984, 0.0 ], [ 110.421955654999977, -7.101766947999977, 0.0 ], [ 110.421929944999988, -7.103073736, 0.0 ], [ 110.421876934000011, -7.103747122000016, 0.0 ], [ 110.421442355000011, -7.104684604, 0.0 ], [ 110.421072776000017, -7.1049888, 0.0 ], [ 110.420326121000016, -7.105172265000022, 0.0 ], [ 110.419932964999987, -7.105075565999982, 0.0 ], [ 110.41937098, -7.105203139000025, 0.0 ], [ 110.419176353000012, -7.105263776000015, 0.0 ], [ 110.418865041, -7.105360765, 0.0 ], [ 110.418729631000019, -7.105470340000011, 0.0 ], [ 110.418517499000018, -7.105640343, 0.0 ], [ 110.41821872700001, -7.105997564, 0.0 ], [ 110.417860389999987, -7.106275244000017, 0.0 ], [ 110.417512102999979, -7.10646850400002, 0.0 ], [ 110.417352873000027, -7.106567636000023, 0.0 ], [ 110.417034311, -7.106845365000027, 0.0 ], [ 110.416894856, -7.107033920999982, 0.0 ], [ 110.416761941, -7.107292019, 0.0 ], [ 110.416695485, -7.107421064999983, 0.0 ], [ 110.416646405, -7.107809305999979, 0.0 ], [ 110.41664526400001, -7.107818329, 0.0 ], [ 110.416643178000015, -7.107823001999975, 0.0 ], [ 110.416639541999984, -7.107831144999977, 0.0 ], [ 110.416565484999978, -7.10799702700001, 0.0 ], [ 110.41641608499998, -7.108185569, 0.0 ], [ 110.416196937999985, -7.108483289, 0.0 ], [ 110.415858185, -7.108999389000019, 0.0 ], [ 110.415778632000013, -7.108999289, 0.0 ], [ 110.415649459, -7.108919660000026, 0.0 ], [ 110.415619827, -7.108760691999976, 0.0 ], [ 110.415626476, -7.108672543000012, 0.0 ], [ 110.41562994100002, -7.108626605999973, 0.0 ], [ 110.415620284999989, -7.108398130000012, 0.0 ], [ 110.415829325, -7.108229530000017, 0.0 ], [ 110.413234198999987, -7.107997787999977, 0.0 ], [ 110.41241851, -7.108210319000023, 0.0 ], [ 110.412229368999988, -7.10836901, 0.0 ], [ 110.411879175000024, -7.108586307, 0.0 ], [ 110.411015225000028, -7.109122391000028, 0.0 ], [ 110.410179626, -7.109349791999989, 0.0 ], [ 110.410109788999989, -7.10952850000001, 0.0 ], [ 110.410000326999977, -7.10958796, 0.0 ], [ 110.409791523000024, -7.109570311000027, 0.0 ], [ 110.409605102, -7.109545240999978, 0.0 ], [ 110.409443636, -7.109445703, 0.0 ], [ 110.409369165999976, -7.109358693, 0.0 ], [ 110.409294760000023, -7.109222016999979, 0.0 ], [ 110.409195461000024, -7.10911014200002, 0.0 ], [ 110.408847526999978, -7.109022783, 0.0 ], [ 110.408660947999977, -7.109121876000017, 0.0 ], [ 110.408524199999988, -7.109134117999986, 0.0 ], [ 110.408318711999982, -7.109025114000019, 0.0 ], [ 110.408313029999988, -7.1090221, 0.0 ], [ 110.408014945, -7.108835473, 0.0 ], [ 110.407865464999986, -7.109083611000017, 0.0 ], [ 110.407971219999979, -7.109189519999973, 0.0 ], [ 110.407977193000022, -7.109195501999977, 0.0 ], [ 110.407691108999984, -7.109344135000015, 0.0 ], [ 110.407609275000027, -7.109375453999974, 0.0 ], [ 110.407529437, -7.109406009999987, 0.0 ], [ 110.407168555999988, -7.109722169, 0.0 ], [ 110.407014651, -7.109848444000022, 0.0 ], [ 110.40695702, -7.109895729000016, 0.0 ], [ 110.406770424, -7.110007239000026, 0.0 ], [ 110.406571541, -7.110006984, 0.0 ], [ 110.40629794900002, -7.110105965, 0.0 ], [ 110.406123895, -7.110130575000028, 0.0 ], [ 110.405974540999978, -7.110279381, 0.0 ], [ 110.405763148, -7.110341193000011, 0.0 ], [ 110.405651388000024, -7.110254134, 0.0 ], [ 110.405353319000028, -7.110055088000024, 0.0 ], [ 110.404875971000024, -7.10995664, 0.0 ], [ 110.404868669999985, -7.109955134000018, 0.0 ], [ 110.404854973, -7.109962188, 0.0 ], [ 110.404682622, -7.110050957, 0.0 ], [ 110.404507954999985, -7.110140918000013, 0.0 ], [ 110.404420703000028, -7.110327053, 0.0 ], [ 110.404370631, -7.110600151000028, 0.0 ], [ 110.404457050000019, -7.111059671000021, 0.0 ], [ 110.40450651499998, -7.111258399, 0.0 ], [ 110.404344698999978, -7.111432020999985, 0.0 ], [ 110.404207773999985, -7.111580843000013, 0.0 ], [ 110.403971472000023, -7.111679870999978, 0.0 ], [ 110.403941878000012, -7.111689682000019, 0.0 ], [ 110.403747631999977, -7.111754081000015, 0.0 ], [ 110.403710694999972, -7.111759458, 0.0 ], [ 110.403324924, -7.111815619000026, 0.0 ], [ 110.403257743999973, -7.111831014000018, 0.0 ], [ 110.403163283000026, -7.111852661, 0.0 ], [ 110.402942751000012, -7.111771669, 0.0 ], [ 110.402910448, -7.111631018000026, 0.0 ], [ 110.402904476, -7.111605016, 0.0 ], [ 110.402896398, -7.111569842, 0.0 ], [ 110.402964927000028, -7.111458926000012, 0.0 ], [ 110.403020960999982, -7.111368234999986, 0.0 ], [ 110.403079393999974, -7.111182298000017, 0.0 ], [ 110.403176979000023, -7.110871777, 0.0 ], [ 110.403339594999977, -7.110533260000011, 0.0 ], [ 110.403348355, -7.110515024, 0.0 ], [ 110.403348363000021, -7.110508762999984, 0.0 ], [ 110.403349036, -7.10998732500002, 0.0 ], [ 110.403162963999989, -7.10969219499998, 0.0 ], [ 110.402743546000011, -7.109614051, 0.0 ], [ 110.402417153999977, -7.109691232999978, 0.0 ], [ 110.402213658999983, -7.10969097100002, 0.0 ], [ 110.402033486, -7.109690738999973, 0.0 ], [ 110.402009167000017, -7.109690707000027, 0.0 ], [ 110.401908709999987, -7.109731099999976, 0.0 ], [ 110.401907893999976, -7.10973278199998, 0.0 ], [ 110.401863999, -7.109444, 0.0 ], [ 110.401688, -7.108862, 0.0 ], [ 110.401615, -7.108619, 0.0 ], [ 110.401503, -7.10827, 0.0 ], [ 110.401067, -7.107677001000013, 0.0 ], [ 110.400821, -7.107408, 0.0 ], [ 110.400534, -7.107209001, 0.0 ], [ 110.398855, -7.106575, 0.0 ], [ 110.398517, -7.106449, 0.0 ], [ 110.398085, -7.106145, 0.0 ], [ 110.397783, -7.105796, 0.0 ], [ 110.397671999000011, -7.105595, 0.0 ], [ 110.397634, -7.104854, 0.0 ], [ 110.397656, -7.104669, 0.0 ], [ 110.397766, -7.104529, 0.0 ], [ 110.398081999, -7.104312, 0.0 ], [ 110.398217, -7.104264001, 0.0 ], [ 110.39893, -7.104718, 0.0 ], [ 110.399107, -7.10482, 0.0 ], [ 110.399204, -7.104837, 0.0 ], [ 110.399319, -7.104742, 0.0 ], [ 110.399376, -7.104589, 0.0 ], [ 110.399374, -7.104376, 0.0 ], [ 110.399128, -7.103866, 0.0 ], [ 110.398995, -7.103279, 0.0 ], [ 110.399068, -7.102899001000026, 0.0 ], [ 110.400193, -7.101115, 0.0 ], [ 110.400674, -7.100522, 0.0 ], [ 110.400985, -7.100063, 0.0 ], [ 110.401171, -7.099609, 0.0 ], [ 110.40122, -7.099426000999983, 0.0 ], [ 110.401169, -7.099095001000023, 0.0 ], [ 110.401021, -7.09860500100001, 0.0 ], [ 110.400986, -7.098386, 0.0 ], [ 110.400965, -7.098249, 0.0 ], [ 110.401182999000014, -7.097917, 0.0 ], [ 110.401281, -7.097743, 0.0 ], [ 110.401324, -7.097419001, 0.0 ], [ 110.401295, -7.097095, 0.0 ], [ 110.401121, -7.096651, 0.0 ], [ 110.401043, -7.096489, 0.0 ], [ 110.401049, -7.096396, 0.0 ], [ 110.401535, -7.096147, 0.0 ], [ 110.401766, -7.096013001000017, 0.0 ], [ 110.401902, -7.095867, 0.0 ], [ 110.401975, -7.095667, 0.0 ], [ 110.401968, -7.095472, 0.0 ], [ 110.401901, -7.095303, 0.0 ], [ 110.401425, -7.094834, 0.0 ], [ 110.401251, -7.094633, 0.0 ], [ 110.40117, -7.094459, 0.0 ], [ 110.401135, -7.094384, 0.0 ], [ 110.401134, -7.094254, 0.0 ], [ 110.40121, -7.094084001, 0.0 ], [ 110.401337, -7.093954, 0.0 ], [ 110.401648, -7.093676, 0.0 ], [ 110.401856, -7.0935, 0.0 ], [ 110.402305, -7.093209, 0.0 ], [ 110.402708, -7.092811, 0.0 ], [ 110.402958, -7.092546, 0.0 ], [ 110.403066, -7.092318, 0.0 ], [ 110.403129, -7.092131000999984, 0.0 ], [ 110.403156, -7.091969, 0.0 ], [ 110.403183, -7.091794, 0.0 ], [ 110.403157, -7.091592, 0.0 ], [ 110.403103, -7.091121, 0.0 ], [ 110.40305, -7.090771, 0.0 ], [ 110.403037, -7.090354, 0.0 ], [ 110.403078, -7.089923, 0.0 ], [ 110.403173, -7.089601, 0.0 ], [ 110.403295, -7.089224, 0.0 ], [ 110.403381, -7.08891300099998, 0.0 ], [ 110.403497, -7.088637, 0.0 ], [ 110.403672, -7.088347000999988, 0.0 ], [ 110.403876, -7.087971, 0.0 ], [ 110.404094, -7.087565, 0.0 ], [ 110.404196, -7.087348, 0.0 ], [ 110.404197, -7.087087, 0.0 ], [ 110.404153, -7.086898, 0.0 ], [ 110.404037, -7.086709000999974, 0.0 ], [ 110.403833999000028, -7.086492, 0.0 ], [ 110.403602, -7.086303000999976, 0.0 ], [ 110.403413, -7.086114, 0.0 ], [ 110.403326, -7.085984, 0.0 ], [ 110.403312, -7.085824, 0.0 ], [ 110.403356, -7.085549, 0.0 ], [ 110.403443, -7.085418, 0.0 ], [ 110.403763, -7.085071001000017, 0.0 ], [ 110.403996, -7.084839000999978, 0.0 ], [ 110.404084, -7.084607001, 0.0 ], [ 110.404229, -7.084317, 0.0 ], [ 110.404273, -7.084042, 0.0 ], [ 110.404289, -7.083418, 0.0 ], [ 110.404275, -7.083012, 0.0 ], [ 110.404238, -7.082721, 0.0 ], [ 110.4042, -7.082593, 0.0 ], [ 110.404136, -7.082287, 0.0 ], [ 110.404021, -7.082133, 0.0 ], [ 110.403881, -7.082031001000018, 0.0 ], [ 110.403702, -7.08198, 0.0 ], [ 110.403560998999978, -7.08198, 0.0 ], [ 110.403331, -7.082018, 0.0 ], [ 110.402922, -7.082132, 0.0 ], [ 110.402551, -7.082208001000026, 0.0 ], [ 110.402409998999985, -7.082195, 0.0 ], [ 110.402359, -7.082157, 0.0 ], [ 110.402332999, -7.082029001000024, 0.0 ], [ 110.402321, -7.081787, 0.0 ], [ 110.402334, -7.081314, 0.0 ], [ 110.402335, -7.080893, 0.0 ], [ 110.402284, -7.080587001000026, 0.0 ], [ 110.402233, -7.080331, 0.0 ], [ 110.402234, -7.080178000999979, 0.0 ], [ 110.402259, -7.080051, 0.0 ], [ 110.402387, -7.079898, 0.0 ], [ 110.402784, -7.079464, 0.0 ], [ 110.403092, -7.07912, 0.0 ], [ 110.403401, -7.0788, 0.0 ], [ 110.403438, -7.078763, 0.0 ], [ 110.40354, -7.078699, 0.0 ], [ 110.403681, -7.078661, 0.0 ], [ 110.403898, -7.078687, 0.0 ], [ 110.404204999, -7.078713000999983, 0.0 ], [ 110.404371, -7.078687, 0.0 ], [ 110.404422, -7.078649, 0.0 ], [ 110.40441, -7.07847, 0.0 ], [ 110.404321, -7.078266000999974, 0.0 ], [ 110.404171, -7.078086, 0.0 ], [ 110.404129, -7.078036, 0.0 ], [ 110.404065, -7.077883, 0.0 ], [ 110.404026, -7.07764, 0.0 ], [ 110.403964, -7.077478, 0.0 ], [ 110.40389, -7.077317, 0.0 ], [ 110.403778, -7.077205, 0.0 ], [ 110.403666, -7.077142, 0.0 ], [ 110.403505, -7.07713, 0.0 ], [ 110.403343, -7.077179, 0.0 ], [ 110.403131, -7.077291001, 0.0 ], [ 110.402807, -7.077514, 0.0 ], [ 110.402571, -7.077601, 0.0 ], [ 110.402409, -7.077613, 0.0 ], [ 110.402185, -7.077501, 0.0 ], [ 110.402073, -7.077401, 0.0 ], [ 110.401999, -7.07719, 0.0 ], [ 110.401987, -7.077004, 0.0 ], [ 110.402087, -7.076793, 0.0 ], [ 110.402286, -7.076594, 0.0 ], [ 110.402523, -7.076445, 0.0 ], [ 110.402846, -7.076322, 0.0 ], [ 110.403257, -7.076198001000023, 0.0 ], [ 110.403605, -7.076087, 0.0 ], [ 110.403867, -7.075963, 0.0 ], [ 110.403979, -7.075876, 0.0 ], [ 110.404004, -7.075752001000012, 0.0 ], [ 110.403954, -7.075566, 0.0 ], [ 110.403805, -7.075404, 0.0 ], [ 110.403607, -7.075267, 0.0 ], [ 110.403258, -7.075043, 0.0 ], [ 110.402997, -7.074869, 0.0 ], [ 110.402897999, -7.07477, 0.0 ], [ 110.402886, -7.07467, 0.0 ], [ 110.402923, -7.074558, 0.0 ], [ 110.402998, -7.07441, 0.0 ], [ 110.403123, -7.074273, 0.0 ], [ 110.403309, -7.074137, 0.0 ], [ 110.403483999, -7.074025, 0.0 ], [ 110.403683, -7.074001, 0.0 ], [ 110.40382, -7.074038, 0.0 ], [ 110.404081, -7.074150001000021, 0.0 ], [ 110.404118, -7.074274, 0.0 ], [ 110.404155, -7.074473, 0.0 ], [ 110.404229, -7.074622001000023, 0.0 ], [ 110.404329, -7.074722, 0.0 ], [ 110.404453, -7.074759, 0.0 ], [ 110.404677, -7.074759, 0.0 ], [ 110.404925999, -7.07471, 0.0 ], [ 110.405287, -7.074599001000024, 0.0 ], [ 110.405623, -7.074525, 0.0 ], [ 110.405747, -7.074488, 0.0 ], [ 110.405884, -7.074388000999988, 0.0 ], [ 110.405984, -7.074227, 0.0 ], [ 110.406034, -7.074078, 0.0 ], [ 110.406047, -7.073917000999984, 0.0 ], [ 110.405985, -7.073743001000025, 0.0 ], [ 110.405873, -7.073531, 0.0 ], [ 110.405736, -7.07342, 0.0 ], [ 110.405549999000016, -7.07332, 0.0 ], [ 110.405276, -7.073183, 0.0 ], [ 110.404953, -7.073046, 0.0 ], [ 110.404742, -7.072922001, 0.0 ], [ 110.404555, -7.072822, 0.0 ], [ 110.404431, -7.072723, 0.0 ], [ 110.404369, -7.072598, 0.0 ], [ 110.404356, -7.072524, 0.0 ], [ 110.404382, -7.072399001, 0.0 ], [ 110.404453, -7.072236, 0.0 ], [ 110.404528, -7.072051, 0.0 ], [ 110.404696, -7.071791001, 0.0 ], [ 110.404750998999987, -7.071706, 0.0 ], [ 110.404974, -7.071323001, 0.0 ], [ 110.405074, -7.07101400099998, 0.0 ], [ 110.405074, -7.070866, 0.0 ], [ 110.405062, -7.07073, 0.0 ], [ 110.405025, -7.070594, 0.0 ], [ 110.404938, -7.070446001, 0.0 ], [ 110.404789999, -7.070211001000018, 0.0 ], [ 110.404728, -7.070113000999982, 0.0 ], [ 110.404704, -7.070001, 0.0 ], [ 110.404729, -7.069903, 0.0 ], [ 110.404778, -7.069767, 0.0 ], [ 110.404926999, -7.069458, 0.0 ], [ 110.404989, -7.069347, 0.0 ], [ 110.405039, -7.069236000999979, 0.0 ], [ 110.405064, -7.069137, 0.0 ], [ 110.405076, -7.069014, 0.0 ], [ 110.405064, -7.068742, 0.0 ], [ 110.405052, -7.068508, 0.0 ], [ 110.405065, -7.068409, 0.0 ], [ 110.405114, -7.068224000999976, 0.0 ], [ 110.405213, -7.068001, 0.0 ], [ 110.405374999, -7.067804, 0.0 ], [ 110.405510999, -7.067681, 0.0 ], [ 110.405745998999976, -7.067533, 0.0 ], [ 110.406071, -7.067264, 0.0 ], [ 110.40614, -7.067127, 0.0 ], [ 110.406106, -7.066956001, 0.0 ], [ 110.405832, -7.066476, 0.0 ], [ 110.405712, -7.066253001, 0.0 ], [ 110.405678, -7.066064, 0.0 ], [ 110.405696, -7.06579, 0.0 ], [ 110.405799, -7.065516, 0.0 ], [ 110.405971, -7.065002, 0.0 ], [ 110.406178, -7.064403001000017, 0.0 ], [ 110.406282, -7.063957, 0.0 ], [ 110.406350998999983, -7.063752, 0.0 ], [ 110.406282, -7.063392, 0.0 ], [ 110.406146, -7.062946, 0.0 ], [ 110.40606, -7.062689, 0.0 ], [ 110.405939999, -7.062483, 0.0 ], [ 110.405752, -7.062140000999989, 0.0 ], [ 110.405649, -7.061917, 0.0 ], [ 110.405598, -7.061763, 0.0 ], [ 110.405444, -7.061592001, 0.0 ], [ 110.405204, -7.061334, 0.0 ], [ 110.404964, -7.060957, 0.0 ], [ 110.40493, -7.060768, 0.0 ], [ 110.40494, -7.060591, 0.0 ], [ 110.404993, -7.060511, 0.0 ], [ 110.40506, -7.060418, 0.0 ], [ 110.405186, -7.060324001000026, 0.0 ], [ 110.40522, -7.060298, 0.0 ], [ 110.405327, -7.060232, 0.0 ], [ 110.405514, -7.060139, 0.0 ], [ 110.405688, -7.060019, 0.0 ], [ 110.405795, -7.059899, 0.0 ], [ 110.405888, -7.059726, 0.0 ], [ 110.405995, -7.059393, 0.0 ], [ 110.406089, -7.059127, 0.0 ], [ 110.406155999000021, -7.058914, 0.0 ], [ 110.40629, -7.058701, 0.0 ], [ 110.406384, -7.058515, 0.0 ], [ 110.406437, -7.058275, 0.0 ], [ 110.406464, -7.057982, 0.0 ], [ 110.406491, -7.057729, 0.0 ], [ 110.406518, -7.05751600100001, 0.0 ], [ 110.406544999, -7.057343001, 0.0 ], [ 110.406519, -7.057116, 0.0 ], [ 110.406493, -7.05677, 0.0 ], [ 110.406493, -7.05661, 0.0 ], [ 110.406533, -7.056357, 0.0 ], [ 110.406547, -7.056104, 0.0 ], [ 110.406561, -7.055798, 0.0 ], [ 110.406521, -7.055584001, 0.0 ], [ 110.406427999000016, -7.055371001000026, 0.0 ], [ 110.406334, -7.055158001, 0.0 ], [ 110.406283, -7.05491, 0.0 ], [ 110.406284, -7.054638, 0.0 ], [ 110.406232999, -7.054366, 0.0 ], [ 110.406096999, -7.054145001, 0.0 ], [ 110.405893, -7.053906, 0.0 ], [ 110.405689, -7.0536, 0.0 ], [ 110.405621, -7.053413, 0.0 ], [ 110.405673, -7.053209001000027, 0.0 ], [ 110.405792, -7.053006, 0.0 ], [ 110.405894, -7.052887, 0.0 ], [ 110.406082, -7.05287, 0.0 ], [ 110.40632, -7.052887, 0.0 ], [ 110.406592, -7.052905, 0.0 ], [ 110.406729, -7.052871, 0.0 ], [ 110.406865, -7.052735, 0.0 ], [ 110.406967, -7.052599, 0.0 ], [ 110.406968, -7.052463, 0.0 ], [ 110.406934, -7.052344, 0.0 ], [ 110.406764, -7.052191000999983, 0.0 ], [ 110.406628, -7.051987, 0.0 ], [ 110.406525999, -7.051851, 0.0 ], [ 110.406458, -7.051664, 0.0 ], [ 110.406373, -7.051443, 0.0 ], [ 110.406322, -7.051256001000013, 0.0 ], [ 110.406237, -7.051085, 0.0 ], [ 110.406118, -7.050898, 0.0 ], [ 110.405982, -7.050745, 0.0 ], [ 110.405914, -7.050643, 0.0 ], [ 110.405862999000021, -7.05049, 0.0 ], [ 110.405846, -7.050354, 0.0 ], [ 110.405864, -7.050082, 0.0 ], [ 110.405933, -7.049606, 0.0 ], [ 110.406052, -7.049063, 0.0 ], [ 110.406109, -7.048827, 0.0 ], [ 110.406207, -7.048417, 0.0 ], [ 110.406241, -7.048111, 0.0 ], [ 110.406224, -7.047873, 0.0 ], [ 110.406139, -7.047703, 0.0 ], [ 110.406042, -7.047557, 0.0 ], [ 110.405932, -7.04743, 0.0 ], [ 110.405742, -7.047256, 0.0 ], [ 110.405489, -7.046971, 0.0 ], [ 110.405267, -7.046686, 0.0 ], [ 110.405156, -7.046433, 0.0 ], [ 110.405125, -7.046211, 0.0 ], [ 110.405125, -7.045863, 0.0 ], [ 110.405126, -7.045436, 0.0 ], [ 110.405143, -7.044519, 0.0 ], [ 110.405128, -7.043965001, 0.0 ], [ 110.405112, -7.043728000999977, 0.0 ], [ 110.405018, -7.043395, 0.0 ], [ 110.404906999, -7.043095, 0.0 ], [ 110.404702, -7.042557000999977, 0.0 ], [ 110.404591, -7.042208001, 0.0 ], [ 110.404575998999974, -7.042082, 0.0 ], [ 110.404575998999974, -7.042003, 0.0 ], [ 110.404671, -7.041845, 0.0 ], [ 110.404703, -7.04175, 0.0 ], [ 110.40464, -7.041607, 0.0 ], [ 110.404482, -7.041402, 0.0 ], [ 110.404355, -7.041117000999975, 0.0 ], [ 110.404285, -7.040775, 0.0 ], [ 110.404238, -7.0404, 0.0 ], [ 110.404223, -7.040057, 0.0 ], [ 110.40427, -7.039729, 0.0 ], [ 110.404412, -7.039417, 0.0 ], [ 110.404568, -7.039152, 0.0 ], [ 110.404725, -7.038871, 0.0 ], [ 110.404772, -7.038700001, 0.0 ], [ 110.404757, -7.038528, 0.0 ], [ 110.404648, -7.03834, 0.0 ], [ 110.404554, -7.038059, 0.0 ], [ 110.404523, -7.037778, 0.0 ], [ 110.404523, -7.03756, 0.0 ], [ 110.404602, -7.037357, 0.0 ], [ 110.404759, -7.037060000999986, 0.0 ], [ 110.405025, -7.036811, 0.0 ], [ 110.405338, -7.036484, 0.0 ], [ 110.405479, -7.036219001, 0.0 ], [ 110.405526, -7.035969001000012, 0.0 ], [ 110.405417, -7.035719, 0.0 ], [ 110.405214, -7.035391, 0.0 ], [ 110.404949, -7.035094, 0.0 ], [ 110.404558, -7.034812, 0.0 ], [ 110.404386, -7.034687, 0.0 ], [ 110.404308, -7.034453, 0.0 ], [ 110.404277, -7.034281, 0.0 ], [ 110.404252, -7.03403, 0.0 ], [ 110.404252, -7.033872, 0.0 ], [ 110.40423, -7.03381, 0.0 ], [ 110.404165998999986, -7.033627001000013, 0.0 ], [ 110.404051, -7.033369, 0.0 ], [ 110.403807, -7.032966000999977, 0.0 ], [ 110.403592, -7.03255, 0.0 ], [ 110.40352, -7.032406, 0.0 ], [ 110.40352, -7.032277, 0.0 ], [ 110.403564, -7.032191, 0.0 ], [ 110.403722, -7.032119, 0.0 ], [ 110.403895, -7.032019, 0.0 ], [ 110.403996, -7.031861, 0.0 ], [ 110.404082, -7.031588, 0.0 ], [ 110.404155, -7.031244, 0.0 ], [ 110.404213, -7.030913, 0.0 ], [ 110.404227, -7.030554, 0.0 ], [ 110.404184999, -7.030224, 0.0 ], [ 110.404113, -7.030023, 0.0 ], [ 110.403911999, -7.029721, 0.0 ], [ 110.403668, -7.029505, 0.0 ], [ 110.403307999, -7.029275, 0.0 ], [ 110.403193, -7.029174, 0.0 ], [ 110.402935, -7.028916, 0.0 ], [ 110.402317, -7.028283000999977, 0.0 ], [ 110.402038, -7.027909, 0.0 ], [ 110.402001999, -7.027868, 0.0 ], [ 110.402115, -7.027767, 0.0 ], [ 110.402194, -7.027697000999979, 0.0 ], [ 110.402284, -7.027617, 0.0 ], [ 110.402311, -7.027565, 0.0 ], [ 110.402458, -7.027290000999983, 0.0 ], [ 110.402569, -7.027018000999988, 0.0 ], [ 110.402642, -7.026839000999985, 0.0 ], [ 110.40277, -7.026612, 0.0 ], [ 110.402833, -7.02652, 0.0 ], [ 110.402943, -7.026401, 0.0 ], [ 110.402989, -7.026327, 0.0 ], [ 110.403037, -7.026187, 0.0 ], [ 110.403002, -7.026071, 0.0 ], [ 110.402936, -7.025885001, 0.0 ], [ 110.402883, -7.025504, 0.0 ], [ 110.402835, -7.025168, 0.0 ], [ 110.402835, -7.025162001000012, 0.0 ], [ 110.402844, -7.024858, 0.0 ], [ 110.402878999, -7.024579001, 0.0 ], [ 110.402889, -7.024497, 0.0 ], [ 110.402939, -7.024391, 0.0 ], [ 110.402948, -7.024388, 0.0 ], [ 110.403019, -7.024417, 0.0 ], [ 110.403204, -7.024564, 0.0 ], [ 110.403392, -7.02467, 0.0 ], [ 110.403641, -7.02481, 0.0 ], [ 110.403935, -7.024968001, 0.0 ], [ 110.40413, -7.02507, 0.0 ], [ 110.404339, -7.025242000999981, 0.0 ], [ 110.404544, -7.025507, 0.0 ], [ 110.404839, -7.025844001, 0.0 ], [ 110.405137, -7.02621, 0.0 ], [ 110.40515, -7.026222, 0.0 ], [ 110.405468, -7.025852, 0.0 ], [ 110.405588, -7.025744, 0.0 ], [ 110.405833, -7.025744, 0.0 ], [ 110.406003, -7.025748001000011, 0.0 ], [ 110.406887, -7.026725000999988, 0.0 ], [ 110.407163, -7.027021, 0.0 ], [ 110.407403999, -7.027290000999983, 0.0 ], [ 110.407656998999983, -7.027582000999985, 0.0 ], [ 110.407888, -7.02783, 0.0 ], [ 110.408128, -7.028062, 0.0 ], [ 110.408212, -7.028144, 0.0 ], [ 110.40852, -7.028437, 0.0 ], [ 110.408961, -7.028804, 0.0 ], [ 110.409377, -7.029109, 0.0 ], [ 110.409707, -7.029323, 0.0 ], [ 110.409733, -7.029337000999988, 0.0 ], [ 110.409762999, -7.029353, 0.0 ], [ 110.410224, -7.029622, 0.0 ], [ 110.411101, -7.030077001, 0.0 ], [ 110.411231, -7.030128, 0.0 ], [ 110.412344, -7.030571, 0.0 ], [ 110.412431, -7.030593, 0.0 ], [ 110.412622947999978, -7.030642063000016, 0.0 ], [ 110.413636, -7.030901, 0.0 ], [ 110.413966706999986, -7.030963041, 0.0 ], [ 110.414265, -7.031019, 0.0 ], [ 110.414354006, -7.030985919999978, 0.0 ], [ 110.414385994999975, -7.030987599000014, 0.0 ], [ 110.415176178000024, -7.031068512, 0.0 ], [ 110.415256193, -7.031076704999975, 0.0 ], [ 110.415277149000019, -7.031078851000018, 0.0 ], [ 110.415400023000018, -7.031091431999982, 0.0 ], [ 110.415903985, -7.031129084999975, 0.0 ], [ 110.416676417000019, -7.031186795999986, 0.0 ], [ 110.417258327000013, -7.031230273, 0.0 ], [ 110.417289601999983, -7.031232913999986, 0.0 ], [ 110.417717907, -7.031269076, 0.0 ], [ 110.417746887000021, -7.031271522999987, 0.0 ], [ 110.417888480999977, -7.031279144999985, 0.0 ], [ 110.417916149, -7.031282303000012, 0.0 ], [ 110.418011332, -7.031293162, 0.0 ], [ 110.41801691400002, -7.031293799000025, 0.0 ], [ 110.418106301000023, -7.031303998999988, 0.0 ], [ 110.418111037000017, -7.031304537999972, 0.0 ], [ 110.418176, -7.031311175999974, 0.0 ], [ 110.419247741999982, -7.031420691999983, 0.0 ], [ 110.419717022999976, -7.031468647, 0.0 ], [ 110.420635775999983, -7.031518294000023, 0.0 ], [ 110.421431343, -7.031511813, 0.0 ], [ 110.423018891000027, -7.031379437, 0.0 ], [ 110.423596654, -7.031317788000024, 0.0 ], [ 110.424001261, -7.031274616000019, 0.0 ], [ 110.424049086000025, -7.031269512999984, 0.0 ], [ 110.424643838, -7.031206053, 0.0 ], [ 110.425577697999984, -7.031121371999973, 0.0 ], [ 110.426582462, -7.031085287999986, 0.0 ], [ 110.426792401, -7.031084616999976, 0.0 ], [ 110.426815068999986, -7.031084545, 0.0 ], [ 110.427412566999976, -7.031082633999972, 0.0 ], [ 110.427419698, -7.031082611999977, 0.0 ], [ 110.427426579999974, -7.031082589, 0.0 ], [ 110.428161762, -7.031097960000011, 0.0 ], [ 110.428184769999973, -7.031098441999973, 0.0 ], [ 110.429464210999981, -7.031020321000028, 0.0 ], [ 110.429988525, -7.030962358000011, 0.0 ], [ 110.430406596000012, -7.030845662, 0.0 ], [ 110.430627926999989, -7.030723844000022, 0.0 ], [ 110.430873744, -7.030566648999979, 0.0 ], [ 110.431112295, -7.030354507000027, 0.0 ], [ 110.431328902000018, -7.03009838600002, 0.0 ], [ 110.431541986000013, -7.029725056000018, 0.0 ], [ 110.431700127999989, -7.029311371, 0.0 ], [ 110.432036992, -7.02864274, 0.0 ], [ 110.431959681000023, -7.028910019000023, 0.0 ], [ 110.431830832, -7.02935304, 0.0 ], [ 110.431510353000021, -7.03061625700002, 0.0 ], [ 110.431436426, -7.031114285, 0.0 ], [ 110.431431936000024, -7.031791866, 0.0 ], [ 110.431504615999984, -7.032319372000018, 0.0 ], [ 110.431632304, -7.032832294, 0.0 ], [ 110.431646926999974, -7.032872096, 0.0 ], [ 110.431811348999986, -7.033319641, 0.0 ], [ 110.432111159999977, -7.033982940999977, 0.0 ], [ 110.432623846000013, -7.034996168000021, 0.0 ], [ 110.432928082999979, -7.035790411, 0.0 ], [ 110.433057056999985, -7.036251752999988, 0.0 ], [ 110.433381162999979, -7.037710684999979, 0.0 ], [ 110.433666287, -7.039068644999986, 0.0 ], [ 110.433914155000025, -7.040245868, 0.0 ], [ 110.434093992999976, -7.041090930999985, 0.0 ], [ 110.434429535999982, -7.042527086, 0.0 ], [ 110.434527711999976, -7.042953974, 0.0 ], [ 110.434538268999972, -7.042999878999979, 0.0 ], [ 110.434755328999984, -7.043943696999975, 0.0 ], [ 110.434927755999979, -7.045319614999983, 0.0 ], [ 110.434935773, -7.045383588, 0.0 ], [ 110.434936460000017, -7.045383561999984, 0.0 ], [ 110.434935789, -7.045383717, 0.0 ], [ 110.434936761000017, -7.045391498000015, 0.0 ], [ 110.434965352, -7.045620454000016, 0.0 ], [ 110.434926459999986, -7.046276954, 0.0 ], [ 110.434902893000015, -7.046403773, 0.0 ], [ 110.434801831000016, -7.046947623, 0.0 ], [ 110.434773690999975, -7.047017497000013, 0.0 ], [ 110.434732802999974, -7.047119029999976, 0.0 ], [ 110.4347295, -7.047127233000026, 0.0 ], [ 110.43438627, -7.047979516, 0.0 ], [ 110.433792574999984, -7.049511091999989, 0.0 ], [ 110.43349785700002, -7.050279327, 0.0 ], [ 110.43321909399998, -7.05090921599998, 0.0 ], [ 110.4332185, -7.050910557, 0.0 ], [ 110.432848162000028, -7.051461393000011, 0.0 ], [ 110.432473, -7.051864038000019, 0.0 ], [ 110.432464598000024, -7.051873053, 0.0 ], [ 110.432008725, -7.052271243, 0.0 ], [ 110.431694959000026, -7.052504777000024, 0.0 ], [ 110.431574372, -7.052594527999986, 0.0 ], [ 110.430957854999974, -7.052922943, 0.0 ], [ 110.430089437999982, -7.053331334, 0.0 ], [ 110.43054695, -7.053786834, 0.0 ], [ 110.43075836600002, -7.05395568900002, 0.0 ], [ 110.430975317, -7.05398003900001, 0.0 ], [ 110.431331579000016, -7.053991177, 0.0 ], [ 110.431754818, -7.053997045000017, 0.0 ], [ 110.432201131, -7.053996695000023, 0.0 ], [ 110.432229431999986, -7.054220336000014, 0.0 ], [ 110.432343187000015, -7.05466293, 0.0 ], [ 110.432576015, -7.055091394999977, 0.0 ], [ 110.432946852999976, -7.055600906999985, 0.0 ], [ 110.433121104, -7.055959584999982, 0.0 ], [ 110.433122616999981, -7.055962696, 0.0 ], [ 110.433554937, -7.056824345, 0.0 ], [ 110.433998884, -7.057426716, 0.0 ], [ 110.434505391000016, -7.057983966999984, 0.0 ], [ 110.43478725, -7.058237650000024, 0.0 ], [ 110.435279783999988, -7.058537973999989, 0.0 ], [ 110.435348235, -7.058749064999972, 0.0 ], [ 110.435465709000027, -7.059073018999982, 0.0 ], [ 110.43549210499998, -7.059396864, 0.0 ], [ 110.435539888999983, -7.059755526, 0.0 ], [ 110.435553477999974, -7.059863823, 0.0 ], [ 110.435592951999979, -7.06017841900001, 0.0 ], [ 110.435628278000024, -7.060408294000013, 0.0 ], [ 110.435662056000012, -7.060628096000016, 0.0 ], [ 110.435728676, -7.060917198000027, 0.0 ], [ 110.435781882000015, -7.061222343, 0.0 ], [ 110.435794913, -7.061522086000025, 0.0 ], [ 110.435837791999973, -7.062012466, 0.0 ], [ 110.435841166999978, -7.06204691, 0.0 ], [ 110.435863690000019, -7.062276772000018, 0.0 ], [ 110.435912953000013, -7.062501159000021, 0.0 ], [ 110.436005151000018, -7.062718999000026, 0.0 ], [ 110.436143608, -7.062913803000015, 0.0 ], [ 110.436318422, -7.063082258, 0.0 ], [ 110.436589068999979, -7.063194748, 0.0 ], [ 110.436902625000016, -7.063323785000023, 0.0 ], [ 110.437263847, -7.06343139, 0.0 ], [ 110.437325158000021, -7.063449655, 0.0 ], [ 110.437751014000014, -7.063559032, 0.0 ], [ 110.437995254999976, -7.063661593, 0.0 ], [ 110.43815685300001, -7.063836631000015, 0.0 ], [ 110.438180483, -7.063960528999985, 0.0 ], [ 110.438202794, -7.064077506999979, 0.0 ], [ 110.438201285, -7.064095826000028, 0.0 ], [ 110.438182686, -7.064321603, 0.0 ], [ 110.438168336999979, -7.064568635, 0.0 ], [ 110.438168097000016, -7.06457276499998, 0.0 ], [ 110.438165824, -7.064611888, 0.0 ], [ 110.438185746999977, -7.064818206999973, 0.0 ], [ 110.438210805999972, -7.065132979999987, 0.0 ], [ 110.438205375, -7.065198912000028, 0.0 ], [ 110.43820447600001, -7.065209824000021, 0.0 ], [ 110.43818453199998, -7.065451935, 0.0 ], [ 110.43817988, -7.065508400999988, 0.0 ], [ 110.438175059, -7.06556692800001, 0.0 ], [ 110.438116117999982, -7.065760393, 0.0 ], [ 110.438065473999984, -7.065799646000016, 0.0 ], [ 110.438059838000015, -7.06580401399998, 0.0 ], [ 110.437963427999989, -7.065878739000027, 0.0 ], [ 110.437904576, -7.065924350999978, 0.0 ], [ 110.437880709000012, -7.06594461200001, 0.0 ], [ 110.437822480000023, -7.065994043999979, 0.0 ], [ 110.437813042000016, -7.066002056, 0.0 ], [ 110.437745905999975, -7.066059048999989, 0.0 ], [ 110.437685591, -7.066078618, 0.0 ], [ 110.437665729, -7.066085059999978, 0.0 ], [ 110.437475748999987, -7.066146694, 0.0 ], [ 110.437403561999986, -7.066160906999983, 0.0 ], [ 110.436874879000015, -7.066265000999977, 0.0 ], [ 110.436765228000013, -7.06628659, 0.0 ], [ 110.436740056000019, -7.066297729999974, 0.0 ], [ 110.436734926999975, -7.0663, 0.0 ], [ 110.43672568300002, -7.066304091, 0.0 ], [ 110.436500906999981, -7.06640356600002, 0.0 ], [ 110.436393169999974, -7.066489199999978, 0.0 ], [ 110.43633730900001, -7.066533600000014, 0.0 ], [ 110.436199792000025, -7.066642904, 0.0 ], [ 110.436007295000024, -7.066795907000028, 0.0 ], [ 110.435595879, -7.067182482000021, 0.0 ], [ 110.435531954999988, -7.067262947000017, 0.0 ], [ 110.435496758, -7.067307250999988, 0.0 ], [ 110.435484248000023, -7.067322997000019, 0.0 ], [ 110.435419172000024, -7.067404911999972, 0.0 ], [ 110.435396205000018, -7.067433820000019, 0.0 ], [ 110.435284271, -7.067574716000024, 0.0 ], [ 110.435260738000011, -7.067604338000024, 0.0 ], [ 110.435019592, -7.067973525000014, 0.0 ], [ 110.434810679, -7.068388202999984, 0.0 ], [ 110.434828472, -7.068387014999985, 0.0 ], [ 110.434872768999981, -7.068384057, 0.0 ], [ 110.435595868, -7.068464106000022, 0.0 ], [ 110.436835558999974, -7.068644780999989, 0.0 ], [ 110.43683753800002, -7.06864507, 0.0 ], [ 110.437170772, -7.068693637000024, 0.0 ], [ 110.437548279, -7.069262013000014, 0.0 ], [ 110.437558450999973, -7.069277327, 0.0 ], [ 110.437688286000025, -7.069472806000022, 0.0 ], [ 110.438143535999984, -7.069856029999983, 0.0 ], [ 110.438945526999987, -7.070239671000024, 0.0 ], [ 110.43940382, -7.070444829999985, 0.0 ], [ 110.439440602, -7.070461294999973, 0.0 ], [ 110.43978316, -7.07063757100002, 0.0 ], [ 110.439845430999981, -7.070669614, 0.0 ], [ 110.440971794, -7.071348345999979, 0.0 ], [ 110.441089960999989, -7.07142385100002, 0.0 ], [ 110.441482157, -7.071674450999978, 0.0 ], [ 110.441878046, -7.071996022, 0.0 ], [ 110.442160464999972, -7.072317469999973, 0.0 ], [ 110.442602826999973, -7.072820965, 0.0 ], [ 110.442682708, -7.072911885999986, 0.0 ], [ 110.443069639999976, -7.073361002000013, 0.0 ], [ 110.443100292, -7.073501793, 0.0 ], [ 110.443069306999973, -7.07363811099998, 0.0 ], [ 110.44301098699998, -7.073725275000015, 0.0 ], [ 110.442972266000027, -7.073783148000018, 0.0 ], [ 110.44296067, -7.073799174999976, 0.0 ], [ 110.442924708000021, -7.073848882, 0.0 ], [ 110.442912858999989, -7.073865259, 0.0 ], [ 110.442897259, -7.073886820999974, 0.0 ], [ 110.442835543, -7.073972124000022, 0.0 ], [ 110.442811166000013, -7.074025923000022, 0.0 ], [ 110.442801638, -7.074046952, 0.0 ], [ 110.442672198000025, -7.074332610999988, 0.0 ], [ 110.442648673, -7.074394548999976, 0.0 ], [ 110.442638724, -7.074420743000019, 0.0 ], [ 110.442398342, -7.075053647, 0.0 ], [ 110.442296659000021, -7.07539661200002, 0.0 ], [ 110.442327428, -7.075440636, 0.0 ], [ 110.442389008000021, -7.075493490999975, 0.0 ], [ 110.442899549, -7.075674444000015, 0.0 ], [ 110.443476100999987, -7.075886264000019, 0.0 ], [ 110.443806085, -7.076093390999972, 0.0 ], [ 110.444136656000012, -7.076408066999988, 0.0 ], [ 110.444162330999973, -7.076432506, 0.0 ], [ 110.444311804999984, -7.076626221000026, 0.0 ], [ 110.444505446, -7.076705627000024, 0.0 ], [ 110.444835631999979, -7.07674560800001, 0.0 ], [ 110.445055871000022, -7.076675492999982, 0.0 ], [ 110.445218323, -7.07706276, 0.0 ], [ 110.445323871000028, -7.077168453000013, 0.0 ], [ 110.44547882400002, -7.07716863600001, 0.0 ], [ 110.445480165999982, -7.077168637999989, 0.0 ], [ 110.445508802, -7.077168672000028, 0.0 ], [ 110.445627732, -7.077129227, 0.0 ], [ 110.445658701000013, -7.077112259999979, 0.0 ], [ 110.445665024999983, -7.077108795000015, 0.0 ], [ 110.445715853000024, -7.077080947000013, 0.0 ], [ 110.445817112999976, -7.077089865, 0.0 ], [ 110.445988725, -7.077182439000012, 0.0 ], [ 110.446314417999986, -7.077297188999978, 0.0 ], [ 110.446582875999979, -7.077407473999983, 0.0 ], [ 110.446846962999984, -7.07749136000001, 0.0 ], [ 110.446865577999972, -7.077497795999989, 0.0 ], [ 110.447102239, -7.077579634000017, 0.0 ], [ 110.447189363, -7.077619320999986, 0.0 ], [ 110.447199055, -7.077623734999975, 0.0 ], [ 110.447337075, -7.077709863999985, 0.0 ], [ 110.447347697999987, -7.077716494000015, 0.0 ], [ 110.447350132, -7.077718012, 0.0 ], [ 110.447356215000013, -7.077719011999989, 0.0 ], [ 110.44737563000001, -7.077722202000018, 0.0 ], [ 110.447565842000017, -7.077753456999972, 0.0 ], [ 110.447772762, -7.077775696, 0.0 ], [ 110.447948963999977, -7.077709925000022, 0.0 ], [ 110.448129696000024, -7.077629514000023, 0.0 ], [ 110.448130462, -7.077629173999981, 0.0 ], [ 110.448156020999988, -7.07761780200002, 0.0 ], [ 110.448371673999986, -7.077701629999979, 0.0 ], [ 110.448588138, -7.077750729, 0.0 ], [ 110.448603369000011, -7.077754183000025, 0.0 ], [ 110.448644593999973, -7.077763533, 0.0 ], [ 110.448791272999983, -7.07776370800002, 0.0 ], [ 110.448961618, -7.077763908, 0.0 ], [ 110.448961842000017, -7.077763968999989, 0.0 ], [ 110.449348967, -7.077869932, 0.0 ], [ 110.450066446, -7.078064319000021, 0.0 ], [ 110.450166594999985, -7.07807427900002, 0.0 ], [ 110.450173324, -7.078074948, 0.0 ], [ 110.450335005, -7.078091027000028, 0.0 ], [ 110.450440607000019, -7.078152730999989, 0.0 ], [ 110.450581262000014, -7.078359630000023, 0.0 ], [ 110.450583548, -7.078362954999989, 0.0 ], [ 110.450597199000015, -7.078382799, 0.0 ], [ 110.450708930000019, -7.07854523200001, 0.0 ], [ 110.450710738999987, -7.078547862, 0.0 ], [ 110.450717524000027, -7.078557725999985, 0.0 ], [ 110.450832473999981, -7.078737193999984, 0.0 ], [ 110.450840352, -7.078749494000022, 0.0 ], [ 110.450866954999981, -7.078791027000022, 0.0 ], [ 110.451091362999989, -7.07891884999998, 0.0 ], [ 110.451421026999981, -7.079045958999984, 0.0 ], [ 110.451606294999976, -7.079117392, 0.0 ], [ 110.451909379000028, -7.079238915000019, 0.0 ], [ 110.452024395000024, -7.079285030999984, 0.0 ], [ 110.452393722000011, -7.079388943000026, 0.0 ], [ 110.452495375000012, -7.079417541999987, 0.0 ], [ 110.452642899000011, -7.07946612500001, 0.0 ], [ 110.45279026999998, -7.079514658, 0.0 ], [ 110.452891798999985, -7.079516468, 0.0 ], [ 110.452928927000016, -7.07951713, 0.0 ], [ 110.452985168, -7.079518131999976, 0.0 ], [ 110.453034907000017, -7.079519020000021, 0.0 ], [ 110.453041462999977, -7.079519136999977, 0.0 ], [ 110.453054453, -7.079519366999989, 0.0 ], [ 110.453130871999974, -7.079503708, 0.0 ], [ 110.453449523000018, -7.079438413, 0.0 ], [ 110.453548559000012, -7.079418119000024, 0.0 ], [ 110.453568507, -7.079414031999988, 0.0 ], [ 110.453609382000025, -7.079405657, 0.0 ], [ 110.453766417, -7.07935854599998, 0.0 ], [ 110.453876588000014, -7.079325496000024, 0.0 ], [ 110.453886878, -7.079322408999985, 0.0 ], [ 110.454139479999981, -7.079359942, 0.0 ], [ 110.454140027, -7.079360023, 0.0 ], [ 110.454155421999985, -7.079362311000011, 0.0 ], [ 110.454242643999976, -7.079446082, 0.0 ], [ 110.454286315, -7.079488024999989, 0.0 ], [ 110.454303093000021, -7.079504139999983, 0.0 ], [ 110.454338400999973, -7.079538050999986, 0.0 ], [ 110.454370933, -7.079569295999988, 0.0 ], [ 110.454373579999981, -7.079569468999978, 0.0 ], [ 110.454358231000015, -7.079770505999988, 0.0 ], [ 110.454342999, -7.07997, 0.0 ], [ 110.454158, -7.080223, 0.0 ], [ 110.453996, -7.080546, 0.0 ], [ 110.453892, -7.080845, 0.0 ], [ 110.453799, -7.081351, 0.0 ], [ 110.453788, -7.081593, 0.0 ], [ 110.453845, -7.081985, 0.0 ], [ 110.453948, -7.082238, 0.0 ], [ 110.454213, -7.082653000999983, 0.0 ], [ 110.454494706999981, -7.082924377999973, 0.0 ], [ 110.454437541, -7.083038256, 0.0 ], [ 110.454373696, -7.083213006, 0.0 ], [ 110.454286079999974, -7.083308263, 0.0 ], [ 110.45419062000002, -7.083308150999983, 0.0 ], [ 110.45407134300001, -7.083268278, 0.0 ], [ 110.454039374, -7.083395386, 0.0 ], [ 110.45398157, -7.083506570999987, 0.0 ], [ 110.453832438, -7.083486529000027, 0.0 ], [ 110.453593825999974, -7.083456448999982, 0.0 ], [ 110.453414875000021, -7.083426439, 0.0 ], [ 110.453285642000026, -7.083396488, 0.0 ], [ 110.453275441000017, -7.083615007999981, 0.0 ], [ 110.453175816999988, -7.083773823, 0.0 ], [ 110.452996375, -7.084161009000013, 0.0 ], [ 110.453016239000021, -7.084180898999989, 0.0 ], [ 110.452976299999989, -7.084319918, 0.0 ], [ 110.452886549000027, -7.084538344, 0.0 ], [ 110.452737043000013, -7.084836167, 0.0 ], [ 110.452716932999977, -7.085024874999988, 0.0 ], [ 110.452647139000021, -7.085183724999979, 0.0 ], [ 110.452796235999983, -7.085233566999989, 0.0 ], [ 110.452905523000027, -7.085313161999977, 0.0 ], [ 110.453253237000013, -7.085581768999987, 0.0 ], [ 110.453372409, -7.085711042000014, 0.0 ], [ 110.453451947000019, -7.085721068999987, 0.0 ], [ 110.453640830999973, -7.085761024000021, 0.0 ], [ 110.453829661999976, -7.085845678, 0.0 ], [ 110.453879497, -7.08574640400002, 0.0 ], [ 110.453909305000025, -7.085766305999982, 0.0 ], [ 110.453958895000028, -7.085875629999975, 0.0 ], [ 110.453978595000024, -7.086034585, 0.0 ], [ 110.454018242000018, -7.086143897999989, 0.0 ], [ 110.45404764, -7.086511464000012, 0.0 ], [ 110.454136725000012, -7.086859232999984, 0.0 ], [ 110.454404855, -7.087157546000014, 0.0 ], [ 110.454534130000013, -7.087152731, 0.0 ], [ 110.454394811999975, -7.087241967000011, 0.0 ], [ 110.45442455, -7.087321468000027, 0.0 ], [ 110.454344836000018, -7.087460439999973, 0.0 ], [ 110.454334776, -7.087559761000023, 0.0 ], [ 110.454330460999984, -7.087619126, 0.0 ], [ 110.454324668000027, -7.08769881500001, 0.0 ], [ 110.453299221, -7.08875053600002, 0.0 ], [ 110.453140002999987, -7.088849681999989, 0.0 ], [ 110.453080247, -7.088929077999978, 0.0 ], [ 110.452950660999988, -7.089197123000019, 0.0 ], [ 110.452811343, -7.089286359000027, 0.0 ], [ 110.452662260000011, -7.089224100000024, 0.0 ], [ 110.451681029999975, -7.088614531000019, 0.0 ], [ 110.451157792, -7.089619657000014, 0.0 ], [ 110.450971111, -7.089818101, 0.0 ], [ 110.450834083000018, -7.090072479000014, 0.0 ], [ 110.45074681, -7.090295874999981, 0.0 ], [ 110.450647048, -7.090568921999989, 0.0 ], [ 110.450957748, -7.090606539000021, 0.0 ], [ 110.451032165000015, -7.090743208999982, 0.0 ], [ 110.451305413999989, -7.090917364, 0.0 ], [ 110.451143886000011, -7.090867506999984, 0.0 ], [ 110.451006967000012, -7.091028759999972, 0.0 ], [ 110.45077061, -7.091189897, 0.0 ], [ 110.450596255, -7.091475272000025, 0.0 ], [ 110.450484518999986, -7.091363391000016, 0.0 ], [ 110.450385080999979, -7.091363273000013, 0.0 ], [ 110.450111390000018, -7.091561614, 0.0 ], [ 110.449937225999975, -7.091685574, 0.0 ], [ 110.449937063999982, -7.091822155999978, 0.0 ], [ 110.449713409000026, -7.0917536, 0.0 ], [ 110.449676606000025, -7.091343809000023, 0.0 ], [ 110.449539790000017, -7.091418147000013, 0.0 ], [ 110.449291061, -7.091529601, 0.0 ], [ 110.449142051000024, -7.091405259, 0.0 ], [ 110.449142169000027, -7.091305926000018, 0.0 ], [ 110.449105087000021, -7.09113205, 0.0 ], [ 110.448956120999981, -7.090970458000015, 0.0 ], [ 110.448782223000023, -7.090870919, 0.0 ], [ 110.44869496299998, -7.091081896999981, 0.0 ], [ 110.448608117, -7.090945212, 0.0 ], [ 110.448571005000019, -7.090796168999987, 0.0 ], [ 110.448608397999976, -7.090709296999989, 0.0 ], [ 110.44843460300001, -7.090522842999974, 0.0 ], [ 110.448335268, -7.090435808999985, 0.0 ], [ 110.448347860000013, -7.090299241000025, 0.0 ], [ 110.448434957000018, -7.090224845000023, 0.0 ], [ 110.44849718, -7.090162836, 0.0 ], [ 110.448484883, -7.090051072, 0.0 ], [ 110.448422984999979, -7.089839917, 0.0 ], [ 110.448547459999986, -7.089691066, 0.0 ], [ 110.448236687000019, -7.089715529999978, 0.0 ], [ 110.448075189, -7.089640839000026, 0.0 ], [ 110.447913380999978, -7.089826894999987, 0.0 ], [ 110.447639290999973, -7.090360482, 0.0 ], [ 110.447377911, -7.090658169, 0.0 ], [ 110.447265761999972, -7.090893951, 0.0 ], [ 110.44706656, -7.091166878000024, 0.0 ], [ 110.446730689999981, -7.091389977, 0.0 ], [ 110.446457264, -7.091364817999988, 0.0 ], [ 110.446283484999981, -7.091165946, 0.0 ], [ 110.446122194, -7.090917422000018, 0.0 ], [ 110.445911527000021, -7.090383257999974, 0.0 ], [ 110.445638101999975, -7.090358099000014, 0.0 ], [ 110.445227831000011, -7.090432109, 0.0 ], [ 110.445202972, -7.090432078999982, 0.0 ], [ 110.444817575, -7.090493702, 0.0 ], [ 110.444618624999976, -7.090555547, 0.0 ], [ 110.444282918, -7.090642060999983, 0.0 ], [ 110.444344694, -7.090952549, 0.0 ], [ 110.444344412000021, -7.091188464000027, 0.0 ], [ 110.444481124, -7.091201044, 0.0 ], [ 110.444480946, -7.091350042999977, 0.0 ], [ 110.444331759000022, -7.091374697, 0.0 ], [ 110.444232215999989, -7.091461493999986, 0.0 ], [ 110.444281846000024, -7.091536053000027, 0.0 ], [ 110.444430996, -7.091542440000012, 0.0 ], [ 110.443920913999989, -7.091926742999988, 0.0 ], [ 110.443759340999975, -7.091914132999989, 0.0 ], [ 110.44356051, -7.091876645000013, 0.0 ], [ 110.443560225999988, -7.092112558999986, 0.0 ], [ 110.443485677000012, -7.09208763700002, 0.0 ], [ 110.443349083999976, -7.091975724, 0.0 ], [ 110.44316692000001, -7.091783181999972, 0.0 ], [ 110.443142283999975, -7.091757143999985, 0.0 ], [ 110.443125630999987, -7.091739542000028, 0.0 ], [ 110.442951704, -7.091664834000028, 0.0 ], [ 110.44288964499998, -7.091590259999975, 0.0 ], [ 110.442790251000019, -7.091552891, 0.0 ], [ 110.442591241, -7.091664401, 0.0 ], [ 110.442392439, -7.091602079999973, 0.0 ], [ 110.442108414000018, -7.091783181999972, 0.0 ], [ 110.442081455999983, -7.091800372000023, 0.0 ], [ 110.441907140000012, -7.092048493999982, 0.0 ], [ 110.441732719000015, -7.092383531, 0.0 ], [ 110.441558306, -7.09271236, 0.0 ], [ 110.441620140999987, -7.092973183000026, 0.0 ], [ 110.441669231999981, -7.093494737000015, 0.0 ], [ 110.441619333, -7.093643676, 0.0 ], [ 110.441432706, -7.093792450000024, 0.0 ], [ 110.441109485000027, -7.093829310999979, 0.0 ], [ 110.440686796000023, -7.093890885, 0.0 ], [ 110.44041304000001, -7.094138886, 0.0 ], [ 110.440387896, -7.094374771, 0.0 ], [ 110.440203342000018, -7.094865002, 0.0 ], [ 110.439954156, -7.095351430999983, 0.0 ], [ 110.439665423, -7.095649079999987, 0.0 ], [ 110.439207252000017, -7.096269354000015, 0.0 ], [ 110.439147228000024, -7.096567279, 0.0 ], [ 110.439146962999985, -7.096785809999972, 0.0 ], [ 110.439096894999977, -7.097073814, 0.0 ], [ 110.439046935000022, -7.097272417999989, 0.0 ], [ 110.438990338999986, -7.097354320000022, 0.0 ], [ 110.438836114000026, -7.097577506999983, 0.0 ], [ 110.438831666, -7.097583944, 0.0 ], [ 110.438599501, -7.097650970000018, 0.0 ], [ 110.438419765, -7.097699363, 0.0 ], [ 110.43822164300002, -7.097474767999984, 0.0 ], [ 110.438136024000016, -7.097082043, 0.0 ], [ 110.437978966, -7.096950979999974, 0.0 ], [ 110.437754391999988, -7.096932010999979, 0.0 ], [ 110.437462021999977, -7.097256972000025, 0.0 ], [ 110.437304381999979, -7.097604531, 0.0 ], [ 110.437311623000028, -7.097806459000026, 0.0 ], [ 110.437318896000022, -7.097982213000023, 0.0 ], [ 110.437337426, -7.098135545, 0.0 ], [ 110.437355132999983, -7.098367994, 0.0 ], [ 110.437325048, -7.098576555000022, 0.0 ], [ 110.437255295999989, -7.098695669999984, 0.0 ], [ 110.437056198999983, -7.098874226000021, 0.0 ], [ 110.436966666999979, -7.098903918000019, 0.0 ], [ 110.436827476000019, -7.098883882, 0.0 ], [ 110.436648509, -7.098863799000014, 0.0 ], [ 110.436519272999988, -7.098833841999976, 0.0 ], [ 110.43636023, -7.098783982999976, 0.0 ], [ 110.435898012, -7.098639389000027, 0.0 ], [ 110.435637013000019, -7.098614239000028, 0.0 ], [ 110.435338573000024, -7.098713208, 0.0 ], [ 110.434990246999973, -7.098948699, 0.0 ], [ 110.434530081, -7.099159219, 0.0 ], [ 110.433771671999978, -7.099307292999981, 0.0 ], [ 110.433286812, -7.099381201000028, 0.0 ], [ 110.433092882999972, -7.099598598999989, 0.0 ], [ 110.432689155999981, -7.099166056, 0.0 ], [ 110.432799803000023, -7.098852521000026, 0.0 ], [ 110.432658708000019, -7.098584172000017, 0.0 ], [ 110.432751283000016, -7.098347236, 0.0 ], [ 110.43273029, -7.098292746000027, 0.0 ], [ 110.432666852000011, -7.098108242000023, 0.0 ], [ 110.432506430999979, -7.098027871999989, 0.0 ], [ 110.432458433000022, -7.097899536999989, 0.0 ], [ 110.432362356999988, -7.097707003999972, 0.0 ], [ 110.43225004300001, -7.09766678, 0.0 ], [ 110.43195327, -7.097514088000025, 0.0 ], [ 110.431792750999989, -7.097513891, 0.0 ], [ 110.431688609999981, -7.097353418000012, 0.0 ], [ 110.431303492999973, -7.097248721000028, 0.0 ], [ 110.430982771, -7.096991774, 0.0 ], [ 110.430765805000021, -7.097207975, 0.0 ], [ 110.430380205, -7.097496125000021, 0.0 ], [ 110.429942494999977, -7.097736107, 0.0 ], [ 110.42965329499998, -7.097952218999978, 0.0 ], [ 110.429452527000024, -7.098048179999978, 0.0 ], [ 110.429203743000016, -7.098031839999976, 0.0 ], [ 110.428995166999982, -7.09795141, 0.0 ], [ 110.428818517000025, -7.098015331, 0.0 ], [ 110.428633909999974, -7.098023121999972, 0.0 ], [ 110.42830492600001, -7.097958577999975, 0.0 ], [ 110.428112371999987, -7.09790221999998, 0.0 ], [ 110.427614942, -7.097757295, 0.0 ], [ 110.427374134, -7.09778104999998, 0.0 ], [ 110.427189527, -7.097788838999975, 0.0 ], [ 110.426916665000022, -7.097772468000016, 0.0 ], [ 110.426491122000016, -7.097908237000013, 0.0 ], [ 110.426029560000018, -7.097963787000026, 0.0 ], [ 110.425788553000018, -7.098147886999982, 0.0 ], [ 110.425531375, -7.098428174999981, 0.0 ], [ 110.425130097000022, -7.09841164300002, 0.0 ], [ 110.424849258999984, -7.098355174, 0.0 ], [ 110.423300590999986, -7.098080664, 0.0 ], [ 110.422835325999984, -7.097887671000024, 0.0 ], [ 110.422642643000017, -7.097935534999976, 0.0 ], [ 110.422522034, -7.098111765, 0.0 ], [ 110.422469867000018, -7.098198372000013, 0.0 ], [ 110.422256628000014, -7.098552386999984, 0.0 ] ] ] ] } },
{ "type": "Feature", "properties": { "KDCPUM": "33.74.06", "NAMOBJ": "Pedurungan", "kec_id": "kec_09" }, "geometry": { "type": "MultiPolygon", "coordinates": [ [ [ [ 110.470775117000017, -7.017667753000012, 0.0 ], [ 110.470458584000028, -7.017264918000023, 0.0 ], [ 110.469930955999985, -7.016657311000017, 0.0 ], [ 110.469743361999974, -7.016606387000024, 0.0 ], [ 110.469191417, -7.016456554, 0.0 ], [ 110.469125524999981, -7.016438667999978, 0.0 ], [ 110.46781187900001, -7.015968723000015, 0.0 ], [ 110.467013115999976, -7.0156973, 0.0 ], [ 110.467006352999988, -7.015694756000016, 0.0 ], [ 110.466765380000027, -7.015604161, 0.0 ], [ 110.46613398, -7.015366777999986, 0.0 ], [ 110.465776130999984, -7.015232239999989, 0.0 ], [ 110.46479515599998, -7.014863432000027, 0.0 ], [ 110.464432428, -7.014722828, 0.0 ], [ 110.464300083000012, -7.014671524999983, 0.0 ], [ 110.464007224999989, -7.014453777000028, 0.0 ], [ 110.463864597, -7.014347729, 0.0 ], [ 110.463675900999988, -7.01432171099998, 0.0 ], [ 110.463237328, -7.014261239, 0.0 ], [ 110.46307873, -7.014196378, 0.0 ], [ 110.462912430000017, -7.014168489999975, 0.0 ], [ 110.462525200000016, -7.014011735, 0.0 ], [ 110.462519158000021, -7.014009287000022, 0.0 ], [ 110.462370029999988, -7.013948918999972, 0.0 ], [ 110.462270064999984, -7.013754496, 0.0 ], [ 110.462168218999977, -7.013633207999987, 0.0 ], [ 110.462124458, -7.013436271999979, 0.0 ], [ 110.461984893000022, -7.013093520999973, 0.0 ], [ 110.461985244, -7.012787977000016, 0.0 ], [ 110.461949935, -7.012587974999974, 0.0 ], [ 110.461879308, -7.01218792200001, 0.0 ], [ 110.461655149000023, -7.011864364000019, 0.0 ], [ 110.461280588000022, -7.011563046, 0.0 ], [ 110.461252686000023, -7.011540600999979, 0.0 ], [ 110.461184785, -7.01152902299998, 0.0 ], [ 110.460863135000011, -7.011474175999979, 0.0 ], [ 110.460671737999974, -7.011374987000011, 0.0 ], [ 110.460503723999977, -7.01126968, 0.0 ], [ 110.460145491999981, -7.011045148999983, 0.0 ], [ 110.459954053, -7.010990758999981, 0.0 ], [ 110.459490245999973, -7.010858987, 0.0 ], [ 110.459301916000015, -7.010715415999982, 0.0 ], [ 110.459048177999989, -7.010521982, 0.0 ], [ 110.458758960000011, -7.010547202, 0.0 ], [ 110.458077318999983, -7.010606637000024, 0.0 ], [ 110.457694366, -7.010546814, 0.0 ], [ 110.457298259000027, -7.010440787999983, 0.0 ], [ 110.45717285500001, -7.01038126200001, 0.0 ], [ 110.457113596999989, -7.010229440999979, 0.0 ], [ 110.457108601000016, -7.010020069, 0.0 ], [ 110.457107298999972, -7.009965516000022, 0.0 ], [ 110.456988636, -7.009787233, 0.0 ], [ 110.456236215999979, -7.009430071999986, 0.0 ], [ 110.455365035999989, -7.00898040200002, 0.0 ], [ 110.454987483000025, -7.008960367999975, 0.0 ], [ 110.454856575, -7.008953421, 0.0 ], [ 110.454400959, -7.008913303999975, 0.0 ], [ 110.454288428999973, -7.008846372, 0.0 ], [ 110.454131866000012, -7.008820114, 0.0 ], [ 110.453839892000019, -7.008632101999979, 0.0 ], [ 110.453631426000015, -7.008423333999986, 0.0 ], [ 110.45339174999998, -7.008131119999973, 0.0 ], [ 110.453368399999988, -7.008108906000018, 0.0 ], [ 110.453352683999981, -7.008093954, 0.0 ], [ 110.453089123999973, -7.007899060999989, 0.0 ], [ 110.453022007000015, -7.007849430000022, 0.0 ], [ 110.452956622999977, -7.007851604999985, 0.0 ], [ 110.452447455000026, -7.007868555000016, 0.0 ], [ 110.451833282, -7.007887632, 0.0 ], [ 110.451734633, -7.007829234999974, 0.0 ], [ 110.451692779999973, -7.007823036, 0.0 ], [ 110.451576357000022, -7.00780579100001, 0.0 ], [ 110.451127939, -7.007544610000025, 0.0 ], [ 110.450990608999973, -7.007416563999982, 0.0 ], [ 110.450847689999989, -7.007283305999977, 0.0 ], [ 110.45075764, -7.00722658, 0.0 ], [ 110.450442795000015, -7.0070265, 0.0 ], [ 110.450296834000028, -7.006976308999981, 0.0 ], [ 110.450188674, -7.006939116000012, 0.0 ], [ 110.45012687000002, -7.006917864, 0.0 ], [ 110.450067279, -7.006858185999988, 0.0 ], [ 110.450062711999976, -7.006853611999986, 0.0 ], [ 110.450006038000026, -7.006796856, 0.0 ], [ 110.449866289999989, -7.006656903000021, 0.0 ], [ 110.449678758, -7.006396026, 0.0 ], [ 110.449676188000012, -7.006392969999979, 0.0 ], [ 110.449674580000021, -7.00639105800002, 0.0 ], [ 110.449646974000018, -7.006358227000021, 0.0 ], [ 110.449519235000025, -7.006206309, 0.0 ], [ 110.449542982000025, -7.006183001000011, 0.0 ], [ 110.449646100999985, -7.006081515, 0.0 ], [ 110.449690972999974, -7.006037354, 0.0 ], [ 110.449700211999982, -7.006028260999983, 0.0 ], [ 110.449707838, -7.006020756, 0.0 ], [ 110.449746198000014, -7.005983005000019, 0.0 ], [ 110.449758964000011, -7.005970440999988, 0.0 ], [ 110.449851179, -7.005879683999979, 0.0 ], [ 110.449901007999983, -7.005830644000014, 0.0 ], [ 110.449902950000023, -7.005828727, 0.0 ], [ 110.449936042, -7.005792078000013, 0.0 ], [ 110.449998610000023, -7.005726816999982, 0.0 ], [ 110.450648144000013, -7.005090284, 0.0 ], [ 110.450895833, -7.004846160999989, 0.0 ], [ 110.451364265999985, -7.00438447800002, 0.0 ], [ 110.451600069, -7.004146580999986, 0.0 ], [ 110.451769015000025, -7.003976135000016, 0.0 ], [ 110.452318217000027, -7.003441119, 0.0 ], [ 110.452643422, -7.003069561000018, 0.0 ], [ 110.452773896, -7.00287877400001, 0.0 ], [ 110.452969291999977, -7.002594892, 0.0 ], [ 110.453137275000017, -7.002320059999988, 0.0 ], [ 110.453236767000021, -7.00211957800002, 0.0 ], [ 110.453358005999974, -7.001875271000017, 0.0 ], [ 110.453471203999982, -7.00159677900001, 0.0 ], [ 110.453485995999984, -7.001560386999984, 0.0 ], [ 110.453495769000028, -7.001528370000017, 0.0 ], [ 110.453571219000025, -7.001281186000028, 0.0 ], [ 110.453588987999979, -7.001222972999983, 0.0 ], [ 110.453606778, -7.001149214, 0.0 ], [ 110.453643570999986, -7.000996680000014, 0.0 ], [ 110.453692085, -7.000795550000021, 0.0 ], [ 110.453735693, -7.000555948, 0.0 ], [ 110.453741017000027, -7.000526695000019, 0.0 ], [ 110.453762602999973, -7.000408091999986, 0.0 ], [ 110.453788025999984, -7.000065585000016, 0.0 ], [ 110.453800479999984, -6.999563331, 0.0 ], [ 110.453784192, -6.99935072, 0.0 ], [ 110.453771532000019, -6.999185477000026, 0.0 ], [ 110.453708480999978, -6.998707857999989, 0.0 ], [ 110.453684712999973, -6.998527808, 0.0 ], [ 110.453636285000016, -6.998201769, 0.0 ], [ 110.453511962, -6.997364758, 0.0 ], [ 110.453494389000014, -6.997246442, 0.0 ], [ 110.453491183999972, -6.997224872, 0.0 ], [ 110.453404875, -6.996620606000022, 0.0 ], [ 110.453242320000015, -6.99548254299998, 0.0 ], [ 110.453175804000011, -6.995016860000021, 0.0 ], [ 110.452932490000023, -6.993366407999986, 0.0 ], [ 110.452850619, -6.992758751999986, 0.0 ], [ 110.452761247000012, -6.992146084000012, 0.0 ], [ 110.452721515, -6.991881013000011, 0.0 ], [ 110.452637099000015, -6.991310854, 0.0 ], [ 110.452569238000024, -6.990756084999987, 0.0 ], [ 110.452546805999987, -6.990561359000026, 0.0 ], [ 110.452523117, -6.990355712999985, 0.0 ], [ 110.452489663999984, -6.990129936000017, 0.0 ], [ 110.452456059999975, -6.989903137999988, 0.0 ], [ 110.452453739000021, -6.989886169999977, 0.0 ], [ 110.452389106999988, -6.989413722, 0.0 ], [ 110.452334344, -6.989028722, 0.0 ], [ 110.452319794, -6.988926429, 0.0 ], [ 110.452253555000027, -6.988463968000019, 0.0 ], [ 110.45223566300001, -6.988344507000022, 0.0 ], [ 110.452170342999977, -6.987908391000019, 0.0 ], [ 110.452094867000028, -6.987379197, 0.0 ], [ 110.452061075000017, -6.987117093, 0.0 ], [ 110.452034844000025, -6.986913641, 0.0 ], [ 110.451959374000012, -6.986379793000026, 0.0 ], [ 110.451871016999974, -6.985745157999986, 0.0 ], [ 110.451794951000011, -6.985282729, 0.0 ], [ 110.451783697999986, -6.985214317999976, 0.0 ], [ 110.451761334000025, -6.985060377000025, 0.0 ], [ 110.451721191, -6.984784042, 0.0 ], [ 110.451672776, -6.984450789999983, 0.0 ], [ 110.451589617000025, -6.983853319, 0.0 ], [ 110.451506471000016, -6.983241881000026, 0.0 ], [ 110.45135244, -6.982160218, 0.0 ], [ 110.451286418999985, -6.98169898499998, 0.0 ], [ 110.45125847700001, -6.981503772, 0.0 ], [ 110.451149079, -6.98076817499998, 0.0 ], [ 110.451061268999979, -6.980162937999978, 0.0 ], [ 110.451059903999976, -6.980153783999981, 0.0 ], [ 110.450956227, -6.979458611999974, 0.0 ], [ 110.450948784, -6.979408717000013, 0.0 ], [ 110.450902341000017, -6.979094864999979, 0.0 ], [ 110.450864044000014, -6.978836068000021, 0.0 ], [ 110.450850383999978, -6.978743572999974, 0.0 ], [ 110.450763349, -6.978154250999978, 0.0 ], [ 110.450740167999982, -6.977997292999987, 0.0 ], [ 110.450675461, -6.977560754000024, 0.0 ], [ 110.450523834000023, -6.976537802999985, 0.0 ], [ 110.450510338000015, -6.976459659, 0.0 ], [ 110.450476509999987, -6.976263788999972, 0.0 ], [ 110.450375235000024, -6.975556677999975, 0.0 ], [ 110.450302384, -6.975100908, 0.0 ], [ 110.450294805999988, -6.975053507999974, 0.0 ], [ 110.450194305000025, -6.974397763000013, 0.0 ], [ 110.450137644999984, -6.974018973999989, 0.0 ], [ 110.450114467999981, -6.973864019000018, 0.0 ], [ 110.449953315000016, -6.972727024999983, 0.0 ], [ 110.449940420000019, -6.972636048000027, 0.0 ], [ 110.449355235999974, -6.969084916999975, 0.0 ], [ 110.449270309999974, -6.968544550999979, 0.0 ], [ 110.449254611000015, -6.96838496700002, 0.0 ], [ 110.449244261999979, -6.968279774, 0.0 ], [ 110.449243243000012, -6.967963741, 0.0 ], [ 110.449253015000011, -6.967738490999977, 0.0 ], [ 110.449253224000017, -6.967733658999975, 0.0 ], [ 110.449253371, -6.967732623000018, 0.0 ], [ 110.449264664999987, -6.967653860999974, 0.0 ], [ 110.44929657900002, -6.967431538000028, 0.0 ], [ 110.449349577000021, -6.967187646000014, 0.0 ], [ 110.449400984000022, -6.967015318, 0.0 ], [ 110.449442143, -6.96689763, 0.0 ], [ 110.449593180000022, -6.966465769000024, 0.0 ], [ 110.449826863999988, -6.96592130099998, 0.0 ], [ 110.449910978, -6.965721654, 0.0 ], [ 110.450124549, -6.965214732999982, 0.0 ], [ 110.45035965, -6.96464531700002, 0.0 ], [ 110.450444732, -6.964445187000024, 0.0 ], [ 110.450789967, -6.963633128000026, 0.0 ], [ 110.450849917000028, -6.963492116, 0.0 ], [ 110.450998117999973, -6.963143520000017, 0.0 ], [ 110.451158125, -6.962732033, 0.0 ], [ 110.451228975, -6.962527588, 0.0 ], [ 110.453512903999979, -6.964536512999985, 0.0 ], [ 110.454807578999976, -6.96570737899998, 0.0 ], [ 110.45710230200001, -6.967744338999978, 0.0 ], [ 110.459126464, -6.96957802999998, 0.0 ], [ 110.461191066000026, -6.971399698000027, 0.0 ], [ 110.461237655, -6.971440807000022, 0.0 ], [ 110.463339205000011, -6.973293898, 0.0 ], [ 110.465624320000018, -6.975340475999985, 0.0 ], [ 110.468044744, -6.97749349999998, 0.0 ], [ 110.469161344999975, -6.978487221000023, 0.0 ], [ 110.469170653, -6.978495504000023, 0.0 ], [ 110.469178939000017, -6.978502877999972, 0.0 ], [ 110.469341053, -6.978647152, 0.0 ], [ 110.470387890999973, -6.979578778000018, 0.0 ], [ 110.471648841999979, -6.980706076, 0.0 ], [ 110.473107883000011, -6.982012381, 0.0 ], [ 110.474008084, -6.982802654000011, 0.0 ], [ 110.474010709000027, -6.982804957999974, 0.0 ], [ 110.474847453999985, -6.98353952399998, 0.0 ], [ 110.475692676999984, -6.984281526000018, 0.0 ], [ 110.477977888, -6.986337713000012, 0.0 ], [ 110.480340392000016, -6.988490618000014, 0.0 ], [ 110.482538765000015, -6.990392064, 0.0 ], [ 110.484853054999974, -6.992448255, 0.0 ], [ 110.485630878999984, -6.993188420000024, 0.0 ], [ 110.486075379, -6.993585139, 0.0 ], [ 110.487399251999989, -6.994736628, 0.0 ], [ 110.489549246000024, -6.996705642, 0.0 ], [ 110.491001235999988, -6.997994533, 0.0 ], [ 110.491097034, -6.998079569000026, 0.0 ], [ 110.492018213999984, -6.998897269, 0.0 ], [ 110.492019599, -6.998898499, 0.0 ], [ 110.491806024000027, -6.999219114000027, 0.0 ], [ 110.492129730999977, -6.999363265999989, 0.0 ], [ 110.492241514, -6.999413041000025, 0.0 ], [ 110.492250333000015, -6.999416968, 0.0 ], [ 110.492302371, -6.999749306000012, 0.0 ], [ 110.49225143000001, -7.000125469000011, 0.0 ], [ 110.491820501, -7.000637397999981, 0.0 ], [ 110.491978397000025, -7.000962938999976, 0.0 ], [ 110.491903655999977, -7.001213858000028, 0.0 ], [ 110.491288809000025, -7.001650120000022, 0.0 ], [ 110.491214045, -7.001919632000011, 0.0 ], [ 110.490887257, -7.002311233, 0.0 ], [ 110.490827820999982, -7.002606351999987, 0.0 ], [ 110.490604199000018, -7.002881613, 0.0 ], [ 110.490245109999989, -7.003030901999978, 0.0 ], [ 110.490162369000018, -7.003380385000014, 0.0 ], [ 110.490169649999984, -7.003579856999977, 0.0 ], [ 110.490173496000011, -7.003685202999975, 0.0 ], [ 110.490396389000011, -7.00381331, 0.0 ], [ 110.490718069000025, -7.004031055999974, 0.0 ], [ 110.490837582999973, -7.004111955999974, 0.0 ], [ 110.490968512999984, -7.004416398999979, 0.0 ], [ 110.491014099999973, -7.004522399999985, 0.0 ], [ 110.491101414000013, -7.004725426, 0.0 ], [ 110.491108570999984, -7.004824583000016, 0.0 ], [ 110.491129332000014, -7.005112232999977, 0.0 ], [ 110.491174708000017, -7.005115597999975, 0.0 ], [ 110.491487028, -7.005138758999976, 0.0 ], [ 110.491487259, -7.005138761000012, 0.0 ], [ 110.491527803, -7.005139168000028, 0.0 ], [ 110.491563911000014, -7.005146121, 0.0 ], [ 110.49157155, -7.005147592000014, 0.0 ], [ 110.492071881000015, -7.005208044000028, 0.0 ], [ 110.492090901999973, -7.004913889000022, 0.0 ], [ 110.492184785, -7.004573119999975, 0.0 ], [ 110.492442353, -7.004199842, 0.0 ], [ 110.492909316, -7.004130625000016, 0.0 ], [ 110.492937910000023, -7.004126386999985, 0.0 ], [ 110.492942733, -7.004125671999986, 0.0 ], [ 110.492975789000013, -7.00416995400002, 0.0 ], [ 110.493108098999983, -7.004347198, 0.0 ], [ 110.493341842, -7.004518026000028, 0.0 ], [ 110.493564788000015, -7.004373648000012, 0.0 ], [ 110.493828404999988, -7.004388764, 0.0 ], [ 110.493943456000011, -7.004440803000023, 0.0 ], [ 110.493742467, -7.004885566999974, 0.0 ], [ 110.493775710000023, -7.005048763, 0.0 ], [ 110.494208180999976, -7.005579496999985, 0.0 ], [ 110.494940386999986, -7.005795674000012, 0.0 ], [ 110.495153489000018, -7.005785512999978, 0.0 ], [ 110.495364594000023, -7.005535706999979, 0.0 ], [ 110.495567583000025, -7.005483285000025, 0.0 ], [ 110.495659756, -7.005546551, 0.0 ], [ 110.495529456999975, -7.006289465, 0.0 ], [ 110.495556145000023, -7.006450453000014, 0.0 ], [ 110.496996367, -7.007076480000023, 0.0 ], [ 110.497242078999989, -7.006956596, 0.0 ], [ 110.49760872600001, -7.007108733, 0.0 ], [ 110.49773380900001, -7.007249492000028, 0.0 ], [ 110.497728065, -7.007567837000011, 0.0 ], [ 110.500327233, -7.008749533000014, 0.0 ], [ 110.500458048999974, -7.008809008000014, 0.0 ], [ 110.501916941, -7.009500032, 0.0 ], [ 110.501910975999976, -7.009511546999988, 0.0 ], [ 110.501900372000023, -7.009532015, 0.0 ], [ 110.501454529, -7.01039262, 0.0 ], [ 110.501454304999982, -7.010393051999984, 0.0 ], [ 110.501453181999977, -7.010395218999975, 0.0 ], [ 110.501251648, -7.010784237999985, 0.0 ], [ 110.501182266, -7.011430973000017, 0.0 ], [ 110.500849609999989, -7.012301786000023, 0.0 ], [ 110.500502311, -7.013210930000014, 0.0 ], [ 110.499943915000017, -7.014136038, 0.0 ], [ 110.500020923000022, -7.014633907000018, 0.0 ], [ 110.500186771000017, -7.014921695, 0.0 ], [ 110.499913672, -7.015683347999982, 0.0 ], [ 110.499696412, -7.01628926799998, 0.0 ], [ 110.499897933999989, -7.016737759000023, 0.0 ], [ 110.499717923, -7.017163429999982, 0.0 ], [ 110.499165975999972, -7.019384065, 0.0 ], [ 110.499239897999985, -7.019954464000023, 0.0 ], [ 110.498814165, -7.019973783000012, 0.0 ], [ 110.498556725000014, -7.020003169, 0.0 ], [ 110.498200256000018, -7.020859503999986, 0.0 ], [ 110.498183035000011, -7.020900874, 0.0 ], [ 110.498761435, -7.021122405000028, 0.0 ], [ 110.498864267999977, -7.021161791, 0.0 ], [ 110.49888931800001, -7.021171386, 0.0 ], [ 110.498914367999987, -7.02118098, 0.0 ], [ 110.498667809999972, -7.02167039, 0.0 ], [ 110.498606963999976, -7.022106021000013, 0.0 ], [ 110.498586693999982, -7.022251144, 0.0 ], [ 110.498547316999975, -7.022533065, 0.0 ], [ 110.49850354900002, -7.022653393999974, 0.0 ], [ 110.498016366, -7.023992790000023, 0.0 ], [ 110.497896477999973, -7.024248624, 0.0 ], [ 110.497637885000017, -7.024800443, 0.0 ], [ 110.498122774000024, -7.025375579000013, 0.0 ], [ 110.498316769999974, -7.025454541999977, 0.0 ], [ 110.498347406999983, -7.025467011999979, 0.0 ], [ 110.498713974, -7.025351194999985, 0.0 ], [ 110.498946672999978, -7.025388532000022, 0.0 ], [ 110.49910010100001, -7.025524427999983, 0.0 ], [ 110.499161877, -7.025579145999984, 0.0 ], [ 110.49920827, -7.025966331, 0.0 ], [ 110.499221256999988, -7.026074716999972, 0.0 ], [ 110.499028146, -7.026361079000026, 0.0 ], [ 110.498472083000024, -7.026423169999987, 0.0 ], [ 110.498347895999984, -7.026611592, 0.0 ], [ 110.498246850999976, -7.027280362999988, 0.0 ], [ 110.497618605000014, -7.027489339, 0.0 ], [ 110.496943515999988, -7.027482194000015, 0.0 ], [ 110.496908061, -7.027468091, 0.0 ], [ 110.496688044999985, -7.027380575999985, 0.0 ], [ 110.496608674000015, -7.027343589999987, 0.0 ], [ 110.496552005000012, -7.027317182, 0.0 ], [ 110.49641669, -7.027277834000017, 0.0 ], [ 110.496380019000014, -7.027320159, 0.0 ], [ 110.496346513999981, -7.027363772, 0.0 ], [ 110.496331442999974, -7.027383390000011, 0.0 ], [ 110.496225096999979, -7.027464969999983, 0.0 ], [ 110.496076126, -7.027579248999984, 0.0 ], [ 110.49595502699998, -7.027975072, 0.0 ], [ 110.49593467, -7.028288684000017, 0.0 ], [ 110.496060372999978, -7.028578867000022, 0.0 ], [ 110.496048453000014, -7.028817603999983, 0.0 ], [ 110.495891296000025, -7.029440313, 0.0 ], [ 110.495720031000019, -7.02993783300002, 0.0 ], [ 110.495598713999982, -7.030002105, 0.0 ], [ 110.495428447, -7.030004497999983, 0.0 ], [ 110.495095440999989, -7.029939205, 0.0 ], [ 110.494847094000022, -7.029948725999986, 0.0 ], [ 110.494442400000025, -7.030406443, 0.0 ], [ 110.49435832, -7.030607341, 0.0 ], [ 110.494031151, -7.030707482000025, 0.0 ], [ 110.493092304000015, -7.030329615000028, 0.0 ], [ 110.492899586000021, -7.030178664, 0.0 ], [ 110.491723534000016, -7.030328941, 0.0 ], [ 110.489496415000019, -7.03012888, 0.0 ], [ 110.488382606000016, -7.029716447999988, 0.0 ], [ 110.487650009999982, -7.029560661, 0.0 ], [ 110.486995142000012, -7.029421404, 0.0 ], [ 110.48650832200002, -7.029317881999987, 0.0 ], [ 110.485735434999981, -7.028760891, 0.0 ], [ 110.485607152, -7.028668442000026, 0.0 ], [ 110.484241422000025, -7.028383233999989, 0.0 ], [ 110.484226073, -7.028375969000024, 0.0 ], [ 110.484212825999975, -7.028369699, 0.0 ], [ 110.484194746000014, -7.028361141, 0.0 ], [ 110.484188272999972, -7.028368171000011, 0.0 ], [ 110.484185212, -7.028371495999977, 0.0 ], [ 110.48404331, -7.028552403, 0.0 ], [ 110.483632836000027, -7.028758453000023, 0.0 ], [ 110.483625062999977, -7.028769362, 0.0 ], [ 110.48362282, -7.02877251000001, 0.0 ], [ 110.483617289999984, -7.028780271000016, 0.0 ], [ 110.483617048999974, -7.028998146, 0.0 ], [ 110.483438112999977, -7.029118781000022, 0.0 ], [ 110.483169595, -7.029402177, 0.0 ], [ 110.483158966000019, -7.02950198100001, 0.0 ], [ 110.483253435, -7.029675452999982, 0.0 ], [ 110.483574160999979, -7.029738848000022, 0.0 ], [ 110.483864531999984, -7.029732551999984, 0.0 ], [ 110.484186795000028, -7.029805619, 0.0 ], [ 110.484275105, -7.029873236000014, 0.0 ], [ 110.484321599, -7.030143362, 0.0 ], [ 110.484253809999984, -7.030325069000014, 0.0 ], [ 110.484186188000024, -7.030356158000018, 0.0 ], [ 110.483978275000027, -7.030309186000011, 0.0 ], [ 110.48362993500001, -7.030308801999979, 0.0 ], [ 110.483297111000013, -7.030381147000014, 0.0 ], [ 110.483037002, -7.030521092000015, 0.0 ], [ 110.482943268999975, -7.03065602700002, 0.0 ], [ 110.48285316099998, -7.030709348000016, 0.0 ], [ 110.48291136, -7.030978216999983, 0.0 ], [ 110.483121685000015, -7.031212188999973, 0.0 ], [ 110.48336321, -7.03140335, 0.0 ], [ 110.483440449999989, -7.03164863, 0.0 ], [ 110.483627609, -7.031790791, 0.0 ], [ 110.48388578700002, -7.031958841, 0.0 ], [ 110.484118282999987, -7.031991359000017, 0.0 ], [ 110.48435080500002, -7.031998068, 0.0 ], [ 110.484538113999974, -7.032004726000025, 0.0 ], [ 110.484789991000014, -7.032030814, 0.0 ], [ 110.4849772, -7.032127806, 0.0 ], [ 110.484886431, -7.032437426, 0.0 ], [ 110.484627825000018, -7.032763077000027, 0.0 ], [ 110.484220814000025, -7.032840057999977, 0.0 ], [ 110.483949413, -7.032943, 0.0 ], [ 110.483619705000024, -7.033207188, 0.0 ], [ 110.483503064, -7.033549042, 0.0 ], [ 110.483528614000022, -7.033807169999989, 0.0 ], [ 110.48367714699998, -7.034119708999981, 0.0 ], [ 110.48375439900002, -7.034352085000023, 0.0 ], [ 110.483793026, -7.03446827099998, 0.0 ], [ 110.483805716, -7.034674766000023, 0.0 ], [ 110.483857247, -7.034803871, 0.0 ], [ 110.483992847000025, -7.034842735999973, 0.0 ], [ 110.484148002999973, -7.034720310000012, 0.0 ], [ 110.484206244, -7.034623586, 0.0 ], [ 110.484354774999986, -7.03464956, 0.0 ], [ 110.484548415, -7.034772370999974, 0.0 ], [ 110.48474202, -7.034927444, 0.0 ], [ 110.484845189999987, -7.035088869999981, 0.0 ], [ 110.484926359999974, -7.035240586999976, 0.0 ], [ 110.484950277, -7.03530451, 0.0 ], [ 110.484966134999979, -7.035424334000027, 0.0 ], [ 110.484957900999973, -7.035639976000027, 0.0 ], [ 110.484961715, -7.035807708999982, 0.0 ], [ 110.484981501, -7.035991433, 0.0 ], [ 110.485089324, -7.036095382999974, 0.0 ], [ 110.485241179000013, -7.036147466999978, 0.0 ], [ 110.485413559, -7.036153727999988, 0.0 ], [ 110.485646253000027, -7.03618854299998, 0.0 ], [ 110.485762557999976, -7.036245222, 0.0 ], [ 110.485778102999973, -7.036408611000013, 0.0 ], [ 110.485697882000011, -7.036488571, 0.0 ], [ 110.485674201999984, -7.036512174999984, 0.0 ], [ 110.485573486000021, -7.03658118300001, 0.0 ], [ 110.485302135999973, -7.036845842, 0.0 ], [ 110.485162001, -7.037034393999988, 0.0 ], [ 110.485136837000027, -7.037187744, 0.0 ], [ 110.485112694, -7.037334875999989, 0.0 ], [ 110.485112370000024, -7.037628419999976, 0.0 ], [ 110.485126094, -7.037873056000024, 0.0 ], [ 110.485055874000011, -7.038103622, 0.0 ], [ 110.485055564, -7.038217310999983, 0.0 ], [ 110.484901579999985, -7.038273054, 0.0 ], [ 110.484754638000027, -7.038286871000025, 0.0 ], [ 110.484607551000011, -7.038433482000016, 0.0 ], [ 110.484500720000028, -7.038772854, 0.0 ], [ 110.484425004, -7.039013383, 0.0 ], [ 110.484417628000017, -7.03935584300001, 0.0 ], [ 110.484431659999984, -7.039541719999988, 0.0 ], [ 110.484357541, -7.039939644000015, 0.0 ], [ 110.484357194999973, -7.039941504000012, 0.0 ], [ 110.484321399, -7.040133680999986, 0.0 ], [ 110.484317025999985, -7.040157161000025, 0.0 ], [ 110.484249281000018, -7.040372725, 0.0 ], [ 110.484188771, -7.04056527, 0.0 ], [ 110.484155902, -7.040669859, 0.0 ], [ 110.484147163999978, -7.040697662000014, 0.0 ], [ 110.483818953000025, -7.040656472000023, 0.0 ], [ 110.483653832000016, -7.040669486000013, 0.0 ], [ 110.483198115, -7.040688779, 0.0 ], [ 110.482903162000014, -7.040677992999974, 0.0 ], [ 110.482782054999973, -7.04068171900002, 0.0 ], [ 110.482194522999976, -7.040456737999989, 0.0 ], [ 110.481659907, -7.040159238, 0.0 ], [ 110.481343284, -7.039815791000024, 0.0 ], [ 110.481323632999988, -7.039670616000024, 0.0 ], [ 110.481389821, -7.039538726999979, 0.0 ], [ 110.481391700000017, -7.03951011800001, 0.0 ], [ 110.481403257000011, -7.039334204, 0.0 ], [ 110.481415756, -7.039272127, 0.0 ], [ 110.481476305, -7.038971396000022, 0.0 ], [ 110.481629688, -7.038778869999987, 0.0 ], [ 110.481673145, -7.038699709000014, 0.0 ], [ 110.481791186, -7.038484690000018, 0.0 ], [ 110.481791222000027, -7.038484622999988, 0.0 ], [ 110.481969893999974, -7.038160699, 0.0 ], [ 110.482031963999987, -7.038019738, 0.0 ], [ 110.482030225000017, -7.037919932000023, 0.0 ], [ 110.482023899000012, -7.03787441999998, 0.0 ], [ 110.481994327999985, -7.037814070000024, 0.0 ], [ 110.48196292, -7.037749971999972, 0.0 ], [ 110.481883821, -7.037650969000026, 0.0 ], [ 110.481883145999973, -7.037650123, 0.0 ], [ 110.481863995000026, -7.037626153000019, 0.0 ], [ 110.481862838999973, -7.037625344, 0.0 ], [ 110.481569513000011, -7.037420467, 0.0 ], [ 110.481544197, -7.037394198000015, 0.0 ], [ 110.481519843, -7.03736892500001, 0.0 ], [ 110.481482441000026, -7.037330113, 0.0 ], [ 110.481464929000026, -7.037321889, 0.0 ], [ 110.481286732, -7.037216124, 0.0 ], [ 110.481174666000015, -7.037031255999977, 0.0 ], [ 110.481148463000011, -7.036839885, 0.0 ], [ 110.481155294000018, -7.036635355999977, 0.0 ], [ 110.481257146000019, -7.036388104000025, 0.0 ], [ 110.481263534999982, -7.036351817000025, 0.0 ], [ 110.481275837999988, -7.036210261, 0.0 ], [ 110.481281314, -7.036147244, 0.0 ], [ 110.481222052000021, -7.035988826, 0.0 ], [ 110.48108141, -7.035815136, 0.0 ], [ 110.481024198999989, -7.035744481, 0.0 ], [ 110.480885840999974, -7.035447420000025, 0.0 ], [ 110.480655293999973, -7.034906131000014, 0.0 ], [ 110.480675169, -7.034435724, 0.0 ], [ 110.480670257999975, -7.034418518999985, 0.0 ], [ 110.480659914, -7.034382284, 0.0 ], [ 110.48065631999998, -7.034369688000027, 0.0 ], [ 110.480631413000026, -7.034282426, 0.0 ], [ 110.480606153, -7.034193929000025, 0.0 ], [ 110.480595799000014, -7.034157654000012, 0.0 ], [ 110.48058971, -7.034136322999984, 0.0 ], [ 110.480580901999986, -7.034105462000014, 0.0 ], [ 110.480519189, -7.033889250000016, 0.0 ], [ 110.480488603000026, -7.033782098000017, 0.0 ], [ 110.480456819999972, -7.033670744, 0.0 ], [ 110.480420790999972, -7.033544517999985, 0.0 ], [ 110.480415487000016, -7.033525934000011, 0.0 ], [ 110.480267723, -7.033038471999987, 0.0 ], [ 110.480266712, -7.033030316, 0.0 ], [ 110.480261951999978, -7.033015781000017, 0.0 ], [ 110.480201788999977, -7.032832070999973, 0.0 ], [ 110.480116055999986, -7.03257028500002, 0.0 ], [ 110.480096575, -7.032536833, 0.0 ], [ 110.48007709, -7.032451300999981, 0.0 ], [ 110.480052089000026, -7.032341551, 0.0 ], [ 110.479892344, -7.031640306999975, 0.0 ], [ 110.479890372999989, -7.031633020000015, 0.0 ], [ 110.479885001000014, -7.031613161, 0.0 ], [ 110.479827273000012, -7.031399740999973, 0.0 ], [ 110.479810226999973, -7.031336721, 0.0 ], [ 110.47974102, -7.031086731000016, 0.0 ], [ 110.4797317, -7.031053066000027, 0.0 ], [ 110.479698111, -7.030931733999978, 0.0 ], [ 110.47966223100002, -7.030802127000015, 0.0 ], [ 110.479530660000023, -7.030343427, 0.0 ], [ 110.479503889, -7.030251064000026, 0.0 ], [ 110.479406525, -7.029915143999972, 0.0 ], [ 110.479366496000011, -7.029857241, 0.0 ], [ 110.479254630000014, -7.029494226999986, 0.0 ], [ 110.479011042000025, -7.028807767999979, 0.0 ], [ 110.479011255999978, -7.02861578, 0.0 ], [ 110.479011549, -7.028352505999976, 0.0 ], [ 110.478978756, -7.028147932000024, 0.0 ], [ 110.478952744000026, -7.027785015, 0.0 ], [ 110.478926145, -7.027597506, 0.0 ], [ 110.47885621, -7.027104494000014, 0.0 ], [ 110.478847901999984, -7.027045923, 0.0 ], [ 110.478804640000021, -7.026965026000028, 0.0 ], [ 110.478696011000011, -7.026761896999972, 0.0 ], [ 110.478600135000022, -7.026660134999986, 0.0 ], [ 110.478580505000025, -7.026639300999989, 0.0 ], [ 110.478579804999981, -7.026638423, 0.0 ], [ 110.478548613999976, -7.026599381999972, 0.0 ], [ 110.478540937, -7.026589772000023, 0.0 ], [ 110.478469314, -7.026414022999973, 0.0 ], [ 110.478410323, -7.026291019999974, 0.0 ], [ 110.478377895999984, -7.026223406999975, 0.0 ], [ 110.478377033000015, -7.026221507, 0.0 ], [ 110.478182172, -7.025897134, 0.0 ], [ 110.47801106999998, -7.02535591100002, 0.0 ], [ 110.47782659, -7.024966421999977, 0.0 ], [ 110.477552301, -7.024460852, 0.0 ], [ 110.477497066000012, -7.024359043, 0.0 ], [ 110.477452086000028, -7.024345160999985, 0.0 ], [ 110.477153774999977, -7.024253093000027, 0.0 ], [ 110.47706853699998, -7.024167740999985, 0.0 ], [ 110.476929489999975, -7.024028509, 0.0 ], [ 110.476685701, -7.02352679, 0.0 ], [ 110.476592292000021, -7.023158962000025, 0.0 ], [ 110.476514748, -7.022853605000023, 0.0 ], [ 110.476367278999987, -7.022586565999973, 0.0 ], [ 110.476343392, -7.022543311, 0.0 ], [ 110.476308820999975, -7.022426258999985, 0.0 ], [ 110.476290758, -7.022365104000016, 0.0 ], [ 110.476278779999973, -7.022132788000022, 0.0 ], [ 110.476195877, -7.022092595, 0.0 ], [ 110.476053361000027, -7.022054734999983, 0.0 ], [ 110.475611040999979, -7.021922281, 0.0 ], [ 110.475426270000014, -7.021796712000025, 0.0 ], [ 110.475360481, -7.021572307999975, 0.0 ], [ 110.475275271999976, -7.020998188000021, 0.0 ], [ 110.475143614, -7.020621955000024, 0.0 ], [ 110.474826823, -7.02044345600001, 0.0 ], [ 110.474470490999977, -7.020192333000011, 0.0 ], [ 110.474014883999985, -7.020132440999987, 0.0 ], [ 110.473836628000015, -7.020086056000025, 0.0 ], [ 110.473579412999982, -7.019782260999989, 0.0 ], [ 110.473296962, -7.019257611, 0.0 ], [ 110.473250066, -7.019196772999976, 0.0 ], [ 110.473015739, -7.019043324, 0.0 ], [ 110.472932534, -7.018988836, 0.0 ], [ 110.472888559000012, -7.018960037999989, 0.0 ], [ 110.472845756000027, -7.018938596999988, 0.0 ], [ 110.472842308, -7.018936868000026, 0.0 ], [ 110.47227961599998, -7.01873172, 0.0 ], [ 110.472145910999984, -7.01864714200002, 0.0 ], [ 110.472123633000024, -7.01863943799998, 0.0 ], [ 110.472074640000017, -7.01860205600002, 0.0 ], [ 110.471778073, -7.018414455000027, 0.0 ], [ 110.471449326000027, -7.018169700999977, 0.0 ], [ 110.470775117000017, -7.017667753000012, 0.0 ] ] ] ] } },
{ "type": "Feature", "properties": { "KDCPUM": "33.74.13", "NAMOBJ": "Semarang Barat", "kec_id": "kec_10" }, "geometry": { "type": "MultiPolygon", "coordinates": [ [ [ [ 110.392427, -7.00596793, 0.0 ], [ 110.392077960999984, -7.005826345, 0.0 ], [ 110.39202433600002, -7.005804592, 0.0 ], [ 110.391949125999986, -7.005768311999987, 0.0 ], [ 110.391835168999989, -7.005722936999973, 0.0 ], [ 110.39164255999998, -7.005677461, 0.0 ], [ 110.391449890999979, -7.005677210999977, 0.0 ], [ 110.390256072999989, -7.005820391999976, 0.0 ], [ 110.390053774000023, -7.00582917600002, 0.0 ], [ 110.389792098999976, -7.005810745000019, 0.0 ], [ 110.389637035000021, -7.005828634000011, 0.0 ], [ 110.389439488999983, -7.005882650999979, 0.0 ], [ 110.389408219000018, -7.005905784999982, 0.0 ], [ 110.38936, -7.005912, 0.0 ], [ 110.389252, -7.00598, 0.0 ], [ 110.389124, -7.006107, 0.0 ], [ 110.388987, -7.006293, 0.0 ], [ 110.388879, -7.006498, 0.0 ], [ 110.38883, -7.006635001, 0.0 ], [ 110.38883, -7.006889001, 0.0 ], [ 110.38879, -7.007114, 0.0 ], [ 110.388711, -7.007378001, 0.0 ], [ 110.388563998999985, -7.007779, 0.0 ], [ 110.388366, -7.008117, 0.0 ], [ 110.388176, -7.008438, 0.0 ], [ 110.38803, -7.008598, 0.0 ], [ 110.387854, -7.008831, 0.0 ], [ 110.387591, -7.009355, 0.0 ], [ 110.387380796, -7.009778211000025, 0.0 ], [ 110.387091714, -7.010302824, 0.0 ], [ 110.386922102000028, -7.010628240000017, 0.0 ], [ 110.386742186, -7.011044094999988, 0.0 ], [ 110.386704404, -7.011161636, 0.0 ], [ 110.386662011999988, -7.01134249, 0.0 ], [ 110.386661901000025, -7.011426673000017, 0.0 ], [ 110.386661893, -7.011432943999978, 0.0 ], [ 110.386685269999987, -7.011514385, 0.0 ], [ 110.386886804000028, -7.011876465, 0.0 ], [ 110.387191730999973, -7.012356271999977, 0.0 ], [ 110.387369770000021, -7.012727369, 0.0 ], [ 110.387458831, -7.012989802999982, 0.0 ], [ 110.387603709000018, -7.013623172999985, 0.0 ], [ 110.387638306999975, -7.013974314999984, 0.0 ], [ 110.387643421, -7.014963216000012, 0.0 ], [ 110.387580636999985, -7.015016291999984, 0.0 ], [ 110.387576184000011, -7.015020054999979, 0.0 ], [ 110.387086709000016, -7.014680546000022, 0.0 ], [ 110.386215616000015, -7.014038009999979, 0.0 ], [ 110.384287251999979, -7.01261579200002, 0.0 ], [ 110.383779941, -7.01222263, 0.0 ], [ 110.383205584, -7.01181022999998, 0.0 ], [ 110.382698186000027, -7.011484078000024, 0.0 ], [ 110.382181308999975, -7.011081327, 0.0 ], [ 110.381788955, -7.01070746, 0.0 ], [ 110.381291444, -7.010151565, 0.0 ], [ 110.380736585000022, -7.009490289999974, 0.0 ], [ 110.379837194, -7.008522218, 0.0 ], [ 110.378679652000017, -7.007142161, 0.0 ], [ 110.37844349400001, -7.006913557000018, 0.0 ], [ 110.377827989000025, -7.006317748000015, 0.0 ], [ 110.376832911, -7.005263387000014, 0.0 ], [ 110.375876252000012, -7.004142065, 0.0 ], [ 110.375311711, -7.003566928, 0.0 ], [ 110.374603181999987, -7.003192636, 0.0 ], [ 110.373536987000023, -7.002876736000019, 0.0 ], [ 110.373143442000014, -7.002767092999989, 0.0 ], [ 110.372982395, -7.002722226, 0.0 ], [ 110.37266114800002, -7.002613251000014, 0.0 ], [ 110.372613076999983, -7.002595096999983, 0.0 ], [ 110.372358586000018, -7.002495257000021, 0.0 ], [ 110.372089468000013, -7.002332079999974, 0.0 ], [ 110.371987703, -7.002268625999989, 0.0 ], [ 110.371764443000018, -7.00208741900002, 0.0 ], [ 110.371582513000021, -7.001888177000012, 0.0 ], [ 110.37140180900002, -7.001616571999989, 0.0 ], [ 110.371263237999983, -7.001363115, 0.0 ], [ 110.371161716000017, -7.001118753000014, 0.0 ], [ 110.371099223999977, -7.000883488, 0.0 ], [ 110.371026186999984, -7.000494437999976, 0.0 ], [ 110.370913327999972, -6.999843016, 0.0 ], [ 110.37085431600002, -6.999544437, 0.0 ], [ 110.370781095999973, -6.999291067, 0.0 ], [ 110.370655883999973, -6.99899240000002, 0.0 ], [ 110.370537351, -6.998775152, 0.0 ], [ 110.370426950000024, -6.998612186, 0.0 ], [ 110.370313979, -6.998467307, 0.0 ], [ 110.370119072000023, -6.998240910999982, 0.0 ], [ 110.369917093000026, -6.998014505000015, 0.0 ], [ 110.369656906999978, -6.997733747999973, 0.0 ], [ 110.369515669, -6.997570742, 0.0 ], [ 110.369411185, -6.997425873999987, 0.0 ], [ 110.369289505999973, -6.997235757, 0.0 ], [ 110.36913910200002, -6.996946101999981, 0.0 ], [ 110.368949889000021, -6.996484531000021, 0.0 ], [ 110.368786652999972, -6.996059177, 0.0 ], [ 110.368728346000012, -6.995869144999972, 0.0 ], [ 110.368661342, -6.995624829, 0.0 ], [ 110.368629344999988, -6.995434832, 0.0 ], [ 110.368613498, -6.99522676700002, 0.0 ], [ 110.368614396, -6.995190584999989, 0.0 ], [ 110.368611725, -6.995072992000019, 0.0 ], [ 110.368638363, -6.994828800999983, 0.0 ], [ 110.368678237999973, -6.994629853999982, 0.0 ], [ 110.36870467, -6.994539434999979, 0.0 ], [ 110.368779650000022, -6.994322445000023, 0.0 ], [ 110.368951159, -6.993852313, 0.0 ], [ 110.369028414000013, -6.993626281, 0.0 ], [ 110.369101719000014, -6.993391197999983, 0.0 ], [ 110.369195451999985, -6.992902870000023, 0.0 ], [ 110.369246013, -6.99254112, 0.0 ], [ 110.369259167999985, -6.992224548000024, 0.0 ], [ 110.369255325999973, -6.991926042999978, 0.0 ], [ 110.369196889000023, -6.991410374999987, 0.0 ], [ 110.369157265000013, -6.991211323000016, 0.0 ], [ 110.369085031, -6.990858452999987, 0.0 ], [ 110.369044546999987, -6.990668445999972, 0.0 ], [ 110.368978206, -6.990351767999982, 0.0 ], [ 110.368876635, -6.989935541000023, 0.0 ], [ 110.368810269, -6.989636953, 0.0 ], [ 110.368761629, -6.989410752000026, 0.0 ], [ 110.368704267999988, -6.989148359000012, 0.0 ], [ 110.368677562000016, -6.989021687, 0.0 ], [ 110.368606832000012, -6.988813546000017, 0.0 ], [ 110.36852571999998, -6.988542075, 0.0 ], [ 110.36829837, -6.987759919999974, 0.0 ], [ 110.368270583000026, -6.987664326000015, 0.0 ], [ 110.367001776999984, -6.987852577000012, 0.0 ], [ 110.366753091000021, -6.987861289000023, 0.0 ], [ 110.366428892999977, -6.987851808000016, 0.0 ], [ 110.365954852000016, -6.987769760999981, 0.0 ], [ 110.365573321, -6.987687838999989, 0.0 ], [ 110.365172859999973, -6.987587799999972, 0.0 ], [ 110.364716187, -6.987424367000017, 0.0 ], [ 110.36412463, -6.987215525000011, 0.0 ], [ 110.363377523999986, -6.986970290999977, 0.0 ], [ 110.363201052000022, -6.986924825000017, 0.0 ], [ 110.363124539000012, -6.986909094, 0.0 ], [ 110.363149707, -6.986805887, 0.0 ], [ 110.363179792999972, -6.986698231, 0.0 ], [ 110.363183054999979, -6.986678303000019, 0.0 ], [ 110.363197908000018, -6.986587566000026, 0.0 ], [ 110.363252029000023, -6.986420110999973, 0.0 ], [ 110.363283871000021, -6.986361561000024, 0.0 ], [ 110.363330067999982, -6.986276619000023, 0.0 ], [ 110.363372111, -6.986183937000021, 0.0 ], [ 110.36339926, -6.986034394, 0.0 ], [ 110.363456337, -6.985893866000026, 0.0 ], [ 110.36348941, -6.985792198000013, 0.0 ], [ 110.363501536, -6.985681523999972, 0.0 ], [ 110.36351609899998, -6.985647699000026, 0.0 ], [ 110.363537577999978, -6.985597809000012, 0.0 ], [ 110.363639525, -6.985487256999988, 0.0 ], [ 110.36364246, -6.985485692999987, 0.0 ], [ 110.36372342300001, -6.985442496000019, 0.0 ], [ 110.363813328, -6.985379794999972, 0.0 ], [ 110.363869138999974, -6.98531348, 0.0 ], [ 110.363972002000025, -6.98498285, 0.0 ], [ 110.36406, -6.984700001000022, 0.0 ], [ 110.364129999, -6.9845, 0.0 ], [ 110.364086857000018, -6.984324259, 0.0 ], [ 110.36407215700001, -6.984123802999989, 0.0 ], [ 110.364093406999984, -6.983908435999979, 0.0 ], [ 110.364098786999989, -6.98387188800001, 0.0 ], [ 110.364125874000024, -6.983687904000021, 0.0 ], [ 110.364144778000025, -6.983559488000026, 0.0 ], [ 110.364091025, -6.983454708000011, 0.0 ], [ 110.364052199000014, -6.983382858000027, 0.0 ], [ 110.364070313000013, -6.983272193, 0.0 ], [ 110.364103284, -6.983245313, 0.0 ], [ 110.364160281000011, -6.983164617, 0.0 ], [ 110.364169340999979, -6.983107791, 0.0 ], [ 110.364217520000011, -6.982904426, 0.0 ], [ 110.364205, -6.982833, 0.0 ], [ 110.364274737000017, -6.982659193000018, 0.0 ], [ 110.364464356999974, -6.981923516999984, 0.0 ], [ 110.364593690999982, -6.981486917999973, 0.0 ], [ 110.364704473000018, -6.981096483999977, 0.0 ], [ 110.364711148000026, -6.981072962999974, 0.0 ], [ 110.364715932000024, -6.981056100999979, 0.0 ], [ 110.36435, -6.98097, 0.0 ], [ 110.364156321, -6.980902212, 0.0 ], [ 110.36415, -6.9809, 0.0 ], [ 110.364159796000024, -6.980865715, 0.0 ], [ 110.36421, -6.98069, 0.0 ], [ 110.36422117799998, -6.980650078, 0.0 ], [ 110.36442, -6.979940000999989, 0.0 ], [ 110.364499998999975, -6.97975, 0.0 ], [ 110.364627139999982, -6.979425086999981, 0.0 ], [ 110.36468, -6.97929, 0.0 ], [ 110.364831840000022, -6.978828645000021, 0.0 ], [ 110.36494, -6.9785, 0.0 ], [ 110.36518, -6.97781, 0.0 ], [ 110.36531, -6.977449998999987, 0.0 ], [ 110.365702356999975, -6.976397335, 0.0 ], [ 110.36572, -6.97635, 0.0 ], [ 110.36578, -6.97624, 0.0 ], [ 110.36575874, -6.976227852000022, 0.0 ], [ 110.365743963999989, -6.97621940800002, 0.0 ], [ 110.365802992, -6.976007617999983, 0.0 ], [ 110.365876871000012, -6.976009321999982, 0.0 ], [ 110.365891133, -6.976009651000027, 0.0 ], [ 110.366464216, -6.974474894000025, 0.0 ], [ 110.366422850999982, -6.974457487999985, 0.0 ], [ 110.36631, -6.97441, 0.0 ], [ 110.366013409, -6.974317289999988, 0.0 ], [ 110.366109784, -6.973896204000027, 0.0 ], [ 110.366149098, -6.97315912900001, 0.0 ], [ 110.366007509999974, -6.971579374999976, 0.0 ], [ 110.366074871000023, -6.971359283000027, 0.0 ], [ 110.36691464, -6.968469045, 0.0 ], [ 110.363987141, -6.966190738000023, 0.0 ], [ 110.363990992000026, -6.966181727999981, 0.0 ], [ 110.363981148999983, -6.966147836, 0.0 ], [ 110.36397764100002, -6.966135759, 0.0 ], [ 110.36397193900001, -6.966101289, 0.0 ], [ 110.363954723, -6.966080205000026, 0.0 ], [ 110.363944827000012, -6.966060361000018, 0.0 ], [ 110.363933702, -6.966038055000013, 0.0 ], [ 110.363897361999989, -6.965988225999979, 0.0 ], [ 110.363164251, -6.965418597, 0.0 ], [ 110.36130153, -6.963897168000017, 0.0 ], [ 110.360833565, -6.963507390000018, 0.0 ], [ 110.360252167999988, -6.963045658999988, 0.0 ], [ 110.360094267000022, -6.962913336999975, 0.0 ], [ 110.35943912, -6.962349472000028, 0.0 ], [ 110.359208317000025, -6.962107439000022, 0.0 ], [ 110.359083951, -6.961973247, 0.0 ], [ 110.35907321000002, -6.96194571, 0.0 ], [ 110.359057711999981, -6.96189423300001, 0.0 ], [ 110.35905656, -6.961860726, 0.0 ], [ 110.35905062, -6.961824819000014, 0.0 ], [ 110.359044908999977, -6.961621383000022, 0.0 ], [ 110.359042892, -6.961342564, 0.0 ], [ 110.359052895, -6.961031451999986, 0.0 ], [ 110.359064800999988, -6.960700179000014, 0.0 ], [ 110.359062291999976, -6.960431172000028, 0.0 ], [ 110.359069158000011, -6.960313432000021, 0.0 ], [ 110.359075943, -6.960255045, 0.0 ], [ 110.359082764, -6.960170811000012, 0.0 ], [ 110.359088659, -6.960062643000015, 0.0 ], [ 110.359089729, -6.959980315999985, 0.0 ], [ 110.359102232, -6.959944912000026, 0.0 ], [ 110.359119553000028, -6.959888455, 0.0 ], [ 110.359125412000026, -6.959807091000016, 0.0 ], [ 110.359136018000015, -6.959757325, 0.0 ], [ 110.35913728700001, -6.959681204999981, 0.0 ], [ 110.359138077000011, -6.959628075000012, 0.0 ], [ 110.359135945999981, -6.959610123, 0.0 ], [ 110.359128086, -6.959577803, 0.0 ], [ 110.359106594000025, -6.959530386999973, 0.0 ], [ 110.359098717999984, -6.959509555000011, 0.0 ], [ 110.359094434999975, -6.959488728, 0.0 ], [ 110.359093025999982, -6.959468621999974, 0.0 ], [ 110.359093764000022, -6.959454263999987, 0.0 ], [ 110.359095223999987, -6.959437034000018, 0.0 ], [ 110.359103882, -6.959411198999987, 0.0 ], [ 110.359113254000022, -6.959388236, 0.0 ], [ 110.359120465, -6.959369578, 0.0 ], [ 110.359135896, -6.959329464, 0.0 ], [ 110.359141693000026, -6.959293571999979, 0.0 ], [ 110.359141755, -6.959247622000021, 0.0 ], [ 110.359141938, -6.959112641, 0.0 ], [ 110.35914068, -6.958980531, 0.0 ], [ 110.359129234000022, -6.95894318, 0.0 ], [ 110.359113451999974, -6.958924491, 0.0 ], [ 110.359081871, -6.958898600999987, 0.0 ], [ 110.359067541, -6.958868427000027, 0.0 ], [ 110.359051771999987, -6.958839685999976, 0.0 ], [ 110.359025936000023, -6.958816676000026, 0.0 ], [ 110.358949857000027, -6.958753390000027, 0.0 ], [ 110.358902482000019, -6.958717427000011, 0.0 ], [ 110.358698644000015, -6.958550579000018, 0.0 ], [ 110.358570881999981, -6.958448452000027, 0.0 ], [ 110.358451742, -6.958347773000014, 0.0 ], [ 110.358387150999988, -6.958290246999979, 0.0 ], [ 110.358348423999985, -6.958235628000011, 0.0 ], [ 110.358372885999984, -6.958212686000024, 0.0 ], [ 110.358414588000016, -6.958192639, 0.0 ], [ 110.358456273, -6.958185515000025, 0.0 ], [ 110.358500799000012, -6.958202807000021, 0.0 ], [ 110.358555341999988, -6.95825170400002, 0.0 ], [ 110.358650081, -6.95833081, 0.0 ], [ 110.358731901, -6.958399848, 0.0 ], [ 110.358908451, -6.958555171, 0.0 ], [ 110.358970156999987, -6.958619872999975, 0.0 ], [ 110.359036192000019, -6.958671657000025, 0.0 ], [ 110.359096538000017, -6.958680355000013, 0.0 ], [ 110.359136797000019, -6.958664613, 0.0 ], [ 110.35915405999998, -6.958651713, 0.0 ], [ 110.35915989, -6.958591410999986, 0.0 ], [ 110.359165850000011, -6.958434898, 0.0 ], [ 110.35917459, -6.958348752, 0.0 ], [ 110.359179014, -6.958265472, 0.0 ], [ 110.359171934000017, -6.958187921, 0.0 ], [ 110.359170635, -6.958085966, 0.0 ], [ 110.359179396, -6.957984023999984, 0.0 ], [ 110.359181063999984, -6.957813145999978, 0.0 ], [ 110.359199945, -6.957666704000019, 0.0 ], [ 110.359201477, -6.957596342999977, 0.0 ], [ 110.35921455099998, -6.957492972000011, 0.0 ], [ 110.359226122, -6.957438421, 0.0 ], [ 110.359236306000014, -6.95734653300002, 0.0 ], [ 110.359234989000015, -6.957257501000015, 0.0 ], [ 110.359229433999985, -6.957115333, 0.0 ], [ 110.359225165999987, -6.957083736000016, 0.0 ], [ 110.359226639999974, -6.957056454999986, 0.0 ], [ 110.359230974000013, -6.957039228999975, 0.0 ], [ 110.359238205999986, -6.957004776000019, 0.0 ], [ 110.35923829799998, -6.956937286000027, 0.0 ], [ 110.359224117999986, -6.956796542, 0.0 ], [ 110.359220059999984, -6.956609861, 0.0 ], [ 110.359225921000018, -6.956526583000027, 0.0 ], [ 110.359230281, -6.95649069000001, 0.0 ], [ 110.35924190999998, -6.956393059999982, 0.0 ], [ 110.359234779000019, -6.956352843, 0.0 ], [ 110.359240574000012, -6.956318388, 0.0 ], [ 110.35925068, -6.956283938000013, 0.0 ], [ 110.359256485, -6.95624230300001, 0.0 ], [ 110.359250827999972, -6.956174804999989, 0.0 ], [ 110.359252332999972, -6.956124548999981, 0.0 ], [ 110.359245255000019, -6.956045561, 0.0 ], [ 110.359246869, -6.955914889999974, 0.0 ], [ 110.359254105, -6.95587756499998, 0.0 ], [ 110.35925126799998, -6.955850278000014, 0.0 ], [ 110.359236386000021, -6.955807387999982, 0.0 ], [ 110.359233494000023, -6.955732593999983, 0.0 ], [ 110.359200687, -6.955639811000026, 0.0 ], [ 110.359197798000025, -6.955562025, 0.0 ], [ 110.359206825, -6.95552913, 0.0 ], [ 110.359218885000018, -6.955466323, 0.0 ], [ 110.359227955999984, -6.955400520000012, 0.0 ], [ 110.359243153000023, -6.955233011000018, 0.0 ], [ 110.35923126199998, -6.95517017200001, 0.0 ], [ 110.359216377999985, -6.955107328, 0.0 ], [ 110.35919248, -6.95506840500002, 0.0 ], [ 110.359150597999985, -6.955044416000021, 0.0 ], [ 110.359135660999982, -6.955020462999983, 0.0 ], [ 110.359141680999983, -6.954996537999989, 0.0 ], [ 110.359165680999979, -6.954960672000027, 0.0 ], [ 110.359185608000018, -6.954925527, 0.0 ], [ 110.359183733, -6.954894880999973, 0.0 ], [ 110.359177801999977, -6.954852991, 0.0 ], [ 110.359153935999984, -6.954790135, 0.0 ], [ 110.359144183000012, -6.954754294, 0.0 ], [ 110.359142825999982, -6.954739704000019, 0.0 ], [ 110.35914049500002, -6.954708251, 0.0 ], [ 110.359127170000022, -6.954690167000024, 0.0 ], [ 110.359091002000014, -6.954674938999972, 0.0 ], [ 110.359024377000026, -6.954660661999981, 0.0 ], [ 110.358925392, -6.954635914999983, 0.0 ], [ 110.358861622, -6.95461592800001, 0.0 ], [ 110.358762636999984, -6.954603555, 0.0 ], [ 110.358635097, -6.954592133, 0.0 ], [ 110.358518979999985, -6.954577857, 0.0 ], [ 110.358486619000018, -6.954583566999986, 0.0 ], [ 110.358451640999988, -6.954626992999977, 0.0 ], [ 110.358398817000023, -6.95484899600001, 0.0 ], [ 110.358361697000021, -6.95485684800002, 0.0 ], [ 110.35831529799998, -6.954866842, 0.0 ], [ 110.358239631, -6.954908245000013, 0.0 ], [ 110.358189661999972, -6.954953217000025, 0.0 ], [ 110.358154684, -6.955015321000019, 0.0 ], [ 110.358152543000017, -6.955065289, 0.0 ], [ 110.358176099, -6.955202346000021, 0.0 ], [ 110.358178955000028, -6.955264450000016, 0.0 ], [ 110.358187521, -6.955307756000025, 0.0 ], [ 110.358197991, -6.955337738000026, 0.0 ], [ 110.358212743000024, -6.955428156999972, 0.0 ], [ 110.35822226099998, -6.95552190799998, 0.0 ], [ 110.358240820999981, -6.955650398999978, 0.0 ], [ 110.358267947, -6.95580411200001, 0.0 ], [ 110.358297322999988, -6.956041835, 0.0 ], [ 110.358225939000022, -6.956042430000025, 0.0 ], [ 110.358213447000026, -6.956024583999977, 0.0 ], [ 110.358202145, -6.955991865999977, 0.0 ], [ 110.358156737, -6.955636137, 0.0 ], [ 110.358141269999976, -6.955435072, 0.0 ], [ 110.358119854999984, -6.955261372, 0.0 ], [ 110.358093681000014, -6.955140019, 0.0 ], [ 110.358060368, -6.955067445999987, 0.0 ], [ 110.358006831000012, -6.955040081999982, 0.0 ], [ 110.357980656, -6.955026995000026, 0.0 ], [ 110.357908082999984, -6.955031754, 0.0 ], [ 110.357846216999974, -6.955044841000017, 0.0 ], [ 110.357795059000011, -6.955048410000018, 0.0 ], [ 110.357723674999988, -6.955023426000025, 0.0 ], [ 110.357641582999975, -6.955002009999987, 0.0 ], [ 110.357572579000021, -6.954972267000016, 0.0 ], [ 110.35750357500001, -6.954961560000015, 0.0 ], [ 110.357426241999974, -6.954978215999972, 0.0 ], [ 110.357392097, -6.954990668, 0.0 ], [ 110.357359735999978, -6.954995903, 0.0 ], [ 110.357317857999988, -6.954990192000025, 0.0 ], [ 110.357288352000012, -6.954982101999974, 0.0 ], [ 110.357268364999982, -6.954983054000024, 0.0 ], [ 110.357256942999982, -6.954990668, 0.0 ], [ 110.357244094, -6.955014463, 0.0 ], [ 110.357241239000018, -6.955041589000018, 0.0 ], [ 110.357240763, -6.955074425000021, 0.0 ], [ 110.357237908, -6.955098696, 0.0 ], [ 110.357215635999978, -6.955128581999986, 0.0 ], [ 110.357173757, -6.9551381, 0.0 ], [ 110.35711855400001, -6.955132389000028, 0.0 ], [ 110.357076674999973, -6.955119063999973, 0.0 ], [ 110.357019568, -6.955115256999989, 0.0 ], [ 110.356893932999981, -6.955096221000019, 0.0 ], [ 110.356848247000016, -6.955060053000011, 0.0 ], [ 110.356796851000013, -6.954951549999976, 0.0 ], [ 110.356791139999984, -6.954865889000018, 0.0 ], [ 110.356764489999989, -6.954789747, 0.0 ], [ 110.356714996999983, -6.954725025000016, 0.0 ], [ 110.35665789, -6.954683147000026, 0.0 ], [ 110.356414234, -6.954654592999987, 0.0 ], [ 110.356224353000016, -6.954657449000024, 0.0 ], [ 110.35592454, -6.954655069000012, 0.0 ], [ 110.355568811000012, -6.954646740999976, 0.0 ], [ 110.355327295999984, -6.954647931000011, 0.0 ], [ 110.355097678, -6.954650309999977, 0.0 ], [ 110.354998930000022, -6.954650309999977, 0.0 ], [ 110.354962048, -6.954638413, 0.0 ], [ 110.354935873999978, -6.954626516000019, 0.0 ], [ 110.354907320999985, -6.954621756999984, 0.0 ], [ 110.354875198, -6.954632463999985, 0.0 ], [ 110.354831177999984, -6.954645551, 0.0 ], [ 110.354734049, -6.954648883, 0.0 ], [ 110.354665520000026, -6.954648883, 0.0 ], [ 110.354616265, -6.954647454999986, 0.0 ], [ 110.354582000999983, -6.954651738, 0.0 ], [ 110.35455416100001, -6.954653878999977, 0.0 ], [ 110.354525608000017, -6.954648883, 0.0 ], [ 110.354493484999978, -6.954621756999984, 0.0 ], [ 110.354462790000014, -6.954596058999982, 0.0 ], [ 110.354439233, -6.954577498999981, 0.0 ], [ 110.354423528999973, -6.954560367, 0.0 ], [ 110.354420673, -6.954543234000027, 0.0 ], [ 110.354427097999974, -6.954528958000026, 0.0 ], [ 110.354442802, -6.954518963999988, 0.0 ], [ 110.354486346999977, -6.95450897, 0.0 ], [ 110.354575576, -6.954498263, 0.0 ], [ 110.354687649000027, -6.954485413999976, 0.0 ], [ 110.354780447999985, -6.954471136999985, 0.0 ], [ 110.354871104999972, -6.954461857000013, 0.0 ], [ 110.355014587000028, -6.954450436, 0.0 ], [ 110.355117380000024, -6.954461143, 0.0 ], [ 110.355270141, -6.954467567999984, 0.0 ], [ 110.355390065999984, -6.954476848000013, 0.0 ], [ 110.355547823999984, -6.954483272, 0.0 ], [ 110.355669176999982, -6.954483272, 0.0 ], [ 110.355778394000026, -6.954476848000013, 0.0 ], [ 110.355886897, -6.954466853999975, 0.0 ], [ 110.355932583000026, -6.954460429, 0.0 ], [ 110.355967561, -6.954444724999973, 0.0 ], [ 110.356008964000011, -6.954420454, 0.0 ], [ 110.356043941999985, -6.954407604999972, 0.0 ], [ 110.356076777999988, -6.954403322000019, 0.0 ], [ 110.35610961499998, -6.954409747, 0.0 ], [ 110.356151254999986, -6.954404036000028, 0.0 ], [ 110.356190517000016, -6.954395708, 0.0 ], [ 110.356214310999974, -6.954364774999988, 0.0 ], [ 110.356217879999974, -6.954323134, 0.0 ], [ 110.356201938000027, -6.954264124000019, 0.0 ], [ 110.356181951, -6.954215583, 0.0 ], [ 110.356154824999976, -6.954157048000013, 0.0 ], [ 110.356123653999987, -6.954100892999975, 0.0 ], [ 110.356072494999978, -6.954061632, 0.0 ], [ 110.355883328, -6.95402594, 0.0 ], [ 110.355667987, -6.954009283, 0.0 ], [ 110.355346759999975, -6.953986679000025, 0.0 ], [ 110.355180196999981, -6.953967643, 0.0 ], [ 110.354992219999986, -6.953948606999973, 0.0 ], [ 110.354673025000011, -6.953914693, 0.0 ], [ 110.354628133, -6.953902665999976, 0.0 ], [ 110.354427601, -6.953860510000027, 0.0 ], [ 110.354286920999982, -6.953836385999978, 0.0 ], [ 110.353967534, -6.953779451, 0.0 ], [ 110.353948695999975, -6.953776092999988, 0.0 ], [ 110.353580539, -6.953709775, 0.0 ], [ 110.35327829, -6.953637991, 0.0 ], [ 110.35318787, -6.95362133499998, 0.0 ], [ 110.353080794, -6.95359159100002, 0.0 ], [ 110.352986806, -6.953558279, 0.0 ], [ 110.352913042000012, -6.953547571, 0.0 ], [ 110.352823812, -6.953548760999979, 0.0 ], [ 110.352763136000021, -6.953545191999979, 0.0 ], [ 110.352645353000014, -6.953515449, 0.0 ], [ 110.352516862000016, -6.953465479999977, 0.0 ], [ 110.352430012000013, -6.953430977999972, 0.0 ], [ 110.35239313, -6.953425029000016, 0.0 ], [ 110.352381233000017, -6.953436926, 0.0 ], [ 110.352390750999973, -6.953463100000022, 0.0 ], [ 110.352420494, -6.953492843999982, 0.0 ], [ 110.35247879100001, -6.953536864, 0.0 ], [ 110.352547795000021, -6.953568986, 0.0 ], [ 110.352650112, -6.95359873000001, 0.0 ], [ 110.352772897000023, -6.953638088, 0.0 ], [ 110.35289996, -6.953686629, 0.0 ], [ 110.352998469999989, -6.953742308000017, 0.0 ], [ 110.353052720999983, -6.95378228300001, 0.0 ], [ 110.353109828000015, -6.953827968999974, 0.0 ], [ 110.35318692300001, -6.953905062999979, 0.0 ], [ 110.353212621000011, -6.953946466, 0.0 ], [ 110.353212621000011, -6.953975018999984, 0.0 ], [ 110.353185495, -6.953992151000023, 0.0 ], [ 110.353149803, -6.953977875000021, 0.0 ], [ 110.353116967, -6.953970735999974, 0.0 ], [ 110.353074137000021, -6.953976447, 0.0 ], [ 110.353017029, -6.954003573000023, 0.0 ], [ 110.352985621000016, -6.954032126000016, 0.0 ], [ 110.352959922000025, -6.954039265, 0.0 ], [ 110.352914237, -6.954033553999977, 0.0 ], [ 110.35287140600002, -6.954014993999976, 0.0 ], [ 110.352804306, -6.953995007, 0.0 ], [ 110.352744342999983, -6.953982157999974, 0.0 ], [ 110.352702941000018, -6.953966453000021, 0.0 ], [ 110.352634411999986, -6.953922195000018, 0.0 ], [ 110.352530192000017, -6.953839389999985, 0.0 ], [ 110.352398844999982, -6.953739453000026, 0.0 ], [ 110.352306046000024, -6.953676635000022, 0.0 ], [ 110.35221895799998, -6.953626666, 0.0 ], [ 110.352160422999987, -6.953608106, 0.0 ], [ 110.35209475, -6.953568131, 0.0 ], [ 110.352056203000018, -6.953518163000012, 0.0 ], [ 110.352020510999978, -6.953475331999982, 0.0 ], [ 110.351949127000012, -6.953423935999979, 0.0 ], [ 110.351813021999988, -6.953394907000018, 0.0 ], [ 110.351756867, -6.953375871, 0.0 ], [ 110.351699759999974, -6.953358739, 0.0 ], [ 110.351626472000021, -6.953349221, 0.0 ], [ 110.351570316999982, -6.953337799999986, 0.0 ], [ 110.351487512, -6.953330185000027, 0.0 ], [ 110.351415175999989, -6.953331137000021, 0.0 ], [ 110.35132570899998, -6.953323523, 0.0 ], [ 110.351287636999984, -6.953325426, 0.0 ], [ 110.351258132, -6.953332089000014, 0.0 ], [ 110.351237192999974, -6.953351124999983, 0.0 ], [ 110.351226723000025, -6.953365400999985, 0.0 ], [ 110.351216253000018, -6.953374919, 0.0 ], [ 110.351196265999988, -6.953371112000013, 0.0 ], [ 110.351170567999986, -6.953344462000018, 0.0 ], [ 110.351122026999974, -6.953306391000012, 0.0 ], [ 110.35103827, -6.953255946000013, 0.0 ], [ 110.350956415999974, -6.953212163999979, 0.0 ], [ 110.350906923000025, -6.953192177, 0.0 ], [ 110.350837442999989, -6.953164575000017, 0.0 ], [ 110.350796573000025, -6.953151749000028, 0.0 ], [ 110.350746295000022, -6.953138518, 0.0 ], [ 110.350691154, -6.95312024499998, 0.0 ], [ 110.350577654, -6.953108110000016, 0.0 ], [ 110.350464922000015, -6.953101036000021, 0.0 ], [ 110.350320047000025, -6.953080495, 0.0 ], [ 110.349950904000025, -6.953053857999976, 0.0 ], [ 110.349560434000011, -6.953026733, 0.0 ], [ 110.349515462, -6.953023877000021, 0.0 ], [ 110.349496902, -6.953018166999982, 0.0 ], [ 110.349494999, -6.953011504000017, 0.0 ], [ 110.349496902, -6.953002938, 0.0 ], [ 110.349505468000018, -6.953001509999979, 0.0 ], [ 110.349562575999983, -6.953005792999988, 0.0 ], [ 110.349824098, -6.953025605999983, 0.0 ], [ 110.350046851, -6.953018731999975, 0.0 ], [ 110.350486554999975, -6.953044824000017, 0.0 ], [ 110.35076289, -6.953061161999983, 0.0 ], [ 110.350853309, -6.953074486999981, 0.0 ], [ 110.350922790000027, -6.953085432000023, 0.0 ], [ 110.35100892600002, -6.953105896000011, 0.0 ], [ 110.351116002000026, -6.953135401, 0.0 ], [ 110.351146411, -6.953140683000015, 0.0 ], [ 110.351292355, -6.953177645999972, 0.0 ], [ 110.35142837799998, -6.953220633, 0.0 ], [ 110.351552584999979, -6.953244903999973, 0.0 ], [ 110.351660375, -6.953246331, 0.0 ], [ 110.351818847, -6.953254184, 0.0 ], [ 110.351923780999982, -6.953257753, 0.0 ], [ 110.352075867, -6.953251935000026, 0.0 ], [ 110.352359818000025, -6.953272743000014, 0.0 ], [ 110.352578728000026, -6.953325092, 0.0 ], [ 110.352779791999978, -6.953375059999985, 0.0 ], [ 110.352949923999972, -6.95341313199998, 0.0 ], [ 110.353170024, -6.953473808000012, 0.0 ], [ 110.353402021000022, -6.953516638, 0.0 ], [ 110.353514924000024, -6.953527199, 0.0 ], [ 110.35364361500001, -6.953560282000012, 0.0 ], [ 110.353977176, -6.953625174000024, 0.0 ], [ 110.353999792000025, -6.953629574, 0.0 ], [ 110.354379903, -6.953710866, 0.0 ], [ 110.354721150999978, -6.953750221, 0.0 ], [ 110.354930669, -6.95378939699998, 0.0 ], [ 110.35537971399998, -6.953816932999985, 0.0 ], [ 110.355984385999989, -6.953883571, 0.0 ], [ 110.356433443000014, -6.953902131, 0.0 ], [ 110.35661604500001, -6.953920329000027, 0.0 ], [ 110.356711808, -6.953950374999977, 0.0 ], [ 110.356894382, -6.95398951300001, 0.0 ], [ 110.357056038999986, -6.953998706999982, 0.0 ], [ 110.35737930800002, -6.95405000300002, 0.0 ], [ 110.357582863, -6.954071221, 0.0 ], [ 110.358070804000022, -6.954116756000019, 0.0 ], [ 110.358304294, -6.954141005, 0.0 ], [ 110.358558757000026, -6.954153315999974, 0.0 ], [ 110.358882100000017, -6.954150762999973, 0.0 ], [ 110.35916649, -6.954172089, 0.0 ], [ 110.359298204000027, -6.954184232999978, 0.0 ], [ 110.359424714999989, -6.954196153, 0.0 ], [ 110.359422573000018, -6.954366760000028, 0.0 ], [ 110.359424358000012, -6.954641647000017, 0.0 ], [ 110.359431518, -6.954641875999982, 0.0 ], [ 110.359439351999981, -6.95464212600001, 0.0 ], [ 110.359472993999987, -6.95464320100001, 0.0 ], [ 110.359526432, -6.954644907999977, 0.0 ], [ 110.359554597, -6.954645808, 0.0 ], [ 110.359612228, -6.95464764899998, 0.0 ], [ 110.359626832, -6.954648115999987, 0.0 ], [ 110.359649272000013, -6.954648833000022, 0.0 ], [ 110.359655718999988, -6.954649039, 0.0 ], [ 110.35967700499998, -6.954649718999974, 0.0 ], [ 110.359759036000014, -6.95465234, 0.0 ], [ 110.359838794999973, -6.954654888, 0.0 ], [ 110.359862992999979, -6.954655661, 0.0 ], [ 110.359871221, -6.954655924, 0.0 ], [ 110.359898444, -6.954540259, 0.0 ], [ 110.359919859, -6.954484103000027, 0.0 ], [ 110.359948649999978, -6.954405343000019, 0.0 ], [ 110.359972207, -6.954341097999986, 0.0 ], [ 110.359981963, -6.954337291, 0.0 ], [ 110.360001711999985, -6.954335387000015, 0.0 ], [ 110.360041092000017, -6.954340146, 0.0 ], [ 110.36014961, -6.954341772000021, 0.0 ], [ 110.360195490000024, -6.954346688999976, 0.0 ], [ 110.360235465000017, -6.954346688999976, 0.0 ], [ 110.360261163000018, -6.954329557, 0.0 ], [ 110.36027544, -6.95428672700001, 0.0 ], [ 110.360298281999974, -6.95418679, 0.0 ], [ 110.360345511, -6.954001713000025, 0.0 ], [ 110.360377132, -6.953997448, 0.0 ], [ 110.360479171, -6.953991842, 0.0 ], [ 110.360546725, -6.953983317, 0.0 ], [ 110.360592312, -6.953954499000019, 0.0 ], [ 110.360623245, -6.953927849000024, 0.0 ], [ 110.360651323000013, -6.953905481999982, 0.0 ], [ 110.360684816, -6.953884421999987, 0.0 ], [ 110.360723654000026, -6.953857191, 0.0 ], [ 110.360749527, -6.953852918, 0.0 ], [ 110.360796951999987, -6.95385154600001, 0.0 ], [ 110.360818516999984, -6.953844396000022, 0.0 ], [ 110.360844427000018, -6.953812839000022, 0.0 ], [ 110.360855972000024, -6.953776956000013, 0.0 ], [ 110.360871886999973, -6.953697998999985, 0.0 ], [ 110.360877677000019, -6.953666415999976, 0.0 ], [ 110.360902898, -6.953613390999976, 0.0 ], [ 110.360914444, -6.953573515000016, 0.0 ], [ 110.360916614000018, -6.953566022000018, 0.0 ], [ 110.360927428000025, -6.953539471999989, 0.0 ], [ 110.360964849000027, -6.953496443, 0.0 ], [ 110.361003696000012, -6.953462750000028, 0.0 ], [ 110.36104110399998, -6.953429774000028, 0.0 ], [ 110.36108142, -6.95340288, 0.0 ], [ 110.361124266, -6.953387653999982, 0.0 ], [ 110.361131741, -6.953384998, 0.0 ], [ 110.36113749499998, -6.953375936999976, 0.0 ], [ 110.361168943999985, -6.953326413000013, 0.0 ], [ 110.361226597999973, -6.953199647000019, 0.0 ], [ 110.361268653000025, -6.953095596000026, 0.0 ], [ 110.361305053000024, -6.953007113000012, 0.0 ], [ 110.36136107599998, -6.952938962000019, 0.0 ], [ 110.361453435999977, -6.952828995, 0.0 ], [ 110.361516973999983, -6.952778822000028, 0.0 ], [ 110.361626495, -6.952710266, 0.0 ], [ 110.361719488, -6.952683364, 0.0 ], [ 110.361859660999983, -6.952639277, 0.0 ], [ 110.361962683, -6.952615482999988, 0.0 ], [ 110.362060665, -6.952558193000016, 0.0 ], [ 110.362128074999987, -6.952518778000012, 0.0 ], [ 110.362473368999986, -6.952222477000021, 0.0 ], [ 110.362665191000019, -6.952063582, 0.0 ], [ 110.362883340999986, -6.951917886, 0.0 ], [ 110.363165048999974, -6.951706460000025, 0.0 ], [ 110.363284904000011, -6.951632428999972, 0.0 ], [ 110.363504889000012, -6.951457816000016, 0.0 ], [ 110.36356654399998, -6.951417124999978, 0.0 ], [ 110.363620082000011, -6.951389166000013, 0.0 ], [ 110.363667670999973, -6.951370726, 0.0 ], [ 110.363709312000026, -6.951354664, 0.0 ], [ 110.363761065, -6.951314212999989, 0.0 ], [ 110.363865761, -6.951230931999987, 0.0 ], [ 110.36400020100001, -6.95111969200002, 0.0 ], [ 110.364122743, -6.951017375999982, 0.0 ], [ 110.364391275, -6.950797523, 0.0 ], [ 110.364557837, -6.950660703999972, 0.0 ], [ 110.364755333, -6.950494142000025, 0.0 ], [ 110.364948068999979, -6.950339477, 0.0 ], [ 110.365247881000016, -6.950095582000017, 0.0 ], [ 110.365273415, -6.950074229999984, 0.0 ], [ 110.365291535999972, -6.950059077, 0.0 ], [ 110.365523898999982, -6.94986477499998, 0.0 ], [ 110.365728532, -6.949698708000028, 0.0 ], [ 110.36587070500002, -6.949582709000026, 0.0 ], [ 110.366085412000018, -6.949408929000015, 0.0 ], [ 110.366163933999985, -6.949345279, 0.0 ], [ 110.366191298, -6.949313750999977, 0.0 ], [ 110.366210927999987, -6.949286982, 0.0 ], [ 110.366228773999978, -6.949259617999985, 0.0 ], [ 110.36624415, -6.949235806, 0.0 ], [ 110.366251041999988, -6.949225134000017, 0.0 ], [ 110.366381536, -6.949112924000019, 0.0 ], [ 110.366421987000024, -6.949073425, 0.0 ], [ 110.366452691, -6.949039535, 0.0 ], [ 110.366517685000019, -6.948993820999988, 0.0 ], [ 110.366646199, -6.948891560999982, 0.0 ], [ 110.366742387999977, -6.94881318900002, 0.0 ], [ 110.366784301, -6.948782612, 0.0 ], [ 110.366885992, -6.948678401, 0.0 ], [ 110.36692340899998, -6.948638243, 0.0 ], [ 110.367023137999979, -6.948568492999982, 0.0 ], [ 110.367134377000014, -6.948488226999984, 0.0 ], [ 110.367190135999977, -6.948458870000024, 0.0 ], [ 110.367237725, -6.948424368000019, 0.0 ], [ 110.367338256999972, -6.948339302000022, 0.0 ], [ 110.367451877, -6.948245312999973, 0.0 ], [ 110.367524450000019, -6.948185232000014, 0.0 ], [ 110.367662607999989, -6.948085586, 0.0 ], [ 110.367695176999973, -6.948062095000012, 0.0 ], [ 110.367864118, -6.947931819000019, 0.0 ], [ 110.368031869999982, -6.947793811, 0.0 ], [ 110.368204381, -6.947651043, 0.0 ], [ 110.368289328, -6.947589177, 0.0 ], [ 110.368357856999978, -6.947531117999972, 0.0 ], [ 110.368390690000012, -6.947495187000015, 0.0 ], [ 110.368408300999988, -6.947475914999984, 0.0 ], [ 110.368450180000025, -6.947426421999978, 0.0 ], [ 110.368505383000013, -6.947373121999988, 0.0 ], [ 110.368560587, -6.947334098999988, 0.0 ], [ 110.368606272000022, -6.947311255999978, 0.0 ], [ 110.368664331, -6.94729793099998, 0.0 ], [ 110.368704305999984, -6.947301738000021, 0.0 ], [ 110.368745233000027, -6.947305545, 0.0 ], [ 110.368849453, -6.947299121000015, 0.0 ], [ 110.368956529, -6.947295552000014, 0.0 ], [ 110.369055752, -6.947290555, 0.0 ], [ 110.369147838, -6.947271280999985, 0.0 ], [ 110.369222077000018, -6.947259146000022, 0.0 ], [ 110.369324156, -6.947247011, 0.0 ], [ 110.369456216, -6.947234160999983, 0.0 ], [ 110.369688213000018, -6.947211319000019, 0.0 ], [ 110.369913071999974, -6.947184193, 0.0 ], [ 110.370047274, -6.947172771, 0.0 ], [ 110.370231444000012, -6.947162778, 0.0 ], [ 110.370372783999983, -6.947149215000024, 0.0 ], [ 110.370564807, -6.947140649, 0.0 ], [ 110.370748977, -6.947122089, 0.0 ], [ 110.370921012, -6.947112095000023, 0.0 ], [ 110.371092332999979, -6.947100674000012, 0.0 ], [ 110.371275790000027, -6.947090679999974, 0.0 ], [ 110.371426916000019, -6.947079955999982, 0.0 ], [ 110.371489734000022, -6.947092328999986, 0.0 ], [ 110.371602043999985, -6.947089474, 0.0 ], [ 110.371830472999989, -6.947068535000028, 0.0 ], [ 110.37196753, -6.947055209999974, 0.0 ], [ 110.372264486, -6.947030462999976, 0.0 ], [ 110.372337774000016, -6.947009524, 0.0 ], [ 110.37240059200002, -6.947000958, 0.0 ], [ 110.372467216000018, -6.946988584999986, 0.0 ], [ 110.37250433600002, -6.946984778, 0.0 ], [ 110.372547166, -6.946991439999977, 0.0 ], [ 110.372610936, -6.946992392000027, 0.0 ], [ 110.372722295000017, -6.946976211999981, 0.0 ], [ 110.372912652000025, -6.946954321000021, 0.0 ], [ 110.373143934999973, -6.946930526000017, 0.0 ], [ 110.373378074000016, -6.946902924000028, 0.0 ], [ 110.373557010000013, -6.946896262, 0.0 ], [ 110.373740704, -6.946876273999976, 0.0 ], [ 110.373969132000013, -6.946854383000016, 0.0 ], [ 110.374227066, -6.946832492, 0.0 ], [ 110.374335568999982, -6.946835347999979, 0.0 ], [ 110.37446662100001, -6.946830389000013, 0.0 ], [ 110.374511649, -6.946828685000014, 0.0 ], [ 110.374708668999972, -6.946820119, 0.0 ], [ 110.374855243000013, -6.946812505000025, 0.0 ], [ 110.375067490999982, -6.946803939, 0.0 ], [ 110.375280691, -6.946794421, 0.0 ], [ 110.375462481999989, -6.946782047999989, 0.0 ], [ 110.375632850999978, -6.946763964000013, 0.0 ], [ 110.37576324600002, -6.946750639000015, 0.0 ], [ 110.375948844, -6.946737314000018, 0.0 ], [ 110.376109695000025, -6.946722084999976, 0.0 ], [ 110.376318136, -6.946701146, 0.0 ], [ 110.376495168000019, -6.946684014000027, 0.0 ], [ 110.376647454000022, -6.946672592000027, 0.0 ], [ 110.376896821, -6.946647846000019, 0.0 ], [ 110.377087178000011, -6.946638328, 0.0 ], [ 110.377295619, -6.94661263, 0.0 ], [ 110.377428149000025, -6.946592749999979, 0.0 ], [ 110.377505010999982, -6.946581220999974, 0.0 ], [ 110.377586151, -6.946571732999985, 0.0 ], [ 110.377612928000019, -6.946573887, 0.0 ], [ 110.377649683000016, -6.946587793999981, 0.0 ], [ 110.377669002, -6.946591984, 0.0 ], [ 110.377697559000012, -6.946592973, 0.0 ], [ 110.377727096, -6.946594807, 0.0 ], [ 110.377778584, -6.946599661, 0.0 ], [ 110.377811518999977, -6.946597311, 0.0 ], [ 110.377915116, -6.946589668, 0.0 ], [ 110.377948055, -6.946584925000025, 0.0 ], [ 110.37800136200002, -6.946571832000018, 0.0 ], [ 110.378091790999974, -6.946560582000018, 0.0 ], [ 110.378178428000012, -6.946549128000015, 0.0 ], [ 110.378242673999978, -6.946545797, 0.0 ], [ 110.378321141000015, -6.946544728999982, 0.0 ], [ 110.378359466, -6.946541189000015, 0.0 ], [ 110.378387655999973, -6.946505327000011, 0.0 ], [ 110.378415421999989, -6.946461388999978, 0.0 ], [ 110.378422704, -6.946454392000021, 0.0 ], [ 110.378430698999978, -6.946449253000026, 0.0 ], [ 110.378439228, -6.946445562, 0.0 ], [ 110.378527279000025, -6.946421145999977, 0.0 ], [ 110.378575791, -6.946412834, 0.0 ], [ 110.378645858000027, -6.946403950999979, 0.0 ], [ 110.378665015000024, -6.946406966999973, 0.0 ], [ 110.378700922, -6.94642137400001, 0.0 ], [ 110.378741612, -6.946441967999988, 0.0 ], [ 110.378762554, -6.946452567, 0.0 ], [ 110.378785901000015, -6.946456786, 0.0 ], [ 110.378813449, -6.94645323200001, 0.0 ], [ 110.378903734, -6.946447128999978, 0.0 ], [ 110.378997008999988, -6.946439515, 0.0 ], [ 110.379091234999976, -6.94643380399998, 0.0 ], [ 110.379181655000025, -6.946417624, 0.0 ], [ 110.37927493, -6.946401443000013, 0.0 ], [ 110.379352024000013, -6.9463786, 0.0 ], [ 110.379424359999973, -6.946358612999973, 0.0 ], [ 110.379473852999979, -6.94635195, 0.0 ], [ 110.379554754000026, -6.946350999, 0.0 ], [ 110.379638511, -6.946362420000014, 0.0 ], [ 110.379755580999984, -6.946380504, 0.0 ], [ 110.379883119999988, -6.946401443000013, 0.0 ], [ 110.379978298000026, -6.946429997, 0.0 ], [ 110.380124873, -6.946482345, 0.0 ], [ 110.380287628000019, -6.946555632000013, 0.0 ], [ 110.380392325, -6.946596559, 0.0 ], [ 110.380462756999975, -6.946631775000014, 0.0 ], [ 110.380495117, -6.946659377, 0.0 ], [ 110.380511297999988, -6.946699352, 0.0 ], [ 110.380517097999984, -6.946716751, 0.0 ], [ 110.380527477999976, -6.946747893, 0.0 ], [ 110.380549072, -6.946779454000023, 0.0 ], [ 110.380564597999978, -6.946802145, 0.0 ], [ 110.380587193, -6.946830389000013, 0.0 ], [ 110.38061028300001, -6.946859252000024, 0.0 ], [ 110.380656921000025, -6.946914455000012, 0.0 ], [ 110.38066883, -6.946936473, 0.0 ], [ 110.380689530999973, -6.946952891000024, 0.0 ], [ 110.380738071999986, -6.9469843, 0.0 ], [ 110.380770195000025, -6.94700286, 0.0 ], [ 110.380832299000019, -6.947037124000019, 0.0 ], [ 110.380903682999985, -6.947087093, 0.0 ], [ 110.380939375000025, -6.947127067999986, 0.0 ], [ 110.380971497000019, -6.947170611999979, 0.0 ], [ 110.381007189, -6.947214155999973, 0.0 ], [ 110.381034315000022, -6.947243422999975, 0.0 ], [ 110.381047164, -6.947269122000023, 0.0 ], [ 110.381049306000023, -6.947305527000026, 0.0 ], [ 110.381058586, -6.94736406200002, 0.0 ], [ 110.381074290000015, -6.947429735000014, 0.0 ], [ 110.381080000999987, -6.947464, 0.0 ], [ 110.381072148999976, -6.947523247999982, 0.0 ], [ 110.381072148999976, -6.94758678, 0.0 ], [ 110.381092506000016, -6.947672599999976, 0.0 ], [ 110.381108214, -6.947748726999976, 0.0 ], [ 110.381125334999979, -6.947843524, 0.0 ], [ 110.38112354499998, -6.947883022999974, 0.0 ], [ 110.381110696, -6.947927994, 0.0 ], [ 110.381103557000017, -6.947955834000027, 0.0 ], [ 110.381100702000026, -6.947990098, 0.0 ], [ 110.381101415999979, -6.948032929000021, 0.0 ], [ 110.381111410000017, -6.948067907, 0.0 ], [ 110.381131397, -6.948085752999987, 0.0 ], [ 110.381148528999972, -6.948097174, 0.0 ], [ 110.381157809, -6.948107167999979, 0.0 ], [ 110.381160664, -6.948128583000027, 0.0 ], [ 110.381160858999976, -6.948150868000027, 0.0 ], [ 110.381149183, -6.948288706000028, 0.0 ], [ 110.381150252, -6.948570158, 0.0 ], [ 110.38116740800001, -6.948637670999972, 0.0 ], [ 110.381230432999985, -6.948794991999989, 0.0 ], [ 110.38135212200001, -6.949146964000022, 0.0 ], [ 110.381400492000012, -6.949136307, 0.0 ], [ 110.381437226, -6.949128213, 0.0 ], [ 110.381641635999983, -6.949083176999977, 0.0 ], [ 110.381661921999978, -6.949078708, 0.0 ], [ 110.381669473999978, -6.949077043999978, 0.0 ], [ 110.381724443999985, -6.948814121, 0.0 ], [ 110.381724457000018, -6.948814057999982, 0.0 ], [ 110.381750077999982, -6.948691511999982, 0.0 ], [ 110.38184210999998, -6.94823253200002, 0.0 ], [ 110.381842877, -6.948228707, 0.0 ], [ 110.381814323000015, -6.948210861, 0.0 ], [ 110.381773872, -6.948191824999981, 0.0 ], [ 110.381729851999978, -6.948176359, 0.0 ], [ 110.381683453, -6.94815494300002, 0.0 ], [ 110.381657279000024, -6.948133528000028, 0.0 ], [ 110.381627330000015, -6.948099163999984, 0.0 ], [ 110.381627482999988, -6.947981893000019, 0.0 ], [ 110.381598836000023, -6.947910057, 0.0 ], [ 110.38155575899998, -6.947883675000014, 0.0 ], [ 110.381551065999986, -6.947809477000021, 0.0 ], [ 110.381603811, -6.94776886, 0.0 ], [ 110.381714013000021, -6.947747463999974, 0.0 ], [ 110.381783445, -6.947766700999978, 0.0 ], [ 110.381919935999974, -6.947788418000016, 0.0 ], [ 110.382056493, -6.94775987700001, 0.0 ], [ 110.38232005499998, -6.947681241999987, 0.0 ], [ 110.382417863, -6.947637859, 0.0 ], [ 110.382470806000015, -6.947617039000022, 0.0 ], [ 110.382491030999972, -6.947602761999974, 0.0 ], [ 110.382527913, -6.947568854, 0.0 ], [ 110.382563604999973, -6.94753732700002, 0.0 ], [ 110.382598702, -6.94752424, 0.0 ], [ 110.382657989, -6.947506971999985, 0.0 ], [ 110.382787377, -6.947466454999983, 0.0 ], [ 110.382899985999984, -6.947435488999986, 0.0 ], [ 110.383082922000028, -6.947373739, 0.0 ], [ 110.383260192000023, -6.94732258, 0.0 ], [ 110.383499002, -6.947247199, 0.0 ], [ 110.383760043999985, -6.947173915, 0.0 ], [ 110.384032016999981, -6.947092538, 0.0 ], [ 110.384226180999974, -6.94702900599998, 0.0 ], [ 110.384326118, -6.947009019, 0.0 ], [ 110.38435324400001, -6.947007590999988, 0.0 ], [ 110.384385367, -6.94700545, 0.0 ], [ 110.384435807999978, -6.946994728, 0.0 ], [ 110.384445911, -6.946993424000027, 0.0 ], [ 110.384446043000025, -6.946993314, 0.0 ], [ 110.384520996, -6.946971899, 0.0 ], [ 110.384570251000014, -6.946954767000022, 0.0 ], [ 110.384618078000017, -6.946929069000021, 0.0 ], [ 110.384656285, -6.946894496000027, 0.0 ], [ 110.384860069000013, -6.946833415000015, 0.0 ], [ 110.385078503999978, -6.946764885999983, 0.0 ], [ 110.385251251999989, -6.946714917, 0.0 ], [ 110.385564627, -6.946615694, 0.0 ], [ 110.385771641000019, -6.946551308999972, 0.0 ], [ 110.385878263999984, -6.946519137999985, 0.0 ], [ 110.38597205100001, -6.94649734, 0.0 ], [ 110.386013096, -6.946496982999975, 0.0 ], [ 110.386037724, -6.946498053000028, 0.0 ], [ 110.386047003999977, -6.946504834999985, 0.0 ], [ 110.386065207, -6.94651518500001, 0.0 ], [ 110.386083052, -6.94651697, 0.0 ], [ 110.386100892, -6.946518592000018, 0.0 ], [ 110.386133378000011, -6.946508403999985, 0.0 ], [ 110.386153009, -6.946494841, 0.0 ], [ 110.386168355999985, -6.946474853999973, 0.0 ], [ 110.386185845, -6.946449512000015, 0.0 ], [ 110.386203334000015, -6.946427383000014, 0.0 ], [ 110.386258022999982, -6.946411932, 0.0 ], [ 110.386280781999972, -6.946407175, 0.0 ], [ 110.386333966999985, -6.946439162, 0.0 ], [ 110.386474463000013, -6.94653459, 0.0 ], [ 110.386456380000027, -6.946590983000021, 0.0 ], [ 110.386435214000016, -6.946578704999979, 0.0 ], [ 110.386427923999975, -6.946591950000027, 0.0 ], [ 110.386415847000023, -6.946605992, 0.0 ], [ 110.386393941999984, -6.946629722000011, 0.0 ], [ 110.38638346099998, -6.946650684000019, 0.0 ], [ 110.386375429999987, -6.946679237000012, 0.0 ], [ 110.386366507, -6.946721175, 0.0 ], [ 110.386353956, -6.946764266, 0.0 ], [ 110.386351364, -6.946777912000016, 0.0 ], [ 110.386352143000011, -6.946786603000021, 0.0 ], [ 110.38635926500001, -6.946835674999988, 0.0 ], [ 110.386383043000023, -6.946968533000017, 0.0 ], [ 110.386399735999987, -6.947024796999983, 0.0 ], [ 110.386431989000016, -6.947087064000016, 0.0 ], [ 110.386465433000012, -6.947154119, 0.0 ], [ 110.386489351000023, -6.94717928, 0.0 ], [ 110.386539434999975, -6.947226833, 0.0 ], [ 110.386611356, -6.947290725000016, 0.0 ], [ 110.386665188999984, -6.94733387399998, 0.0 ], [ 110.386713058, -6.947359066, 0.0 ], [ 110.386776468, -6.947405817, 0.0 ], [ 110.386813550999989, -6.947436977999985, 0.0 ], [ 110.386905636, -6.947534024999982, 0.0 ], [ 110.386969328000021, -6.947550791000026, 0.0 ], [ 110.387010374, -6.947563877999983, 0.0 ], [ 110.387038331999975, -6.947584103, 0.0 ], [ 110.387059747000023, -6.947609683, 0.0 ], [ 110.387068670000019, -6.947645374, 0.0 ], [ 110.387063911999974, -6.947689989000025, 0.0 ], [ 110.387047255000027, -6.947722112, 0.0 ], [ 110.387027030000013, -6.947745907000012, 0.0 ], [ 110.386994312000013, -6.947779218999983, 0.0 ], [ 110.386978845999977, -6.947806582999988, 0.0 ], [ 110.386944938, -6.947838706000027, 0.0 ], [ 110.386909840999976, -6.947854767000024, 0.0 ], [ 110.386852138999984, -6.947855361999984, 0.0 ], [ 110.386803360999977, -6.947847034, 0.0 ], [ 110.386722459, -6.947826808, 0.0 ], [ 110.386665946999983, -6.947811936999983, 0.0 ], [ 110.386602891, -6.947791710999979, 0.0 ], [ 110.38658326, -6.947779814, 0.0 ], [ 110.386526748, -6.947775055000022, 0.0 ], [ 110.386454769000011, -6.947773864999988, 0.0 ], [ 110.386424431000023, -6.947775649999983, 0.0 ], [ 110.386389334, -6.947766132000027, 0.0 ], [ 110.386350667999977, -6.947763753, 0.0 ], [ 110.386314976, -6.947766726999987, 0.0 ], [ 110.386282258999984, -6.947773270000027, 0.0 ], [ 110.386214444000018, -6.94776910600001, 0.0 ], [ 110.386126403999981, -6.947761373, 0.0 ], [ 110.386080004, -6.947761968, 0.0 ], [ 110.386044312000024, -6.94777446, 0.0 ], [ 110.386011, -6.947779814, 0.0 ], [ 110.385982446000014, -6.94776910600001, 0.0 ], [ 110.385969954000018, -6.947746501999973, 0.0 ], [ 110.385966385000017, -6.947709620000012, 0.0 ], [ 110.385974117999979, -6.94768820500002, 0.0 ], [ 110.385968170000012, -6.947671549, 0.0 ], [ 110.385955034, -6.947669215000019, 0.0 ], [ 110.385921089000021, -6.94766318500001, 0.0 ], [ 110.38586596, -6.947695421999981, 0.0 ], [ 110.385839589, -6.947714534999989, 0.0 ], [ 110.385707625, -6.9478011, 0.0 ], [ 110.385695761000022, -6.947808883, 0.0 ], [ 110.385611881999978, -6.947848264000015, 0.0 ], [ 110.385471854, -6.947908211000026, 0.0 ], [ 110.385428548, -6.947928674000025, 0.0 ], [ 110.385396384999979, -6.947943387, 0.0 ], [ 110.38536396500001, -6.947959448, 0.0 ], [ 110.385335113999986, -6.947984135000013, 0.0 ], [ 110.385326962000022, -6.948005506000015, 0.0 ], [ 110.385306161000017, -6.948115915000017, 0.0 ], [ 110.385270123, -6.948202026999979, 0.0 ], [ 110.385270084000013, -6.948232297, 0.0 ], [ 110.385270061000028, -6.948249893000025, 0.0 ], [ 110.385293901000011, -6.948334885, 0.0 ], [ 110.385309412000026, -6.948379181, 0.0 ], [ 110.385336989, -6.94840767300002, 0.0 ], [ 110.385347681999974, -6.94841872, 0.0 ], [ 110.385358396000015, -6.948467795999989, 0.0 ], [ 110.385362720999979, -6.948511091, 0.0 ], [ 110.385375204000013, -6.948636038000018, 0.0 ], [ 110.385395139000025, -6.948761021999985, 0.0 ], [ 110.385397425, -6.94884479000001, 0.0 ], [ 110.385418648999973, -6.949100898999973, 0.0 ], [ 110.385449642000026, -6.949211030000015, 0.0 ], [ 110.385508324999989, -6.949391784999989, 0.0 ], [ 110.385518822999984, -6.949424121999982, 0.0 ], [ 110.385597686999972, -6.949558249, 0.0 ], [ 110.385695527999985, -6.949782587000016, 0.0 ], [ 110.385698538999975, -6.949789491, 0.0 ], [ 110.385709029, -6.949826840000014, 0.0 ], [ 110.385740520000013, -6.949922612000023, 0.0 ], [ 110.385754981, -6.949968284000022, 0.0 ], [ 110.385769853, -6.949998027, 0.0 ], [ 110.385783534999973, -6.950025391, 0.0 ], [ 110.385803077999981, -6.950059077, 0.0 ], [ 110.385803931, -6.95006054800001, 0.0 ], [ 110.385811731999979, -6.950074229999984, 0.0 ], [ 110.385821631, -6.950091593000025, 0.0 ], [ 110.385827807, -6.950114480000025, 0.0 ], [ 110.385839703999977, -6.950159214, 0.0 ], [ 110.38585778800001, -6.950241544, 0.0 ], [ 110.3858773, -6.950326252000025, 0.0 ], [ 110.385916543, -6.950489092, 0.0 ], [ 110.385921359, -6.950495424999986, 0.0 ], [ 110.385946562000015, -6.950515697000014, 0.0 ], [ 110.385972735999985, -6.950540682, 0.0 ], [ 110.385997126, -6.950564476000011, 0.0 ], [ 110.386018794, -6.950596922999978, 0.0 ], [ 110.386030732999984, -6.950624461000018, 0.0 ], [ 110.386037801999976, -6.950639858999978, 0.0 ], [ 110.38604804900001, -6.950662178000016, 0.0 ], [ 110.386064678000025, -6.950706384999989, 0.0 ], [ 110.386083852000013, -6.950757356999986, 0.0 ], [ 110.386105338, -6.950811234000014, 0.0 ], [ 110.386112755, -6.950839551, 0.0 ], [ 110.386118823, -6.950872387, 0.0 ], [ 110.386121612000011, -6.950922275999972, 0.0 ], [ 110.386122035000028, -6.950929851000012, 0.0 ], [ 110.386125247999985, -6.950979819999986, 0.0 ], [ 110.386129174000018, -6.951011229000017, 0.0 ], [ 110.386125961, -6.95106262500002, 0.0 ], [ 110.386122645, -6.951093071, 0.0 ], [ 110.386121442, -6.951104118999979, 0.0 ], [ 110.38610967, -6.951164248999987, 0.0 ], [ 110.386105260000022, -6.951204798, 0.0 ], [ 110.38610897, -6.95124203, 0.0 ], [ 110.386122867999973, -6.95132186799998, 0.0 ], [ 110.386137145000021, -6.951371836000021, 0.0 ], [ 110.386149239000019, -6.951412410999978, 0.0 ], [ 110.386149448000026, -6.951417046000017, 0.0 ], [ 110.386148849999984, -6.951425766999989, 0.0 ], [ 110.386150617, -6.951448504999973, 0.0 ], [ 110.386167939000018, -6.951481435, 0.0 ], [ 110.386212214000011, -6.951507220999986, 0.0 ], [ 110.386290009, -6.951543221, 0.0 ], [ 110.386379171999977, -6.95158521899998, 0.0 ], [ 110.386467747999973, -6.951618241, 0.0 ], [ 110.386570687000017, -6.951657265, 0.0 ], [ 110.386598815000013, -6.95166867, 0.0 ], [ 110.386627550000014, -6.951673493999976, 0.0 ], [ 110.386703579000027, -6.951685558, 0.0 ], [ 110.386761052, -6.951692813000022, 0.0 ], [ 110.386795184999983, -6.951690464000023, 0.0 ], [ 110.386889801, -6.951683405999972, 0.0 ], [ 110.386942498, -6.951679884999976, 0.0 ], [ 110.387015915, -6.951675116, 0.0 ], [ 110.387243212999977, -6.951675486999989, 0.0 ], [ 110.387243688000012, -6.951675487999978, 0.0 ], [ 110.387290403, -6.951667171999986, 0.0 ], [ 110.387299418, -6.951662008000028, 0.0 ], [ 110.387314372, -6.951653441000019, 0.0 ], [ 110.387347944999988, -6.951621773, 0.0 ], [ 110.387391085, -6.951600289999988, 0.0 ], [ 110.38741504799998, -6.951590748, 0.0 ], [ 110.387428813999975, -6.951594953999972, 0.0 ], [ 110.387435106999988, -6.951597291999974, 0.0 ], [ 110.387444974, -6.951600957999972, 0.0 ], [ 110.387474313999974, -6.951600397, 0.0 ], [ 110.387506654, -6.951596251000012, 0.0 ], [ 110.387567053999987, -6.951583577, 0.0 ], [ 110.387626434000026, -6.951577258999976, 0.0 ], [ 110.387656693999986, -6.9515725, 0.0 ], [ 110.387724632000015, -6.951577984999972, 0.0 ], [ 110.387745252, -6.951576558999989, 0.0 ], [ 110.38776366899998, -6.95157042, 0.0 ], [ 110.387797711000019, -6.951555940999981, 0.0 ], [ 110.387800675, -6.951556109000023, 0.0 ], [ 110.387819266, -6.951557165999986, 0.0 ], [ 110.387834234000024, -6.951557783, 0.0 ], [ 110.387856381, -6.951563795000027, 0.0 ], [ 110.387857278000013, -6.951564754, 0.0 ], [ 110.387865350000027, -6.951573380000013, 0.0 ], [ 110.387880509000013, -6.951576461, 0.0 ], [ 110.387888933, -6.951577174000022, 0.0 ], [ 110.387899613, -6.951576263999982, 0.0 ], [ 110.387910573, -6.951572893, 0.0 ], [ 110.387978546999989, -6.951551987000016, 0.0 ], [ 110.38800131, -6.951544835999982, 0.0 ], [ 110.388042016999975, -6.951552069, 0.0 ], [ 110.388071943, -6.95156168, 0.0 ], [ 110.388112068999988, -6.951555749000022, 0.0 ], [ 110.388124657999981, -6.951544397000021, 0.0 ], [ 110.388144442, -6.951525875000016, 0.0 ], [ 110.388160622999976, -6.951514528000018, 0.0 ], [ 110.388177998, -6.951506772000016, 0.0 ], [ 110.388196558, -6.951507992000018, 0.0 ], [ 110.388219296999978, -6.951519389999987, 0.0 ], [ 110.388232452000011, -6.951533168000026, 0.0 ], [ 110.388239672, -6.95153396, 0.0 ], [ 110.3882453, -6.951534578, 0.0 ], [ 110.388268499999981, -6.95152744, 0.0 ], [ 110.388276356, -6.951520706, 0.0 ], [ 110.388285156, -6.951513163000016, 0.0 ], [ 110.388298979000012, -6.95148479, 0.0 ], [ 110.388315494999972, -6.951458436, 0.0 ], [ 110.388338694000026, -6.951444754000022, 0.0 ], [ 110.388399643000014, -6.951431071, 0.0 ], [ 110.388489488, -6.951409049, 0.0 ], [ 110.388651792000019, -6.951381735999973, 0.0 ], [ 110.388794315999974, -6.951369355, 0.0 ], [ 110.388819459999979, -6.951372977, 0.0 ], [ 110.389005082999972, -6.951371422000022, 0.0 ], [ 110.389009967999982, -6.951375723000012, 0.0 ], [ 110.389064295000026, -6.951423552, 0.0 ], [ 110.389085836, -6.951434947999985, 0.0 ], [ 110.389110978000019, -6.951439767000011, 0.0 ], [ 110.389161882999986, -6.951433251000026, 0.0 ], [ 110.389192439999988, -6.951418332, 0.0 ], [ 110.389234398999974, -6.951383086000021, 0.0 ], [ 110.389302983, -6.95132694, 0.0 ], [ 110.389318317, -6.951314387000025, 0.0 ], [ 110.389326727000025, -6.951292857999988, 0.0 ], [ 110.389341710999986, -6.951281509000012, 0.0 ], [ 110.38938063400002, -6.951279764, 0.0 ], [ 110.389515994000021, -6.951251219000028, 0.0 ], [ 110.389617784999984, -6.951252547000024, 0.0 ], [ 110.389648935000025, -6.951241816999982, 0.0 ], [ 110.389666912999985, -6.95123047300001, 0.0 ], [ 110.389691471999981, -6.951223324000011, 0.0 ], [ 110.389723213000025, -6.951218579, 0.0 ], [ 110.389782489000027, -6.951221047999979, 0.0 ], [ 110.389808857, -6.951204329, 0.0 ], [ 110.389829239999983, -6.951184610999974, 0.0 ], [ 110.389853196999979, -6.951180453, 0.0 ], [ 110.389979927000013, -6.951175875, 0.0 ], [ 110.390038224000023, -6.951166952, 0.0 ], [ 110.390079574000026, -6.951149632000011, 0.0 ], [ 110.390120314, -6.951131735, 0.0 ], [ 110.390149676000021, -6.951114421, 0.0 ], [ 110.390235948999987, -6.95107624000002, 0.0 ], [ 110.390319837999982, -6.951029678999987, 0.0 ], [ 110.390370771999983, -6.951000426, 0.0 ], [ 110.390441697000028, -6.950955738, 0.0 ], [ 110.390452271000015, -6.950949075999972, 0.0 ], [ 110.390478648, -6.950925176999988, 0.0 ], [ 110.390498432000015, -6.950906654, 0.0 ], [ 110.390505029999986, -6.950897688, 0.0 ], [ 110.390517622, -6.950883343999976, 0.0 ], [ 110.39051105599998, -6.950867779000021, 0.0 ], [ 110.390501637999989, -6.950842169999987, 0.0 ], [ 110.39048182, -6.950821261999977, 0.0 ], [ 110.390429424999979, -6.950750382000024, 0.0 ], [ 110.390363800999978, -6.950631913, 0.0 ], [ 110.390169419000017, -6.950366656000028, 0.0 ], [ 110.389961179000011, -6.950074229999984, 0.0 ], [ 110.389950387999988, -6.950059077, 0.0 ], [ 110.389942839000014, -6.950048476, 0.0 ], [ 110.389944945000025, -6.950033900999983, 0.0 ], [ 110.389735046, -6.949745902000018, 0.0 ], [ 110.389522322, -6.949439197, 0.0 ], [ 110.389332937, -6.949157937, 0.0 ], [ 110.389227260999974, -6.949026493000019, 0.0 ], [ 110.389133044, -6.948894310000014, 0.0 ], [ 110.389006532999986, -6.948706655000024, 0.0 ], [ 110.388914235000016, -6.948597318999987, 0.0 ], [ 110.388906478000024, -6.948576367999976, 0.0 ], [ 110.388911437, -6.948561491000021, 0.0 ], [ 110.388932423000028, -6.948538782000014, 0.0 ], [ 110.388986069999987, -6.948495173000026, 0.0 ], [ 110.389055305999989, -6.948434533000011, 0.0 ], [ 110.389345687, -6.948190612000019, 0.0 ], [ 110.389495281, -6.948081671000011, 0.0 ], [ 110.389538433999974, -6.948049178000019, 0.0 ], [ 110.38966025000002, -6.947936371000026, 0.0 ], [ 110.38979163099998, -6.947836022, 0.0 ], [ 110.389956574999985, -6.947709869, 0.0 ], [ 110.390020833, -6.947656342000016, 0.0 ], [ 110.390138795999974, -6.947558848000028, 0.0 ], [ 110.390329650000012, -6.947400179, 0.0 ], [ 110.390501325, -6.947254887999975, 0.0 ], [ 110.390585715999975, -6.947189899000023, 0.0 ], [ 110.390748691999988, -6.947103949999985, 0.0 ], [ 110.390839775000018, -6.9470495, 0.0 ], [ 110.391099600000018, -6.946895706000021, 0.0 ], [ 110.391292314, -6.946780118, 0.0 ], [ 110.391481181000017, -6.946675056, 0.0 ], [ 110.391546848000019, -6.94664290999998, 0.0 ], [ 110.391637455000023, -6.946586066, 0.0 ], [ 110.391787985, -6.9464934, 0.0 ], [ 110.391905907000023, -6.946428454, 0.0 ], [ 110.392042539999977, -6.946340077, 0.0 ], [ 110.392196888, -6.946258903, 0.0 ], [ 110.39225633, -6.946224515999972, 0.0 ], [ 110.392425296, -6.946112292, 0.0 ], [ 110.392483625000011, -6.946073550999984, 0.0 ], [ 110.392503037999973, -6.946066764000022, 0.0 ], [ 110.392510222, -6.946064251999985, 0.0 ], [ 110.392543760000024, -6.946073496999986, 0.0 ], [ 110.392546853999988, -6.94607435, 0.0 ], [ 110.392568730999983, -6.946115416, 0.0 ], [ 110.392625701999975, -6.946222357000011, 0.0 ], [ 110.392658681, -6.946266413999979, 0.0 ], [ 110.392683803000011, -6.946299974, 0.0 ], [ 110.392685192999977, -6.946310918999984, 0.0 ], [ 110.392694473, -6.946383992, 0.0 ], [ 110.392706638999982, -6.946422061000021, 0.0 ], [ 110.392727439999987, -6.946450089, 0.0 ], [ 110.392766215, -6.946470241999975, 0.0 ], [ 110.392789187, -6.946486067000023, 0.0 ], [ 110.392807811000011, -6.946531325000024, 0.0 ], [ 110.392808498000022, -6.946555736999983, 0.0 ], [ 110.392973708999989, -6.946820429000013, 0.0 ], [ 110.392983362999985, -6.946835895999982, 0.0 ], [ 110.393206114, -6.947202833, 0.0 ], [ 110.393340319, -6.947467424000024, 0.0 ], [ 110.393477771, -6.947674619, 0.0 ], [ 110.393757408, -6.948134488999983, 0.0 ], [ 110.393901289999974, -6.948381378000022, 0.0 ], [ 110.394226326000023, -6.94893910899998, 0.0 ], [ 110.394245599999977, -6.948930350000012, 0.0 ], [ 110.39425279400001, -6.948927081000022, 0.0 ], [ 110.394277758999976, -6.948915735000014, 0.0 ], [ 110.394944356999986, -6.948612793999985, 0.0 ], [ 110.395249944, -6.948473917, 0.0 ], [ 110.395852483999988, -6.949998904999973, 0.0 ], [ 110.395874666, -6.950059077, 0.0 ], [ 110.395880251999984, -6.950074229999984, 0.0 ], [ 110.395998460999976, -6.95039488499998, 0.0 ], [ 110.396153121999987, -6.950814417, 0.0 ], [ 110.396154679, -6.950818643, 0.0 ], [ 110.396327718, -6.951288026999976, 0.0 ], [ 110.396436804000018, -6.951583934999974, 0.0 ], [ 110.396496367, -6.951745505000019, 0.0 ], [ 110.397043205999978, -6.95314010200002, 0.0 ], [ 110.397163507000016, -6.953446907999989, 0.0 ], [ 110.397748676999981, -6.954433611000013, 0.0 ], [ 110.398088255, -6.955012954999972, 0.0 ], [ 110.398709544999974, -6.956072066, 0.0 ], [ 110.399029381, -6.957049386999984, 0.0 ], [ 110.399361821000014, -6.958795587999987, 0.0 ], [ 110.399426842000025, -6.959275081999976, 0.0 ], [ 110.399501660999988, -6.959835998000017, 0.0 ], [ 110.399597992, -6.960387895, 0.0 ], [ 110.399662291000027, -6.960767886999975, 0.0 ], [ 110.399742495999988, -6.961319764, 0.0 ], [ 110.399745581, -6.963789188000021, 0.0 ], [ 110.399844866000024, -6.964910955, 0.0 ], [ 110.400060048, -6.965879095999981, 0.0 ], [ 110.400168343000018, -6.966367690000027, 0.0 ], [ 110.400379718000011, -6.968330830000014, 0.0 ], [ 110.400409810999975, -6.968692687999976, 0.0 ], [ 110.400532919, -6.970176308000021, 0.0 ], [ 110.400532967, -6.970176305, 0.0 ], [ 110.400537424, -6.970230583999978, 0.0 ], [ 110.401009913999985, -6.972863421999989, 0.0 ], [ 110.401234327999987, -6.974365256999988, 0.0 ], [ 110.401316764, -6.975974405999978, 0.0 ], [ 110.401342539999973, -6.976255902999981, 0.0 ], [ 110.401347279, -6.976327272999981, 0.0 ], [ 110.401426650000019, -6.977522377000014, 0.0 ], [ 110.401818400000025, -6.980028474999983, 0.0 ], [ 110.401833206, -6.981068724000011, 0.0 ], [ 110.402155637000021, -6.983884666, 0.0 ], [ 110.402163652000013, -6.983954654, 0.0 ], [ 110.402186949999987, -6.984633976999987, 0.0 ], [ 110.402195296, -6.984877333999975, 0.0 ], [ 110.402248771000018, -6.986433225999974, 0.0 ], [ 110.402358661999983, -6.987672599, 0.0 ], [ 110.402487787999974, -6.989138132, 0.0 ], [ 110.402485821000027, -6.989572312, 0.0 ], [ 110.402469358000019, -6.990060748000019, 0.0 ], [ 110.40246354300001, -6.990630606000025, 0.0 ], [ 110.402475396999989, -6.990874847999976, 0.0 ], [ 110.402476506000028, -6.990892941000027, 0.0 ], [ 110.402483948, -6.991046724, 0.0 ], [ 110.402483588, -6.99155327, 0.0 ], [ 110.402509555, -6.991824668, 0.0 ], [ 110.402488117000019, -6.991996504999975, 0.0 ], [ 110.402403928000012, -6.99234917299998, 0.0 ], [ 110.402376343000014, -6.992683820000025, 0.0 ], [ 110.402372029999981, -6.99273808800001, 0.0 ], [ 110.402382222000028, -6.992955193, 0.0 ], [ 110.402481576000014, -6.993136228000026, 0.0 ], [ 110.402559962999987, -6.993344374, 0.0 ], [ 110.402559277000023, -6.993660965, 0.0 ], [ 110.402390383000011, -6.994547207999972, 0.0 ], [ 110.40227311000001, -6.995107878999988, 0.0 ], [ 110.402223573000015, -6.995352045, 0.0 ], [ 110.402140652000014, -6.995596166999974, 0.0 ], [ 110.401836951, -6.996147555999983, 0.0 ], [ 110.401317797, -6.997485628999982, 0.0 ], [ 110.401083113000027, -6.998046149, 0.0 ], [ 110.40103445699998, -6.998263179, 0.0 ], [ 110.401013620000015, -6.998407881, 0.0 ], [ 110.401015546999986, -6.998425047000012, 0.0 ], [ 110.401037379, -6.998619569000027, 0.0 ], [ 110.401041035, -6.998652143000015, 0.0 ], [ 110.401045063000026, -6.998663395, 0.0 ], [ 110.401062, -6.998760001, 0.0 ], [ 110.401115826000023, -6.998861079999983, 0.0 ], [ 110.401219202999982, -6.999149870999986, 0.0 ], [ 110.401465888000018, -6.999518453, 0.0 ], [ 110.401496, -6.999575, 0.0 ], [ 110.401673, -6.999999, 0.0 ], [ 110.401673406999976, -7.0, 0.0 ], [ 110.401698161000013, -7.00006076, 0.0 ], [ 110.401727999, -7.000134, 0.0 ], [ 110.40165005, -7.000272651999978, 0.0 ], [ 110.401575633, -7.000516192000021, 0.0 ], [ 110.401451426, -7.000742171000013, 0.0 ], [ 110.401202986999976, -7.000995129999978, 0.0 ], [ 110.401158004000024, -7.001019682, 0.0 ], [ 110.401011, -7.00121, 0.0 ], [ 110.40082, -7.001277, 0.0 ], [ 110.400395, -7.001254001, 0.0 ], [ 110.400015, -7.001298, 0.0 ], [ 110.399652586, -7.001353692, 0.0 ], [ 110.399579, -7.001365, 0.0 ], [ 110.399365456999988, -7.001426706000018, 0.0 ], [ 110.39891886800001, -7.001543991, 0.0 ], [ 110.398604725999974, -7.001625, 0.0 ], [ 110.39843098, -7.001651912, 0.0 ], [ 110.397976254000014, -7.00171465, 0.0 ], [ 110.397528495000017, -7.001858804, 0.0 ], [ 110.397498494, -7.001867810000022, 0.0 ], [ 110.39749113900001, -7.001867801, 0.0 ], [ 110.397213389, -7.00203026600002, 0.0 ], [ 110.396956009, -7.002192751999985, 0.0 ], [ 110.396910529000024, -7.002228667999987, 0.0 ], [ 110.396903, -7.002233, 0.0 ], [ 110.396691, -7.0024, 0.0 ], [ 110.396687774999975, -7.002404581, 0.0 ], [ 110.396624377000023, -7.002454648000025, 0.0 ], [ 110.396501909999984, -7.002644444, 0.0 ], [ 110.39644546, -7.002761962000022, 0.0 ], [ 110.396410998000022, -7.002930929, 0.0 ], [ 110.396298, -7.003382000999977, 0.0 ], [ 110.396089, -7.004079, 0.0 ], [ 110.396049389999973, -7.004210296, 0.0 ], [ 110.395954307000011, -7.004308106999986, 0.0 ], [ 110.395417994000013, -7.004669236999973, 0.0 ], [ 110.395253352, -7.00487707100001, 0.0 ], [ 110.395115256999986, -7.005121121, 0.0 ], [ 110.395086992000017, -7.005320085999983, 0.0 ], [ 110.39502528700001, -7.005781324999987, 0.0 ], [ 110.39495909599998, -7.005989285, 0.0 ], [ 110.394883666999988, -7.006124871, 0.0 ], [ 110.394751946999975, -7.006251338000027, 0.0 ], [ 110.394512207999981, -7.006332439, 0.0 ], [ 110.394328807000022, -7.006386475999989, 0.0 ], [ 110.394112622000023, -7.006413333000012, 0.0 ], [ 110.39370999099998, -7.006359354999972, 0.0 ], [ 110.393703875000028, -7.006358535, 0.0 ], [ 110.393113081000024, -7.006185906999974, 0.0 ], [ 110.392665024, -7.006043552999984, 0.0 ], [ 110.392427, -7.00596793, 0.0 ] ] ] ] } },
{ "type": "Feature", "properties": { "KDCPUM": "33.74.07", "NAMOBJ": "Semarang Selatan", "kec_id": "kec_11" }, "geometry": { "type": "MultiPolygon", "coordinates": [ [ [ [ 110.441498782, -7.000619551, 0.0 ], [ 110.441949841999985, -7.000782905999984, 0.0 ], [ 110.442142967, -7.000873591000015, 0.0 ], [ 110.442985697999973, -7.001182138, 0.0 ], [ 110.443675978999977, -7.001454320999983, 0.0 ], [ 110.444378778999976, -7.001907427999981, 0.0 ], [ 110.444633212999975, -7.002070549, 0.0 ], [ 110.444682984999986, -7.002088699000012, 0.0 ], [ 110.445796052999981, -7.002515153, 0.0 ], [ 110.44616111900001, -7.002669357, 0.0 ], [ 110.446806547999984, -7.002832937999983, 0.0 ], [ 110.447529728, -7.003041833999987, 0.0 ], [ 110.448035845999982, -7.003304749999984, 0.0 ], [ 110.448295385, -7.003458828000021, 0.0 ], [ 110.448624699999982, -7.003703444999985, 0.0 ], [ 110.448740874, -7.003794035, 0.0 ], [ 110.448910141, -7.003966100000014, 0.0 ], [ 110.448990331, -7.004101877999972, 0.0 ], [ 110.449066212999981, -7.004291922999982, 0.0 ], [ 110.449093402000017, -7.004509047999989, 0.0 ], [ 110.44909285, -7.004979416000026, 0.0 ], [ 110.449101857000016, -7.005259839000018, 0.0 ], [ 110.449147718, -7.005476987, 0.0 ], [ 110.449404897000022, -7.005956702, 0.0 ], [ 110.449542982000025, -7.006183001000011, 0.0 ], [ 110.449519235000025, -7.006206309, 0.0 ], [ 110.448116255, -7.007583389999979, 0.0 ], [ 110.447275271000024, -7.008423638000011, 0.0 ], [ 110.44626393599998, -7.009428394999986, 0.0 ], [ 110.446065771, -7.009625271, 0.0 ], [ 110.446015266000018, -7.009683199999984, 0.0 ], [ 110.445656107, -7.010095155999977, 0.0 ], [ 110.445411272, -7.010428354, 0.0 ], [ 110.445350623000024, -7.010510891000024, 0.0 ], [ 110.445313769999984, -7.01057410300001, 0.0 ], [ 110.444965914000022, -7.011170763999985, 0.0 ], [ 110.444822118, -7.011469096999974, 0.0 ], [ 110.444817974999978, -7.011466977999987, 0.0 ], [ 110.444815156, -7.011472643, 0.0 ], [ 110.444813828, -7.011475309, 0.0 ], [ 110.444805649999978, -7.011491736999972, 0.0 ], [ 110.444596224, -7.011385362999988, 0.0 ], [ 110.444371605000015, -7.011279221, 0.0 ], [ 110.444142691000025, -7.011194650999983, 0.0 ], [ 110.443992466999987, -7.011166851999974, 0.0 ], [ 110.443732104, -7.011151211000026, 0.0 ], [ 110.443708805000028, -7.01114921300001, 0.0 ], [ 110.443411299, -7.011123697000016, 0.0 ], [ 110.443117373, -7.011096211999984, 0.0 ], [ 110.442783325999983, -7.011023449, 0.0 ], [ 110.442489432, -7.010968827, 0.0 ], [ 110.442021921999981, -7.010832589000017, 0.0 ], [ 110.441391532000011, -7.010623794000026, 0.0 ], [ 110.441282460000025, -7.010591896, 0.0 ], [ 110.440739335999979, -7.010433061000015, 0.0 ], [ 110.440392003999989, -7.010351238, 0.0 ], [ 110.439884328, -7.010205903999974, 0.0 ], [ 110.43866226, -7.00983358000002, 0.0 ], [ 110.438603716999978, -7.009815418000017, 0.0 ], [ 110.436458648999974, -7.009297254999979, 0.0 ], [ 110.435916916, -7.009205082999983, 0.0 ], [ 110.435709057, -7.00916971700002, 0.0 ], [ 110.434795150000014, -7.009222892000025, 0.0 ], [ 110.434381454, -7.009237660999986, 0.0 ], [ 110.434161341999982, -7.009245519, 0.0 ], [ 110.434059803000025, -7.009249144000023, 0.0 ], [ 110.433915548000016, -7.009186480999972, 0.0 ], [ 110.433391605999986, -7.008958882, 0.0 ], [ 110.432688969000026, -7.008605260000024, 0.0 ], [ 110.432621918999985, -7.008605179000028, 0.0 ], [ 110.432575519000011, -7.008605122, 0.0 ], [ 110.432567049999989, -7.008602403, 0.0 ], [ 110.432526966000012, -7.008589534, 0.0 ], [ 110.432518956000024, -7.008586963000027, 0.0 ], [ 110.432467563999978, -7.008505491, 0.0 ], [ 110.432431491999978, -7.008387857, 0.0 ], [ 110.43221859800002, -7.007564453999976, 0.0 ], [ 110.432129622, -7.007162393999977, 0.0 ], [ 110.431973219999975, -7.006455647, 0.0 ], [ 110.431942280999976, -7.006315839000024, 0.0 ], [ 110.431941441999982, -7.006245805999981, 0.0 ], [ 110.431936676000021, -7.005847938999977, 0.0 ], [ 110.431933287, -7.005565048, 0.0 ], [ 110.43203172699998, -7.004877707, 0.0 ], [ 110.432047209000018, -7.004756583000017, 0.0 ], [ 110.432056004, -7.004687779999983, 0.0 ], [ 110.432017277, -7.004660597999987, 0.0 ], [ 110.431934393, -7.004651450999972, 0.0 ], [ 110.43152913199998, -7.004750462, 0.0 ], [ 110.431178585999987, -7.004884671000013, 0.0 ], [ 110.430963878, -7.004966871000022, 0.0 ], [ 110.430727923, -7.004966584999977, 0.0 ], [ 110.430250682, -7.004929826000023, 0.0 ], [ 110.429683786999988, -7.00486582000002, 0.0 ], [ 110.429453540999987, -7.004831498999977, 0.0 ], [ 110.429379445999984, -7.004824677999977, 0.0 ], [ 110.428925736, -7.004753773, 0.0 ], [ 110.428816951999977, -7.004730844, 0.0 ], [ 110.428637465, -7.004701731000011, 0.0 ], [ 110.428284422, -7.004640365, 0.0 ], [ 110.428089055999976, -7.004626377000022, 0.0 ], [ 110.427713622999988, -7.004526251000016, 0.0 ], [ 110.427385085000026, -7.004467222000017, 0.0 ], [ 110.426868984, -7.004232077999973, 0.0 ], [ 110.426701415000025, -7.004100720999986, 0.0 ], [ 110.426664863999974, -7.004075188, 0.0 ], [ 110.426601952, -7.004022752000026, 0.0 ], [ 110.426375310000026, -7.003845088999981, 0.0 ], [ 110.426366389, -7.003839640000024, 0.0 ], [ 110.426357274999987, -7.003830951, 0.0 ], [ 110.426329641999985, -7.003809289, 0.0 ], [ 110.426309913000011, -7.003785794, 0.0 ], [ 110.426242898, -7.003721899000027, 0.0 ], [ 110.425920835999989, -7.003341593000016, 0.0 ], [ 110.425627609, -7.002979415000027, 0.0 ], [ 110.425175232000015, -7.002508494999972, 0.0 ], [ 110.424740257999986, -7.002003370000011, 0.0 ], [ 110.424707384999977, -7.001965193, 0.0 ], [ 110.424678556, -7.001932738999983, 0.0 ], [ 110.424433898000018, -7.001657309999985, 0.0 ], [ 110.424312408999981, -7.00152148, 0.0 ], [ 110.424143905, -7.001320728, 0.0 ], [ 110.423815772000012, -7.000945116000025, 0.0 ], [ 110.42367, -7.00079327200001, 0.0 ], [ 110.423666, -7.000789105000024, 0.0 ], [ 110.42322972300002, -7.000334656, 0.0 ], [ 110.422584959, -6.999753438000027, 0.0 ], [ 110.422436028, -6.999554135999972, 0.0 ], [ 110.422364502999983, -6.999465758999975, 0.0 ], [ 110.422090529, -6.999094556999978, 0.0 ], [ 110.422039324000025, -6.99902326199998, 0.0 ], [ 110.421804426, -6.998696204, 0.0 ], [ 110.421586338999987, -6.998433614000021, 0.0 ], [ 110.421373809999977, -6.998252442000023, 0.0 ], [ 110.421096740999985, -6.998098329000015, 0.0 ], [ 110.421007754000016, -6.998063173999981, 0.0 ], [ 110.420895971, -6.998019011, 0.0 ], [ 110.420880065, -6.998013598, 0.0 ], [ 110.420565366, -6.997916765000014, 0.0 ], [ 110.420075559999987, -6.99775334200001, 0.0 ], [ 110.419664594999972, -6.99766238, 0.0 ], [ 110.41932661200002, -6.997580552999977, 0.0 ], [ 110.419311368000024, -6.997574265000026, 0.0 ], [ 110.419128673999978, -6.997498899, 0.0 ], [ 110.418981364, -6.99742635299998, 0.0 ], [ 110.418708148, -6.997362698000018, 0.0 ], [ 110.418448237, -6.997290013, 0.0 ], [ 110.418344135999973, -6.997280838999984, 0.0 ], [ 110.418268034, -6.997280745000012, 0.0 ], [ 110.418054465000012, -6.997253344, 0.0 ], [ 110.417865784000014, -6.997235019000016, 0.0 ], [ 110.41746638799998, -6.997171208, 0.0 ], [ 110.417162604999987, -6.997116558000016, 0.0 ], [ 110.416999409000027, -6.997080172999972, 0.0 ], [ 110.416640772999983, -6.996998320999978, 0.0 ], [ 110.416264077999983, -6.996880262, 0.0 ], [ 110.415957557000013, -6.996753244, 0.0 ], [ 110.415689500999974, -6.99663532, 0.0 ], [ 110.415655985, -6.996618565, 0.0 ], [ 110.415639, -6.996625, 0.0 ], [ 110.415638, -6.996627, 0.0 ], [ 110.415585, -6.996595001, 0.0 ], [ 110.415460997000025, -6.996521079, 0.0 ], [ 110.415326747, -6.99645396, 0.0 ], [ 110.415180679, -6.996353973999987, 0.0 ], [ 110.415009022, -6.996236472000021, 0.0 ], [ 110.414746658000013, -6.996091418999981, 0.0 ], [ 110.414534386000014, -6.995974059, 0.0 ], [ 110.414511, -6.995959, 0.0 ], [ 110.414447, -6.995918, 0.0 ], [ 110.414153, -6.995751, 0.0 ], [ 110.414095749000012, -6.995731916000011, 0.0 ], [ 110.41409, -6.99573, 0.0 ], [ 110.414029, -6.995736001000012, 0.0 ], [ 110.413852, -6.995809, 0.0 ], [ 110.41360855, -6.995872978000023, 0.0 ], [ 110.413559, -6.995886, 0.0 ], [ 110.413506, -6.995894001000011, 0.0 ], [ 110.412958694, -6.995979659999989, 0.0 ], [ 110.412468954000019, -6.996061445, 0.0 ], [ 110.412115799999981, -6.996111504999988, 0.0 ], [ 110.41178, -6.996164001000011, 0.0 ], [ 110.411695279000014, -6.996166454, 0.0 ], [ 110.411337980999974, -6.99619571400001, 0.0 ], [ 110.410891532, -6.996204201000012, 0.0 ], [ 110.410659837000026, -6.996194866, 0.0 ], [ 110.410592254, -6.996156029000019, 0.0 ], [ 110.410556, -6.996155, 0.0 ], [ 110.410385, -6.996083, 0.0 ], [ 110.409809, -6.995784, 0.0 ], [ 110.409739, -6.995804, 0.0 ], [ 110.409738, -6.995805, 0.0 ], [ 110.409607113999982, -6.995871534, 0.0 ], [ 110.409587413999986, -6.995885975000022, 0.0 ], [ 110.409553947, -6.99589856, 0.0 ], [ 110.409443703000022, -6.995940018, 0.0 ], [ 110.409347675, -6.995976128999985, 0.0 ], [ 110.409000155, -6.996046358, 0.0 ], [ 110.408864, -6.996079, 0.0 ], [ 110.408687123, -6.99608686900001, 0.0 ], [ 110.408440767, -6.996110672999976, 0.0 ], [ 110.408282901, -6.996110477, 0.0 ], [ 110.40827993, -6.996105877, 0.0 ], [ 110.408174, -6.996112, 0.0 ], [ 110.408173, -6.99596, 0.0 ], [ 110.40817051, -6.995949902, 0.0 ], [ 110.408119, -6.995741, 0.0 ], [ 110.40798, -6.995493, 0.0 ], [ 110.407954072, -6.995466581000017, 0.0 ], [ 110.407884441000022, -6.995395630000019, 0.0 ], [ 110.407804070999987, -6.995322916000021, 0.0 ], [ 110.407664770999986, -6.995202377, 0.0 ], [ 110.407401, -6.995011, 0.0 ], [ 110.407062, -6.994737, 0.0 ], [ 110.407050756999979, -6.994722987999978, 0.0 ], [ 110.406994053, -6.994679666000025, 0.0 ], [ 110.406928248999975, -6.994589127999973, 0.0 ], [ 110.406851526000025, -6.994474186, 0.0 ], [ 110.406815, -6.994491, 0.0 ], [ 110.406551, -6.994586001000016, 0.0 ], [ 110.406232999, -6.994733, 0.0 ], [ 110.406026, -6.994876001000023, 0.0 ], [ 110.405999558000019, -6.994904356, 0.0 ], [ 110.405874, -6.995039, 0.0 ], [ 110.40585405500002, -6.995073434, 0.0 ], [ 110.405820549, -6.99511236799998, 0.0 ], [ 110.405600280999977, -6.995464864999974, 0.0 ], [ 110.405559072000017, -6.995520162, 0.0 ], [ 110.405371299000024, -6.995772123999984, 0.0 ], [ 110.40524187, -6.995880505, 0.0 ], [ 110.405136148, -6.995932229, 0.0 ], [ 110.405107, -6.99595100099998, 0.0 ], [ 110.404925, -6.996004, 0.0 ], [ 110.404671, -6.996033, 0.0 ], [ 110.404629022999984, -6.99603109200001, 0.0 ], [ 110.40460936300002, -6.996033478000015, 0.0 ], [ 110.404535523999982, -6.996033387000011, 0.0 ], [ 110.404458017000024, -6.996024240999986, 0.0 ], [ 110.404447945000015, -6.996021141000028, 0.0 ], [ 110.404369501000019, -6.995996994999985, 0.0 ], [ 110.404277291000028, -6.995978784999977, 0.0 ], [ 110.404063420999989, -6.995969469999977, 0.0 ], [ 110.403363419000016, -6.996031268000024, 0.0 ], [ 110.403255331000025, -6.996040811, 0.0 ], [ 110.403034092999974, -6.996040530000016, 0.0 ], [ 110.402940191000027, -6.996034103, 0.0 ], [ 110.402764784, -6.99602209699998, 0.0 ], [ 110.402477061000013, -6.996021730999985, 0.0 ], [ 110.402464324, -6.996023418999982, 0.0 ], [ 110.402274176, -6.99604861, 0.0 ], [ 110.401869423, -6.996140207, 0.0 ], [ 110.401836951, -6.996147555999983, 0.0 ], [ 110.402140652000014, -6.995596166999974, 0.0 ], [ 110.402223573000015, -6.995352045, 0.0 ], [ 110.40227311000001, -6.995107878999988, 0.0 ], [ 110.402390383000011, -6.994547207999972, 0.0 ], [ 110.402559277000023, -6.993660965, 0.0 ], [ 110.402559962999987, -6.993344374, 0.0 ], [ 110.402481576000014, -6.993136228000026, 0.0 ], [ 110.402382222000028, -6.992955193, 0.0 ], [ 110.402372029999981, -6.99273808800001, 0.0 ], [ 110.402376343000014, -6.992683820000025, 0.0 ], [ 110.402403928000012, -6.99234917299998, 0.0 ], [ 110.402488117000019, -6.991996504999975, 0.0 ], [ 110.402509555, -6.991824668, 0.0 ], [ 110.402483588, -6.99155327, 0.0 ], [ 110.402483948, -6.991046724, 0.0 ], [ 110.402476506000028, -6.990892941000027, 0.0 ], [ 110.402475396999989, -6.990874847999976, 0.0 ], [ 110.40246354300001, -6.990630606000025, 0.0 ], [ 110.402469358000019, -6.990060748000019, 0.0 ], [ 110.402485821000027, -6.989572312, 0.0 ], [ 110.402487787999974, -6.989138132, 0.0 ], [ 110.402358661999983, -6.987672599, 0.0 ], [ 110.402248771000018, -6.986433225999974, 0.0 ], [ 110.402195296, -6.984877333999975, 0.0 ], [ 110.402186949999987, -6.984633976999987, 0.0 ], [ 110.402163652000013, -6.983954654, 0.0 ], [ 110.402155637000021, -6.983884666, 0.0 ], [ 110.401833206, -6.981068724000011, 0.0 ], [ 110.402451166, -6.981214236000028, 0.0 ], [ 110.403016539000021, -6.981558681000024, 0.0 ], [ 110.405565422999985, -6.982739939, 0.0 ], [ 110.406308165999974, -6.983084157, 0.0 ], [ 110.406656812999984, -6.983245735000025, 0.0 ], [ 110.40700826, -6.98340899599998, 0.0 ], [ 110.407991039000024, -6.983851992999973, 0.0 ], [ 110.408005705, -6.983858603999977, 0.0 ], [ 110.408013886, -6.98386229099998, 0.0 ], [ 110.408029915999975, -6.983869517000016, 0.0 ], [ 110.408029981000027, -6.983869546, 0.0 ], [ 110.408037826999987, -6.983873083, 0.0 ], [ 110.408050872999979, -6.983878964999974, 0.0 ], [ 110.408054424, -6.983880565, 0.0 ], [ 110.408061971999985, -6.983883967, 0.0 ], [ 110.408077981000019, -6.983891183000026, 0.0 ], [ 110.408080949, -6.983892520999973, 0.0 ], [ 110.408086911999987, -6.983895207999979, 0.0 ], [ 110.408098092999978, -6.983900248, 0.0 ], [ 110.408104981, -6.983903354, 0.0 ], [ 110.408132693000027, -6.983915844000023, 0.0 ], [ 110.408132893000015, -6.983915935000027, 0.0 ], [ 110.408174411, -6.983934649, 0.0 ], [ 110.408194259000027, -6.983943596000017, 0.0 ], [ 110.408317303999979, -6.983999066000024, 0.0 ], [ 110.40841797600001, -6.984044442000027, 0.0 ], [ 110.408537602000024, -6.984098361, 0.0 ], [ 110.408553730999984, -6.984087093000028, 0.0 ], [ 110.409455336, -6.983457294, 0.0 ], [ 110.40949684200001, -6.983336179, 0.0 ], [ 110.40951391599998, -6.983327676999977, 0.0 ], [ 110.409526660999973, -6.983321330000024, 0.0 ], [ 110.409555075000014, -6.983345725999982, 0.0 ], [ 110.409619928999973, -6.983475734000024, 0.0 ], [ 110.409868953, -6.98364116099998, 0.0 ], [ 110.409910930000024, -6.983652039, 0.0 ], [ 110.410015241999986, -6.983639988999983, 0.0 ], [ 110.410030114999984, -6.983661661999975, 0.0 ], [ 110.410025952000012, -6.983741507, 0.0 ], [ 110.410024473000021, -6.983840304000012, 0.0 ], [ 110.410019589, -6.984495341000013, 0.0 ], [ 110.410036562000016, -6.984613798, 0.0 ], [ 110.410037043999978, -6.984617169999979, 0.0 ], [ 110.410084314000017, -6.984728206999989, 0.0 ], [ 110.410130804, -6.98481016300002, 0.0 ], [ 110.411589320000019, -6.985477108999987, 0.0 ], [ 110.413651094999977, -6.986429455, 0.0 ], [ 110.413798999, -6.986474869, 0.0 ], [ 110.414016748999984, -6.986547502, 0.0 ], [ 110.415053823, -6.986829200999978, 0.0 ], [ 110.415479737, -6.986947320000013, 0.0 ], [ 110.417338587000017, -6.987519490000011, 0.0 ], [ 110.417896814000017, -6.987710134, 0.0 ], [ 110.418298059, -6.987873449, 0.0 ], [ 110.419749089, -6.988571741999976, 0.0 ], [ 110.421224443000028, -6.989279108, 0.0 ], [ 110.422118502999979, -6.98968725200001, 0.0 ], [ 110.422359355000026, -6.989841320999972, 0.0 ], [ 110.422527835999972, -6.989488752999989, 0.0 ], [ 110.422651485000017, -6.989244675, 0.0 ], [ 110.422757924999985, -6.989190532, 0.0 ], [ 110.422897976, -6.989181658, 0.0 ], [ 110.422998681000024, -6.989190827000016, 0.0 ], [ 110.423110953, -6.989227148, 0.0 ], [ 110.423691411999982, -6.989517315, 0.0 ], [ 110.424088883000024, -6.989762027999973, 0.0 ], [ 110.423713651000014, -6.990530439999986, 0.0 ], [ 110.423940424000023, -6.990630217999978, 0.0 ], [ 110.424376124, -6.990847843999973, 0.0 ], [ 110.424657183000022, -6.990974823999977, 0.0 ], [ 110.425093177, -6.99118340299998, 0.0 ], [ 110.425377325999989, -6.991328478000014, 0.0 ], [ 110.426002946999972, -6.991643614999987, 0.0 ], [ 110.426673397, -6.991981335, 0.0 ], [ 110.426774059000024, -6.992026685999974, 0.0 ], [ 110.427541996, -6.992398486000013, 0.0 ], [ 110.428067055999975, -6.992652398000018, 0.0 ], [ 110.428838671999983, -6.993024199999979, 0.0 ], [ 110.430045147999977, -6.993613622, 0.0 ], [ 110.430711873, -6.993931022000027, 0.0 ], [ 110.431184369, -6.994139640000014, 0.0 ], [ 110.43145447500001, -6.994203285000026, 0.0 ], [ 110.431984033999981, -6.99424915100002, 0.0 ], [ 110.43220634, -6.994342249, 0.0 ], [ 110.432262402, -6.994365727, 0.0 ], [ 110.432714557999986, -6.994555081999977, 0.0 ], [ 110.432888045000027, -6.994627735, 0.0 ], [ 110.43342536199998, -6.994852751999986, 0.0 ], [ 110.433864668000012, -6.995036726000023, 0.0 ], [ 110.434336148, -6.99523417, 0.0 ], [ 110.435687402999974, -6.995800047999978, 0.0 ], [ 110.437069808999979, -6.996378967999988, 0.0 ], [ 110.437785032000022, -6.996678487, 0.0 ], [ 110.437788782999974, -6.996680323000021, 0.0 ], [ 110.437801907999983, -6.99668555400001, 0.0 ], [ 110.438153003000025, -6.996825485999977, 0.0 ], [ 110.438181385, -6.996837609000011, 0.0 ], [ 110.438181414999974, -6.996837621999987, 0.0 ], [ 110.438558917000023, -6.996998870000027, 0.0 ], [ 110.438577727, -6.997006904999978, 0.0 ], [ 110.438677668000025, -6.997051823, 0.0 ], [ 110.438799695, -6.99710667, 0.0 ], [ 110.43884286399998, -6.997206221999988, 0.0 ], [ 110.438860514, -6.997350972999982, 0.0 ], [ 110.438826279000011, -6.997441177999974, 0.0 ], [ 110.438822768000023, -6.997450429000025, 0.0 ], [ 110.438737888, -6.997529282000016, 0.0 ], [ 110.438676903999976, -6.997585937999986, 0.0 ], [ 110.438532738, -6.997721448, 0.0 ], [ 110.438445033, -6.997850142, 0.0 ], [ 110.438446180000028, -6.997858415999985, 0.0 ], [ 110.438446640999985, -6.997878531000026, 0.0 ], [ 110.438448895000022, -6.997976875, 0.0 ], [ 110.438449225, -6.997991271999979, 0.0 ], [ 110.438449962, -6.998023432000025, 0.0 ], [ 110.438450505, -6.998047131000021, 0.0 ], [ 110.438452837999989, -6.99814892500001, 0.0 ], [ 110.438453069, -6.998158987000011, 0.0 ], [ 110.438455315999988, -6.998257018, 0.0 ], [ 110.438455216000023, -6.998257325999987, 0.0 ], [ 110.438457957000026, -6.998295503, 0.0 ], [ 110.438458356000012, -6.998301055000013, 0.0 ], [ 110.438459598, -6.998318365999978, 0.0 ], [ 110.438472032, -6.998408251, 0.0 ], [ 110.438477582000019, -6.998448376999988, 0.0 ], [ 110.438492135999979, -6.998553588, 0.0 ], [ 110.43856755500002, -6.998653180000019, 0.0 ], [ 110.438683159999982, -6.998743774, 0.0 ], [ 110.439097004000018, -6.999033723000025, 0.0 ], [ 110.439312707, -6.999169665000011, 0.0 ], [ 110.439606911, -6.999432336999973, 0.0 ], [ 110.439907338000012, -6.999695014, 0.0 ], [ 110.440385069, -7.000030267999989, 0.0 ], [ 110.440630961000011, -7.000238608000018, 0.0 ], [ 110.440771483999981, -7.00031114, 0.0 ], [ 110.441498782, -7.000619551, 0.0 ] ] ] ] } }
]
}
